/*
SQLyog Community v11.52 (64 bit)
MySQL - 10.1.32-MariaDB : Database - hospil
*********************************************************************
*/

/*!40101 SET NAMES utf8 */;

/*!40101 SET SQL_MODE=''*/;

/*!40014 SET @OLD_UNIQUE_CHECKS=@@UNIQUE_CHECKS, UNIQUE_CHECKS=0 */;
/*!40014 SET @OLD_FOREIGN_KEY_CHECKS=@@FOREIGN_KEY_CHECKS, FOREIGN_KEY_CHECKS=0 */;
/*!40101 SET @OLD_SQL_MODE=@@SQL_MODE, SQL_MODE='NO_AUTO_VALUE_ON_ZERO' */;
/*!40111 SET @OLD_SQL_NOTES=@@SQL_NOTES, SQL_NOTES=0 */;
CREATE DATABASE /*!32312 IF NOT EXISTS*/`hospil` /*!40100 DEFAULT CHARACTER SET latin1 */;

USE `hospil`;

/*Table structure for table `admin` */

DROP TABLE IF EXISTS `admin`;

CREATE TABLE `admin` (
  `a_id` int(11) NOT NULL AUTO_INCREMENT,
  `role_id` int(11) DEFAULT NULL,
  `a_email_id` varchar(250) DEFAULT NULL,
  `a_username` varchar(250) DEFAULT NULL,
  `a_password` varchar(250) DEFAULT NULL,
  `a_org_password` varchar(250) DEFAULT NULL,
  `a_name` varchar(250) DEFAULT NULL,
  `a_mobile` varchar(250) DEFAULT NULL,
  `a_profile_pic` varchar(250) DEFAULT NULL,
  `a_status` int(11) DEFAULT '0',
  `a_create_at` datetime DEFAULT NULL,
  `a_updated_at` datetime DEFAULT NULL,
  `out_source` int(11) DEFAULT '0',
  `create_by` int(11) DEFAULT NULL,
  PRIMARY KEY (`a_id`)
) ENGINE=InnoDB AUTO_INCREMENT=308 DEFAULT CHARSET=latin1;

/*Data for the table `admin` */

insert  into `admin`(`a_id`,`role_id`,`a_email_id`,`a_username`,`a_password`,`a_org_password`,`a_name`,`a_mobile`,`a_profile_pic`,`a_status`,`a_create_at`,`a_updated_at`,`out_source`,`create_by`) values (1,1,'admin@gmail.com',NULL,'e10adc3949ba59abbe56e057f20f883e','qwerty@123!@#','Admin','8500050944','1541678850.jpg',1,'2018-02-21 11:15:43',NULL,0,NULL),(2,8,'team@gmail.com',NULL,'e10adc3949ba59abbe56e057f20f883e','123456','Software Team','8500050944','1539593777.jpg',1,NULL,NULL,0,NULL),(197,2,'SKR HOSPITAL',NULL,'d73652e485e92342dd8a24fe9fd7f2f6','skrbasha','SKR HOSPITAL','08584244976',NULL,1,'2018-07-16 14:43:17','2018-10-31 15:42:42',0,NULL),(198,6,'skbasha@gmail.com',NULL,'5ff2ade1976f5c4e0b347d6f4a308743','skbasha','S K MAHABOOB BASHA','9440012629',NULL,1,'2018-07-16 15:17:44',NULL,0,NULL),(199,3,'jyothirecp@gmail.com',NULL,'261c9009c551ab7785ff22dc26289313','jyothi','JYOTHI','08584244976',NULL,1,'2018-07-16 15:24:52',NULL,0,NULL),(200,4,'pushpa@gmail.com',NULL,'4fabd1a9048486c0dd4e9ef91197e1a3','pushpa','PUSHPA','08584244976',NULL,1,'2018-07-16 15:28:20',NULL,0,NULL),(201,5,'danalakshmi@gmail.com',NULL,'21413bf454308b3d755d95e33c255610','danalakshmi','DANALAKSHMI','08584244976',NULL,1,'2018-07-16 15:31:20',NULL,0,NULL),(202,5,'lakshmiclinic@gmail.com',NULL,'1eaf7c068a250a38e3bab770053c14c3','lakshmi','LAKSHMI CLINICAL LAB','9985762646',NULL,1,'2018-07-16 15:35:51',NULL,1,1),(203,2,'raghuram7577@gmail.com',NULL,'e10adc3949ba59abbe56e057f20f883e','123456','SUNRISE HOSPITAL','9550232384',NULL,1,'2018-07-18 16:10:56','2018-10-31 14:49:03',0,NULL),(204,2,'sravya@gmail.com',NULL,'e10adc3949ba59abbe56e057f20f883e','123456','BLUEMOON HOSPITAL','9502710179',NULL,1,'2018-07-18 16:11:51','2018-11-05 15:03:52',0,NULL),(205,2,'bhavya@gmail.com',NULL,'e10adc3949ba59abbe56e057f20f883e','123456','BGS HOSPTAL','8023642369',NULL,2,'2018-07-18 16:21:22','2018-11-14 11:51:03',0,NULL),(206,2,'sow@gmail.com',NULL,'e10adc3949ba59abbe56e057f20f883e','123456','BLK HOSPITAL','9502710178',NULL,1,'2018-07-18 16:21:29','2018-11-16 11:56:11',0,NULL),(207,6,'priya@gmail.com',NULL,'e10adc3949ba59abbe56e057f20f883e','123456','Priya','8654123356',NULL,1,'2018-07-18 16:28:45','2018-10-31 15:11:20',0,NULL),(208,6,'prema@gmail.com',NULL,'e10adc3949ba59abbe56e057f20f883e','123456','prema','9502710179',NULL,1,'2018-07-18 16:28:45','2018-11-28 19:06:56',0,NULL),(209,6,'kavya@gmail.com',NULL,'e10adc3949ba59abbe56e057f20f883e','123456','kavya','9852365456',NULL,1,'2018-07-18 16:57:07','2018-12-03 11:25:48',0,NULL),(210,6,'keerthi@gmail.com',NULL,'e10adc3949ba59abbe56e057f20f883e','123456','keerthi','9502710179',NULL,1,'2018-07-18 16:57:24','2018-10-31 15:03:34',0,NULL),(211,6,'prem@gmail.com',NULL,'e10adc3949ba59abbe56e057f20f883e','123456','prem','9502710179',NULL,1,'2018-07-18 17:00:39',NULL,0,NULL),(212,6,'tarun@gmail.com',NULL,'e10adc3949ba59abbe56e057f20f883e','123456','Tarun','85610365655',NULL,2,'2018-07-18 17:00:41',NULL,0,NULL),(213,6,'arun@gmail.com',NULL,'e10adc3949ba59abbe56e057f20f883e','123456','Arun','9502710179',NULL,1,'2018-07-18 17:02:56','2018-11-29 11:19:47',0,NULL),(214,6,'sid@gmail.com',NULL,'e10adc3949ba59abbe56e057f20f883e','123456','Sid','9856324452',NULL,2,'2018-07-18 17:03:01',NULL,0,NULL),(215,3,'reddy@gmail.com',NULL,'e10adc3949ba59abbe56e057f20f883e','123456','sai','9898989898',NULL,1,'2018-07-20 12:40:12','2018-11-19 17:30:30',0,NULL),(216,4,'venu@gmail.com',NULL,'e10adc3949ba59abbe56e057f20f883e','123456','venu','8328579782',NULL,1,'2018-07-20 12:42:17','2018-11-14 15:17:11',0,NULL),(217,5,'raghu@gmail.com',NULL,'e10adc3949ba59abbe56e057f20f883e','123456','RAGHU','9581758358',NULL,1,'2018-07-20 12:43:58','2018-10-15 11:07:58',0,NULL),(218,5,'ramu@gmail.com',NULL,'e10adc3949ba59abbe56e057f20f883e','123456','ramu','9291622365',NULL,1,'2018-07-20 17:05:37',NULL,1,1),(219,9,'ward@gmail.com',NULL,'e10adc3949ba59abbe56e057f20f883e','123456','raghu','9898989787',NULL,1,'2018-07-23 13:20:04',NULL,0,NULL),(220,3,'reddy1@gmail.com',NULL,'e10adc3949ba59abbe56e057f20f883e','123456','reddy','8988888787',NULL,1,'2018-07-23 14:18:19',NULL,0,NULL),(221,3,'recp9@gmail.com',NULL,'e10adc3949ba59abbe56e057f20f883e','123456','recp','8500050944',NULL,1,'2018-07-23 17:04:20','2018-07-23 17:10:12',0,NULL),(222,3,'recp1@gmail.com',NULL,'e10adc3949ba59abbe56e057f20f883e','123456','raghu','7676767676',NULL,2,'2018-07-25 11:45:46',NULL,0,NULL),(223,3,'recp2@gmail.com',NULL,'e10adc3949ba59abbe56e057f20f883e','123456','sai','9898767676',NULL,1,'2018-07-25 11:50:20',NULL,0,NULL),(224,2,'abc@gmail.com',NULL,'e10adc3949ba59abbe56e057f20f883e','123456','Hospital Admin','01234567898',NULL,2,'2018-08-16 17:18:26','2018-09-06 11:24:27',0,NULL),(225,2,'ravi@gmail.com',NULL,'e10adc3949ba59abbe56e057f20f883e','123456','Hospital Admin','1234512345',NULL,2,'2018-08-18 12:42:34','2018-09-10 11:38:59',0,NULL),(226,3,'Devi@gmail.com',NULL,'e10adc3949ba59abbe56e057f20f883e','123456','Devi','1234512345',NULL,1,'2018-08-18 12:54:53',NULL,0,NULL),(227,6,'madu@gmail.com',NULL,'e10adc3949ba59abbe56e057f20f883e','123456','madu','1234512345',NULL,1,'2018-08-18 13:55:16',NULL,0,NULL),(228,2,'hosp@gmail.com',NULL,'e10adc3949ba59abbe56e057f20f883e','123456','Hospital Admin','95502547562',NULL,2,'2018-09-03 12:43:32','2018-10-15 17:10:42',0,NULL),(229,2,'teju@gmail.com',NULL,'e10adc3949ba59abbe56e057f20f883e','123456','MERIDIAN','9999999999',NULL,2,'2018-09-05 11:39:43','2018-11-16 12:04:46',0,NULL),(230,5,'lab@gmail.com',NULL,'e10adc3949ba59abbe56e057f20f883e','123456','james','9874631255',NULL,1,'2018-09-05 12:15:26','2018-11-16 12:28:20',1,1),(231,3,'madhu@gmail.com',NULL,'e10adc3949ba59abbe56e057f20f883e','123456','madhu','99999999999',NULL,2,'2018-09-05 12:21:43','2018-11-16 11:45:19',0,NULL),(232,6,'ashu@gmail.com',NULL,'e10adc3949ba59abbe56e057f20f883e','123456','ashu','99999999999',NULL,2,'2018-09-05 12:22:51',NULL,0,NULL),(233,2,'AMRITHA HOSPITAL',NULL,'e10adc3949ba59abbe56e057f20f883e','123456','AMRITHA HOSPITAL','9550252384',NULL,1,'2018-09-06 10:59:17','2018-10-31 15:40:35',0,NULL),(234,5,'out@gmail.com',NULL,'e10adc3949ba59abbe56e057f20f883e','123456','Kavya','9552025489',NULL,1,'2018-09-06 12:32:14','2018-09-10 15:33:50',1,1),(235,3,'recp@gmail.com',NULL,'e10adc3949ba59abbe56e057f20f883e','123456','Sindhu','9550254454',NULL,1,'2018-09-06 13:26:56','2018-09-06 14:17:28',0,NULL),(236,6,'doc@gmail.com',NULL,'e10adc3949ba59abbe56e057f20f883e','123456','ram','9854512155',NULL,1,'2018-09-06 14:27:09','2018-09-06 14:30:36',0,NULL),(237,4,'karan@gmail.com',NULL,'e10adc3949ba59abbe56e057f20f883e','123456','KARAN','99999999999',NULL,2,'2018-09-21 18:05:07',NULL,0,NULL),(238,9,'renu@gmail.com',NULL,'e10adc3949ba59abbe56e057f20f883e','123456','RENU','99999999999',NULL,1,'2018-09-26 16:25:38',NULL,0,NULL),(239,2,'SRI',NULL,'e10adc3949ba59abbe56e057f20f883e','123456','SRI','9502710179',NULL,1,'2018-10-10 12:39:24','2018-11-14 11:48:19',0,NULL),(240,2,'arya@GMAIL.COM',NULL,'e10adc3949ba59abbe56e057f20f883e','123456','BLK','8787878787',NULL,1,'2018-10-13 11:14:35','2018-11-19 12:46:58',0,NULL),(241,5,'raghu1@gmail.com',NULL,'e10adc3949ba59abbe56e057f20f883e','123456','RAGHU','8799887877',NULL,0,'2018-10-13 11:38:21','2018-10-15 15:32:20',0,NULL),(242,3,'devu@gmail.com',NULL,'e10adc3949ba59abbe56e057f20f883e','123456','DEVU','9562356666',NULL,1,'2018-10-13 12:30:27',NULL,0,NULL),(243,4,'bijumolarya@gmail.com',NULL,'25d55ad283aa400af464c76d713c07ad','12345678','MEENU','9550252384',NULL,1,'2018-10-13 14:11:02','2018-10-13 14:22:45',0,NULL),(244,10,'log@gmail.com',NULL,'e10adc3949ba59abbe56e057f20f883e','123456','RGFD','55463543634',NULL,2,'2018-10-15 15:31:08','2018-10-15 15:33:14',0,NULL),(245,4,'log@gmail.com',NULL,'e10adc3949ba59abbe56e057f20f883e','123456','RGFD','55463543634',NULL,1,'2018-10-15 15:33:49',NULL,0,NULL),(246,2,'FFF',NULL,'e10adc3949ba59abbe56e057f20f883e','123456','FFF','4524120112',NULL,1,'2018-10-15 15:53:28','2018-10-31 15:39:41',0,NULL),(247,3,'kola@gmail.com',NULL,'e10adc3949ba59abbe56e057f20f883e','123456','RGFD','55463543634',NULL,2,'2018-10-15 15:58:53','2018-10-15 16:05:46',0,NULL),(248,2,'aryasatheesan12345@gmail.com',NULL,'e10adc3949ba59abbe56e057f20f883e','123456','REMEDY HOSPIAL','9665545424',NULL,1,'2018-10-16 09:25:31','2018-11-02 15:09:27',0,NULL),(249,5,'inlab@gmail.com',NULL,'e10adc3949ba59abbe56e057f20f883e','123456','KRUPA','6553462525',NULL,1,'2018-10-16 09:43:28',NULL,0,NULL),(250,5,'outlab@gmail.com',NULL,'e10adc3949ba59abbe56e057f20f883e','123456','Madhuri','9525689256',NULL,1,'2018-10-16 09:47:15',NULL,1,1),(251,3,'reception@gmail.com',NULL,'e10adc3949ba59abbe56e057f20f883e','123456','MOUNIKA','9556565665',NULL,1,'2018-10-16 09:56:10',NULL,0,NULL),(252,6,'doctor@gmail.com',NULL,'e10adc3949ba59abbe56e057f20f883e','123456','MANISHA','9562362354',NULL,1,'2018-10-16 09:58:51','2018-11-02 15:13:43',0,NULL),(253,6,'raghu7@gmail.com',NULL,'e10adc3949ba59abbe56e057f20f883e','123456','RAM','9898089998',NULL,1,'2018-10-22 09:38:49',NULL,0,NULL),(254,6,'raghu8@gmail.com',NULL,'e10adc3949ba59abbe56e057f20f883e','123456','RAGHU','98787879878',NULL,1,'2018-10-22 15:22:10','2018-11-19 10:47:10',0,NULL),(255,3,'raghu9@gmail.com',NULL,'e10adc3949ba59abbe56e057f20f883e','123456','RAM','9887757767',NULL,1,'2018-10-22 15:24:09',NULL,0,NULL),(256,2,'kasi@gmail.com',NULL,'e10adc3949ba59abbe56e057f20f883e','123456','KOMA GHGHOSPITAL','6536536666',NULL,1,'2018-10-29 14:15:24','2018-11-05 14:48:31',0,NULL),(257,2,'kaka@gmail.com',NULL,'e10adc3949ba59abbe56e057f20f883e','123456','Hospital Admin','7013319036',NULL,1,'2018-11-06 10:50:50',NULL,0,NULL),(258,2,'rehana@gmail.com',NULL,'e10adc3949ba59abbe56e057f20f883e','123456','Hospital Admin','9502710177',NULL,2,'2018-11-16 12:21:24','2018-11-16 12:22:42',0,NULL),(259,2,'rehana@gmail.com',NULL,'e10adc3949ba59abbe56e057f20f883e','123456','srisowre hospital','9535454622',NULL,1,'2018-11-16 12:24:23','2018-11-19 12:05:41',0,NULL),(260,3,'rec@gmail.com',NULL,'e10adc3949ba59abbe56e057f20f883e','123456','RECEPTION','9852563233',NULL,1,'2018-11-16 12:37:09',NULL,0,NULL),(261,6,'jaanu@gmail.com',NULL,'e10adc3949ba59abbe56e057f20f883e','123456','JAHNAVI','95864823545',NULL,1,'2018-11-16 13:06:31',NULL,0,NULL),(262,4,'madhu@gmail.com',NULL,'e10adc3949ba59abbe56e057f20f883e','123456','MADHURI','9566566546',NULL,1,'2018-11-16 15:28:19',NULL,0,NULL),(263,2,'aryanu@gmail.com',NULL,'e10adc3949ba59abbe56e057f20f883e','123456',NULL,NULL,NULL,1,'2018-11-16 15:40:19','2018-11-16 15:43:29',0,NULL),(264,6,'tripura@gmail.com',NULL,'e10adc3949ba59abbe56e057f20f883e','123456','TRIPURA','9541234567',NULL,2,'2018-11-20 13:12:34','2018-11-20 13:18:41',0,NULL),(265,6,'tripura@gmail.com',NULL,'e10adc3949ba59abbe56e057f20f883e','123456','TRIPURA','5654325655',NULL,2,'2018-11-20 13:20:41','2018-11-20 13:24:18',0,NULL),(266,6,'tripura@gmail.com',NULL,'e10adc3949ba59abbe56e057f20f883e','123456','TRIPURA','9512356222',NULL,1,'2018-11-20 13:26:07','2018-11-29 12:46:24',0,NULL),(267,2,'ank@gmail.com',NULL,'e10adc3949ba59abbe56e057f20f883e','123456','ANKURA HOSPITAL','55665649552',NULL,2,'2018-11-20 15:14:53','2018-11-20 15:28:46',0,NULL),(268,2,'bhavya2@gmail.com',NULL,'e10adc3949ba59abbe56e057f20f883e','123456','Hospital Admin','8584244976',NULL,1,'2018-11-26 15:12:16',NULL,0,NULL),(269,6,'aarav@gmail.com',NULL,'e10adc3949ba59abbe56e057f20f883e','123456','AARAV','9550252384',NULL,1,'2018-11-29 12:42:55',NULL,0,NULL),(270,2,'saradhi@gmail.com',NULL,'e10adc3949ba59abbe56e057f20f883e','123456','Hospital Admin','7842431830',NULL,1,'2018-11-29 20:14:27',NULL,0,NULL),(271,3,'saradhirep@gmail.com',NULL,'e10adc3949ba59abbe56e057f20f883e','123456','RECPTION','9639639632',NULL,1,'2018-11-29 20:20:20',NULL,0,NULL),(272,4,'saradhipharmacy@gmail.com',NULL,'e10adc3949ba59abbe56e057f20f883e','123456','PHARMACY','7417417411',NULL,1,'2018-11-29 20:21:26',NULL,0,NULL),(273,5,'saradhilab@gmail.com',NULL,'e10adc3949ba59abbe56e057f20f883e','123456','LAB','7417414111',NULL,1,'2018-11-29 20:22:14','2018-11-29 21:01:39',0,NULL),(274,6,'saradhidoc@gmail.com',NULL,'e10adc3949ba59abbe56e057f20f883e','123456','SARADHO DOCTOR','9639639363',NULL,1,'2018-11-29 20:23:16',NULL,0,NULL),(275,2,'sravan@gmail.com',NULL,'e10adc3949ba59abbe56e057f20f883e','123456','SRAVAN HOSPITAL','8528528520',NULL,1,'2018-12-02 17:31:37','2018-12-02 17:34:18',0,NULL),(276,3,'sravanrecp@gmail.co',NULL,'e10adc3949ba59abbe56e057f20f883e','123456','SRAVANRECP','12345678990',NULL,1,'2018-12-02 17:41:01',NULL,0,NULL),(277,4,'sravanphar@gmail.com',NULL,'e10adc3949ba59abbe56e057f20f883e','123456','SRAVANPHAR','85285285285',NULL,1,'2018-12-02 17:41:59',NULL,0,NULL),(278,5,'sravanlab@gmail.com',NULL,'e10adc3949ba59abbe56e057f20f883e','123456','SRAVANLAB','74174174100',NULL,1,'2018-12-02 17:42:55',NULL,0,NULL),(279,NULL,NULL,NULL,'d41d8cd98f00b204e9800998ecf8427e',NULL,'',NULL,NULL,1,'2018-12-02 17:48:29',NULL,0,NULL),(280,6,'sravandoc@gmail.com',NULL,'e10adc3949ba59abbe56e057f20f883e','123456','SRAVANDOC','1234567890',NULL,1,'2018-12-02 17:49:40',NULL,0,NULL),(281,10,'nurse@gmail.com',NULL,'e10adc3949ba59abbe56e057f20f883e','123456','A SAIRAGHURAM','09581758358',NULL,1,'2018-12-13 15:02:16',NULL,0,NULL),(282,9,'ward2@gmail.com',NULL,'e10adc3949ba59abbe56e057f20f883e','123456','WARD MANAGEMENT ','8500050944',NULL,1,'2018-12-17 10:46:14',NULL,0,NULL),(283,10,'nurse2@gmail.com',NULL,'e10adc3949ba59abbe56e057f20f883e','123456','NURSE','8500050944',NULL,1,'2018-12-17 10:47:46',NULL,0,NULL),(284,5,'outsourceone@gmail.com',NULL,'e10adc3949ba59abbe56e057f20f883e','123456','outsource one','8500050944',NULL,1,'2019-01-10 10:45:18',NULL,1,203),(294,5,'outsourcethree@gmail.com',NULL,'e10adc3949ba59abbe56e057f20f883e','123456','outsource three','8500050944',NULL,1,'2019-01-10 11:45:54',NULL,1,203),(295,2,'hosp@gmail.com',NULL,'e10adc3949ba59abbe56e057f20f883e','123456','SGR','9550252384',NULL,1,'2019-01-15 19:23:11','2019-01-17 12:46:16',0,NULL),(296,3,'rcp@gmail.com',NULL,'e10adc3949ba59abbe56e057f20f883e','123456','ANU','9541235687',NULL,1,'2019-01-15 19:35:48',NULL,0,NULL),(297,4,'pharm@gmail.com',NULL,'e10adc3949ba59abbe56e057f20f883e','123456','PREETHI','9845612358',NULL,1,'2019-01-15 19:37:31',NULL,0,NULL),(298,5,'jahnavimanchala89@gmail.com',NULL,'e10adc3949ba59abbe56e057f20f883e','123456','AARAV','9874563214',NULL,1,'2019-01-15 19:39:56','2019-01-18 11:01:24',0,NULL),(299,6,'rag@gmail.com',NULL,'e10adc3949ba59abbe56e057f20f883e','123456','RAGHU','9867778697',NULL,1,'2019-01-17 11:02:36','2019-01-17 17:07:25',0,NULL),(300,5,'labco@gmail.com',NULL,'e10adc3949ba59abbe56e057f20f883e','123456','kriti','9541235478',NULL,1,'2019-01-17 14:58:52','2019-01-18 16:37:22',1,295),(301,6,'swathi@gmail.com',NULL,'e10adc3949ba59abbe56e057f20f883e','123456','SWATHI','9521234558',NULL,1,'2019-01-18 14:40:41',NULL,0,NULL),(302,2,'reddemhos@gmail.com',NULL,'e10adc3949ba59abbe56e057f20f883e','123456','Hospital Admin','8500050944',NULL,1,'2019-01-18 21:36:55',NULL,0,NULL),(303,5,'reddemlab@gmail.com',NULL,'e10adc3949ba59abbe56e057f20f883e','123456','REDDEM LAB','8500050944',NULL,1,'2019-01-18 21:39:45',NULL,0,NULL),(304,6,'reddemdoc@gmail.com',NULL,'e10adc3949ba59abbe56e057f20f883e','123456','REDDEMDOC','8500050944',NULL,1,'2019-01-18 21:40:38',NULL,0,NULL),(305,3,'reddemrecp@gmail.com',NULL,'e10adc3949ba59abbe56e057f20f883e','123456','REDDEMRECP','8500050944',NULL,1,'2019-01-18 21:41:28',NULL,0,NULL),(306,4,'reddemphar@gmail.com',NULL,'e10adc3949ba59abbe56e057f20f883e','123456','REDDEMPHAR','8500050944',NULL,1,'2019-01-18 21:42:13',NULL,0,NULL),(307,5,'reddemoutone@gmail.com',NULL,'e10adc3949ba59abbe56e057f20f883e','123456','reddem out source lab','8500050944',NULL,1,'2019-01-18 21:50:25',NULL,1,302);

/*Table structure for table `admin_chating` */

DROP TABLE IF EXISTS `admin_chating`;

CREATE TABLE `admin_chating` (
  `id` int(11) NOT NULL AUTO_INCREMENT,
  `sender_id` int(11) DEFAULT NULL,
  `comments` text,
  `image` varchar(250) DEFAULT NULL,
  `reciver_id` varchar(250) DEFAULT NULL,
  `create_at` datetime DEFAULT NULL,
  `type` enum('Replay','Replayed') DEFAULT NULL,
  `create_by` int(11) DEFAULT NULL,
  PRIMARY KEY (`id`)
) ENGINE=InnoDB AUTO_INCREMENT=7 DEFAULT CHARSET=latin1;

/*Data for the table `admin_chating` */

insert  into `admin_chating`(`id`,`sender_id`,`comments`,`image`,`reciver_id`,`create_at`,`type`,`create_by`) values (1,1,'hi','','67','2018-10-10 13:18:48','Replay',1),(2,1,'Hi ','','70','2018-10-17 11:47:42','Replay',1),(3,1,'hi','','70','2018-10-17 11:48:49','Replayed',248),(4,1,'hello','','61','2018-10-22 14:35:05','Replay',1),(5,203,'hh','','58','2018-11-15 10:40:42','Replayed',203),(6,203,'hlo','','58','2019-01-10 15:00:56','Replayed',203);

/*Table structure for table `admitted_patient_list` */

DROP TABLE IF EXISTS `admitted_patient_list`;

CREATE TABLE `admitted_patient_list` (
  `a_p_id` int(11) unsigned NOT NULL AUTO_INCREMENT,
  `hos_id` int(11) DEFAULT NULL,
  `pt_id` int(11) DEFAULT NULL,
  `bill_id` int(11) DEFAULT NULL,
  `d_id` int(11) DEFAULT NULL,
  `w_name` varchar(250) DEFAULT NULL,
  `w_type` varchar(250) DEFAULT NULL,
  `room_type` varchar(250) DEFAULT NULL,
  `floor_no` varchar(250) DEFAULT NULL,
  `room_no` varchar(250) DEFAULT NULL,
  `bed_no` varchar(250) DEFAULT NULL,
  `status` int(11) DEFAULT '1',
  `date_of_admit` datetime DEFAULT NULL,
  `updated_at` datetime DEFAULT NULL,
  `discharge_date` datetime DEFAULT NULL,
  `completed` int(11) DEFAULT NULL,
  `created_by` int(11) DEFAULT NULL,
  PRIMARY KEY (`a_p_id`)
) ENGINE=MyISAM AUTO_INCREMENT=2 DEFAULT CHARSET=latin1;

/*Data for the table `admitted_patient_list` */

insert  into `admitted_patient_list`(`a_p_id`,`hos_id`,`pt_id`,`bill_id`,`d_id`,`w_name`,`w_type`,`room_type`,`floor_no`,`room_no`,`bed_no`,`status`,`date_of_admit`,`updated_at`,`discharge_date`,`completed`,`created_by`) values (1,58,137,235,0,'1','2','1','1','1',NULL,1,'2018-12-13 14:30:03','2018-12-13 14:33:19',NULL,NULL,160);

/*Table structure for table `announcements` */

DROP TABLE IF EXISTS `announcements`;

CREATE TABLE `announcements` (
  `int_id` int(11) NOT NULL AUTO_INCREMENT,
  `hos_id` int(11) DEFAULT NULL,
  `comment` text,
  `create_at` datetime DEFAULT NULL,
  `status` int(11) DEFAULT '1',
  `sent_by` int(11) DEFAULT NULL,
  `readcount` int(11) DEFAULT '1',
  PRIMARY KEY (`int_id`)
) ENGINE=InnoDB AUTO_INCREMENT=15 DEFAULT CHARSET=latin1;

/*Data for the table `announcements` */

insert  into `announcements`(`int_id`,`hos_id`,`comment`,`create_at`,`status`,`sent_by`,`readcount`) values (1,67,'hi','2018-10-10 13:26:08',1,1,0),(2,58,'hiiii','2018-10-11 12:10:20',1,1,0),(3,58,'hello','2018-10-11 12:27:20',1,1,0),(4,68,'hi','2018-10-13 11:20:40',1,1,0),(5,75,'hol hello','2018-12-02 17:35:46',1,1,1),(6,77,'hol hello','2018-12-02 17:35:46',1,1,1),(7,66,'hol hello','2018-12-02 17:35:46',1,1,1),(8,68,'hol hello','2018-12-02 17:35:46',1,1,1),(9,59,'hol hello','2018-12-02 17:35:46',1,1,1),(10,69,'hol hello','2018-12-02 17:35:46',1,1,1),(11,72,'hol hello','2018-12-02 17:35:46',1,1,1),(12,71,'hol hello','2018-12-02 17:35:46',1,1,1),(13,78,'hol hello','2018-12-02 17:35:46',1,1,1),(14,70,'hol hello','2018-12-02 17:35:46',1,1,1);

/*Table structure for table `appointment_bidding_list` */

DROP TABLE IF EXISTS `appointment_bidding_list`;

CREATE TABLE `appointment_bidding_list` (
  `b_id` int(11) NOT NULL AUTO_INCREMENT,
  `hos_id` int(11) DEFAULT NULL,
  `city` varchar(250) DEFAULT NULL,
  `patinet_name` varchar(250) DEFAULT NULL,
  `age` varchar(45) DEFAULT NULL,
  `mobile` varchar(45) DEFAULT NULL,
  `department` varchar(250) DEFAULT NULL,
  `specialist` varchar(250) DEFAULT NULL,
  `doctor_id` varchar(250) DEFAULT NULL,
  `date` varchar(250) DEFAULT NULL,
  `time` varchar(250) DEFAULT NULL,
  `event_status` int(11) DEFAULT '0',
  `reason` varchar(250) DEFAULT NULL,
  `status` int(11) DEFAULT '0' COMMENT '0=pending;1=accept;2=reject',
  `create_at` datetime DEFAULT NULL,
  `coming_through` int(11) DEFAULT NULL,
  `create_by` int(11) DEFAULT NULL,
  PRIMARY KEY (`b_id`)
) ENGINE=InnoDB AUTO_INCREMENT=373 DEFAULT CHARSET=latin1;

/*Data for the table `appointment_bidding_list` */

insert  into `appointment_bidding_list`(`b_id`,`hos_id`,`city`,`patinet_name`,`age`,`mobile`,`department`,`specialist`,`doctor_id`,`date`,`time`,`event_status`,`reason`,`status`,`create_at`,`coming_through`,`create_by`) values (327,58,'HYDERABAD','SANDHYA','30','9550252384','120','129','207','2018-11-23 ','04:00 pm',0,NULL,1,'2018-11-22 16:38:47',0,16),(328,58,'HYDERABAD','DIVYA','24','9550252384','128','145','209','2018-11-23','04:00 am',0,NULL,0,'2018-11-22 16:45:36',0,16),(329,57,'CHITTOOR','RAGHU','26','8500050944','119','123','198','2018-11-28','10:00',0,NULL,0,'2018-11-27 11:23:03',0,1),(330,58,'HYDERABAD','SIRISHA','20','9550252384','128','145','209','2018-11-30','01:30',0,NULL,0,'2018-11-29 12:40:06',0,16),(331,58,'HYDERABAD','JAHNAVI','21','9550252384','151','156','269','2018-12-03 ','',0,NULL,1,'2018-11-29 12:44:50',0,16),(332,58,'HYDERABAD','test','25','8500050944','138','141','232','2018-10-24','09:30 am',0,NULL,0,'2018-12-03 14:14:03',0,1),(333,58,'HYDERABAD','test','25','8500050944','138','141','232','2018-10-24','09:30 am',0,NULL,0,'2018-12-03 14:16:19',0,1),(334,79,'Hyd','THERULER','21','7013033814','153','158','280','2018-12-20','03:30',0,NULL,0,'2018-12-11 11:26:21',0,44),(335,59,'HYDERABAD','vaasu','26','8500050944','123','130','210','2018-12-21','01:30 pm',0,NULL,0,'2018-12-20 15:12:54',0,41),(336,79,'Hyd','Saradhi Pidugu','25','7842431830','153','158','280','2018-12-21','10:30 am',0,NULL,0,'2018-12-20 19:06:28',0,46),(337,58,'HYDERABAD','VAASUDEVAREDDY','26','8500050944','120','129','207','2018-12-28 ','01:30 pm',0,NULL,1,'2018-12-27 15:00:01',0,47),(338,58,'HYDERABAD','RAGHU','23','9491693481','120','129','207','2018-12-28 ','02:30 pm',0,NULL,1,'2018-12-27 15:14:47',0,48),(339,58,'HYDERABAD','BHUPENDRA','25','8319587562','128','145','209','2018-12-29','01:00 pm',0,NULL,0,'2018-12-27 15:27:40',0,49),(340,58,'HYDERABAD','ANU','24','9502710179','122','131','209','2018-12-29 ','11:30 am',0,NULL,1,'2018-12-27 16:17:36',0,50),(341,58,'HYDERABAD','JAHNAVI','21','9490757628','120','129','207','2019-01-03 ','01:00 pm',0,NULL,1,'2018-12-27 17:05:51',0,51),(342,70,'karimnagar','BHUPENDRA','26','8319587562','143','148','252','2018-12-29','02:30 pm',0,NULL,0,'2018-12-28 06:02:26',0,49),(343,58,'HYDERABAD','JAHNAVI','23','9490757628','151','156','266','2018-12-31','01:00 pm',0,NULL,0,'2018-12-28 11:18:34',0,51),(344,58,'HYDERABAD','SANDHYA','20','9490757628','120','129','207','2018-12-30','12:00 pm',0,NULL,0,'2018-12-28 11:27:24',0,51),(345,79,'Hyd','Wolf','25','9581758358','153','158','280','2018-12-29','10:30 am',0,NULL,0,'2018-12-28 15:18:02',0,7),(346,58,'HYDERABAD','bhupi','25','9581758358','128','145','209','2018-12-29','01:00 pm',0,NULL,0,'2018-12-28 15:19:09',0,7),(347,59,'HYDERABAD','PREETHI','25','9490757628','131','134','210','2019-01-02','11:30 am',0,NULL,0,'2018-12-28 15:31:03',0,51),(348,58,'HYDERABAD','PRIYA','25','9490757628','120','129','207','2018-12-30 ','02:00 pm',0,NULL,1,'2018-12-28 16:39:34',0,51),(349,70,'karimnagar','babu','30','8099999947','142','147','252','2018-12-29','02:30 pm',0,NULL,0,'2018-12-28 21:05:59',0,54),(350,57,'CHITTOOR','abc','30','8099999947','119','123','198','2018-12-29','02:00 pm',0,NULL,0,'2018-12-28 21:10:03',0,54),(351,58,'HYDERABAD','raghu','22','9581758358','137','146','209','2018-12-29','01:00 pm',0,NULL,0,'2018-12-28 21:18:25',0,7),(352,79,'Hyd','babu','30','8099999947','153','158','280','2018-12-29','11:00 am',0,NULL,0,'2018-12-28 22:19:58',0,54),(353,59,'HYDERABAD','acv','30','8099999947','123','130','210','2018-12-30','12:00 pm',0,NULL,0,'2018-12-29 10:38:01',0,54),(354,57,'CHITTOOR','123','30','8099999947','119','123','198','2018-12-30','12:30 pm',0,NULL,0,'2018-12-29 10:39:43',0,54),(355,66,'kphb','123','30','8099999947','139','142','236','2018-12-29','05:30 am',0,NULL,0,'2018-12-29 14:54:31',0,54),(356,70,'karimnagar','aa','30','8099999947','142','147','252','2018-12-29','02:30 pm',0,NULL,0,'2018-12-29 14:56:05',0,54),(357,78,'City','1234','30','8099999947','152','157','274','2018-12-30','11:30 am',0,NULL,0,'2018-12-29 15:52:28',0,54),(358,57,'CHITTOOR','raavi ','47','8099999947','119','123','198','2018-12-30','11:00 am',0,NULL,0,'2018-12-29 16:07:09',0,54),(359,59,'HYDERABAD','abc','30','8099999947','123','130','210','2018-12-30','11:30 am',0,NULL,0,'2018-12-30 11:01:47',0,54),(360,58,'HYDERABAD','12345','29','8099999947','128','145','209','2018-12-30','11:00 am',0,NULL,0,'2018-12-30 12:11:10',0,54),(361,58,'HYDERABAD','RAGHU','23','8328579782','129','132','207','2019-01-01 ','02:30 pm',0,NULL,1,'2018-12-31 09:53:18',0,15),(362,58,'HYDERABAD','raghu','23','9581758358','128','145','209','2018-12-31 ','01:00 pm',0,NULL,1,'2018-12-31 09:56:10',0,7),(363,57,'CHITTOOR','asd','30','8099999947','119','123','198','2018-12-31','11:00 am',0,NULL,0,'2018-12-31 11:06:19',0,54),(364,58,'HYDERABAD','aparna','20','6302875354','151','156','269','2018-12-31 ','04:00 pm',0,NULL,1,'2018-12-31 11:30:17',0,55),(365,58,'HYDERABAD','KRUPA','24','8019531899','122','131','209','2019-01-03 ','02:00 pm',0,NULL,1,'2019-01-02 12:44:41',0,56),(366,70,'karimnagar','AASHA','18','8019531899','143','148','252','2019-01-10 ','01:00 pm',0,NULL,1,'2019-01-02 14:12:26',0,56),(367,58,'HYDERABAD','Rana','25','9676270951','128','145','209','2019-01-31 ','01:00 pm',0,NULL,1,'2019-01-03 16:20:27',0,57),(368,58,'HYDERABAD','rana','23','9676270951','129','132','207','2019-01-04 ','01:30 pm',0,NULL,1,'2019-01-03 17:31:15',0,57),(369,58,'HYDERABAD','12345','30','8099999947','128','145','209','2019-01-03','11:30 am',0,NULL,0,'2019-01-03 19:59:55',0,54),(370,79,'Hyd','123456','30','8099999947','153','158','280','2019-01-03','08:00 am',0,NULL,0,'2019-01-03 20:15:01',0,54),(371,58,'HYDERABAD','neha','22','9113979445','151','156','269','2019-01-24 ','04:30 pm',0,NULL,1,'2019-01-04 10:47:28',0,58),(372,57,'CHITTOOR','kumar','22','9581758358','119','123','198','2019-01-27','02:30 pm',0,NULL,0,'2019-01-04 15:46:13',0,7);

/*Table structure for table `appointment_user_prescription` */

DROP TABLE IF EXISTS `appointment_user_prescription`;

CREATE TABLE `appointment_user_prescription` (
  `a_p_id` int(11) NOT NULL AUTO_INCREMENT,
  `a_u_id` int(11) DEFAULT NULL,
  `hos_id` int(11) DEFAULT NULL,
  `prescription` varchar(250) DEFAULT NULL,
  `name` varchar(250) DEFAULT NULL,
  `created_at` datetime DEFAULT NULL,
  `status` int(11) DEFAULT '1',
  PRIMARY KEY (`a_p_id`)
) ENGINE=InnoDB AUTO_INCREMENT=23 DEFAULT CHARSET=latin1;

/*Data for the table `appointment_user_prescription` */

insert  into `appointment_user_prescription`(`a_p_id`,`a_u_id`,`hos_id`,`prescription`,`name`,`created_at`,`status`) values (1,1,NULL,'0.380666001540470893CopyofWebSite.xlsx',NULL,'2018-10-25 18:04:53',1),(2,1,NULL,'0.078557001540560068HRMS.docx',NULL,'2018-10-26 18:51:08',1),(3,1,NULL,'0.139291001540818236card.png',NULL,'2018-10-29 18:33:56',1),(4,1,NULL,'0.501868001540876591IMG_20181029_134030.jpg',NULL,'2018-10-30 10:46:31',1),(5,7,NULL,'0.339008001540886161IMG-20181030-WA0020.jpg',NULL,'2018-10-30 13:26:01',1),(6,1,57,'0.174099001540903537luxurious_wallpaper.jpg',NULL,'2018-10-30 18:15:37',1),(7,1,58,'0.027230001540904514luxurious_wallpaper.jpg',NULL,'2018-10-30 18:31:54',1),(8,1,58,'0.753109001540943184IMG-20181028-WA0015.jpg',NULL,'2018-10-31 05:16:24',1),(9,1,57,'0.4253780015409587601540958759534.jpg',NULL,'2018-10-31 09:36:00',1),(10,1,57,'0.5246000015409592531540959252947.jpg',NULL,'2018-10-31 09:44:13',1),(11,1,57,'0.489841001540961724Screenshot_2018-10-31-06-09-18-319_com.google.android.youtube.png',NULL,'2018-10-31 10:25:24',1),(12,1,57,'0.2989270015409619011540961900075.jpg',NULL,'2018-10-31 10:28:21',1),(13,1,57,'0.581898001540961914IMG-20181031-WA0004.jpg',NULL,'2018-10-31 10:28:34',1),(14,16,58,'0.947131001540988216Screenshot_2018-10-31-13-52-24-790_com.whatsapp.png',NULL,'2018-10-31 17:46:56',1),(15,16,58,'0.903445001540988302name-of-the-file.ext',NULL,'2018-10-31 17:48:22',1),(16,29,59,'0.8122090015411504260RPza20vwghO5QkgIDcAZk2V3ED.jpg',NULL,'2018-11-02 14:50:26',1),(17,29,59,'0.5277710015411504401541151102414.jpg',NULL,'2018-11-02 14:50:40',1),(18,23,58,'0.6149580015411516481541151646853.jpg',NULL,'2018-11-02 15:10:48',1),(19,29,59,'0.27472700154116336220181102_083417.jpg',NULL,'2018-11-02 18:26:07',1),(20,29,59,'0.295513001541163395Screenshot_20181102-123046_Facebook.jpg',NULL,'2018-11-02 18:26:35',1),(21,33,58,'0.977111001541228380IMG-20181103-WA0013.jpg',NULL,'2018-11-03 12:29:40',1),(22,7,59,'0.2317830015412314771541231476345.jpg',NULL,'2018-11-03 13:21:17',1);

/*Table structure for table `appointment_users` */

DROP TABLE IF EXISTS `appointment_users`;

CREATE TABLE `appointment_users` (
  `a_u_id` int(11) NOT NULL AUTO_INCREMENT,
  `name` varchar(250) DEFAULT NULL,
  `email` varchar(250) DEFAULT NULL,
  `mobile` varchar(45) DEFAULT NULL,
  `password` varchar(250) DEFAULT NULL,
  `org_password` varchar(250) DEFAULT NULL,
  `profile_pic` varchar(250) DEFAULT NULL,
  `status` int(11) DEFAULT '1',
  `create_at` datetime DEFAULT NULL,
  `updated_at` datetime DEFAULT NULL,
  `token` text,
  `wallet_amount` varchar(250) DEFAULT NULL,
  `wallet_amount_id` varchar(250) DEFAULT NULL,
  `remaining_wallet_amount` varchar(250) DEFAULT NULL,
  PRIMARY KEY (`a_u_id`)
) ENGINE=InnoDB AUTO_INCREMENT=60 DEFAULT CHARSET=latin1;

/*Data for the table `appointment_users` */

insert  into `appointment_users`(`a_u_id`,`name`,`email`,`mobile`,`password`,`org_password`,`profile_pic`,`status`,`create_at`,`updated_at`,`token`,`wallet_amount`,`wallet_amount_id`,`remaining_wallet_amount`) values (1,'chinna','vasu@gmail.com','8500050944','fcea920f7412b5da7be0cf42b8c93759','1234567','1541479787.jpg',1,'2018-07-18 12:16:43',NULL,'fR2iNA4K8dU:APA91bEbBev4_CCNftsSqOx-ECIhjnC5Gue5yZ821PoJYroGts-_EjAaoavOTIxqkFmyB8_Hu6JpcoWj19shWHT7KFYLwgjPyiV2g5YMbKuJ82YtKEOlEEWoXffmotaBfWPvHTaPz8EY','2000','5','2000'),(2,'vasu','vasudevareddy549@gmail.com','8500050941','e10adc3949ba59abbe56e057f20f883e','123456',NULL,1,'2018-07-18 12:25:51','2018-10-23 15:57:03',NULL,'2000','5','2000'),(3,'vasu','vasu1@gmail.com','8500050942','e10adc3949ba59abbe56e057f20f883e','123456','',1,'2018-07-18 12:26:28',NULL,NULL,'2000','5','2000'),(4,'vasu reddy','vasu12@gmail.com','8500050943','25d55ad283aa400af464c76d713c07ad','12345678','0.114446001537275767IMG-20180915-WA0001.jpg',1,'2018-07-18 12:26:54',NULL,'12344','2000','5','2000'),(5,'siva kumar','siva@gmail.com','9951041040','25d55ad283aa400af464c76d713c07ad','12345678','0.3981360015326888811532688874666.jpg',1,'2018-07-19 18:06:05',NULL,'cEGYGPy3VyI:APA91bE-j6dF5EVYoZ2-9AxJDO6i3kdQIOTx8zfZ6jAaepgwwMFRGSA_CCbjGbqt16waUQ-0tfHHyWDSuI8i8RiANl734hSrOgtvk2sWuym3pmI1TukPuhTP52G0VaQndbclTzCPeWVyokGD0Zt4B9bB-u2svAtM2A','2000','5','2000'),(6,'ramu k','ramu@gmail.com','9951040423','25d55ad283aa400af464c76d713c07ad','12345678','0.664973001533714075IMG-20180808-WA0005.jpg',1,'2018-07-23 14:16:00',NULL,'null','2000','5','2000'),(7,'raghuram','raghuram7577@gmail.com','9581758358','433e9f75a647687387eb607c821c6fc8','raghu123','0.193455001540896860IMG_20181009_091905.jpg',1,'2018-07-25 15:13:57',NULL,'cRzDWcVKDmU:APA91bH6fHj4iGKhWipT9DzTXsiZksGHoUNv0jULbYc0-wvzrON1LBjlVpU3S5H0ka_833OXhFl4uabHlNZcyOY2NSflileU1fNx5mSpMZ2PAlD6Cr9ouBRDDLuKdudujBBml0DU96EC','2000','5','2000'),(8,'anu','anu.kulkarni3592@gmail.com','9502710179','25d55ad283aa400af464c76d713c07ad','12345678','0.075419001532954487unnamed.jpg',1,'2018-07-30 17:54:38',NULL,'eO-FXOJw0X4:APA91bFFh_3uhRPJBLcnBcS4vOld66iYLD1ZLPmyaVgpBDazsEMh5Rte2Q1SoZnOqRlrWFY2DDdBw5s2FpMJX-GvRMW8dBhR5_sDI-vEC92TCvzgeCJQZdivje8FvySn1IMTridE_uwO','2000','5','2000'),(9,'Babu','babuchwdr@gmail.com','9949905109','25d55ad283aa400af464c76d713c07ad','12345678','',1,'2018-07-30 18:07:20',NULL,'etVdig7Jqe8:APA91bGlkm9qZ9U3UMmSz-PG33Vjo_9VVFOeMi_Z_SyLy-fRGoObHeQo206mxYx7Ulw9G1Y5bF8ifoDt7k8UJCI-zzTvOOBCldIIZnE2TeGJXuK4wymrRzXlL3D6RcCb_s4UxyR9Njy5AvnJhodRi5m2IkEH2Gj92A','2000','5','2000'),(10,'Arya','aryasatheesan12345@gmail.com','9550252384','25d55ad283aa400af464c76d713c07ad','12345678','',1,'2018-08-01 17:06:35',NULL,'f8KVqpIk6P4:APA91bHcK_9NUQsHQfrPIBklWfyzKoyAa1LB885Tphd6zMGzCnqe_IXToTHmVusqQGgDgJUQvzoDOFsbO94UtAuXrWk3qgboaxfFhqMLmAuxZmixl9mZ-hMyWBwcL7K8F6cJeCq3U6Dbpg1ZgMV4PP1arr-L6GK2tw','2000','5','2000'),(11,'username','android@gmail.com','9963852741','6ebe76c9fb411be97b3b0d48b791a7c9','987654321','',1,'2018-08-14 12:50:48',NULL,'cgkcwzzn6Pc:APA91bHpE3RuyMDat2hBp8EAiFqXoZnU0yEOOGpLq7RCs4Pt1k5sc17OEzrvLjtW8uieyNumv0tXD8LsdQ8reDnrJko4DoiOfbv-70yNuzv4nVEv0M_hv6CdVKp1udKyJGD32cLUniptL7beQI0X1kv5VQn5_fbxVQ','2000','5','2000'),(12,'syam','medspacesyam@gmail.com','6309322894','ffe74f7d2de2c06bf38dbe4401d86e27','medspace123','0.0654380015342464131534246412474.jpg',1,'2018-08-14 16:45:32',NULL,'cjP-NyC_pCc:APA91bHX1oG9LVWRiqO_tEut3QEJjrC1BQu_uyO5qJOjJJZ5xsu2xDBkNl9D_6uA9IgY5mczOG7EnpQt0V5iPJK2xZbeSXg50TRlfvgMJc6PTMpvVc4G8ow-lZQkYeGdU6LXqDWLb8BRyuAtwjhHiKf_w0vCulu07Q','2000','5','2000'),(13,'sravan','sravan9907@gmail.com','9963885163','198079b856044e27c1956e91c19de7aa','tinku143@','',1,'2018-08-14 16:48:17',NULL,'epSPLdi6jyk:APA91bEEzNxxbelxTpUqhY74Jx7ydlzzYpsa_K8xVvpM1f-TjNGGJAy6l54w8IUr57gxYUiB3cZ1j3XIfe8cLumCO_c8kxInL5I0sY5qC_DBK-5dgtpsGuUA6gaM253WHldheXM--cLvQPP4XbT5VopFU614vv3jfQ','2000','5','2000'),(14,'Anu','anu@gmail.com','9550252384','fcea920f7412b5da7be0cf42b8c93759','1234567',NULL,1,'2018-10-17 17:09:25','2018-10-19 13:41:17',NULL,'2000','5','2000'),(15,'raghuram','raghuram8328@gmail.com','8328579782','e10adc3949ba59abbe56e057f20f883e','123456',NULL,1,'2018-10-17 17:30:00',NULL,NULL,'2000','5','1400'),(16,'Bhavya','bijumolarya@gmail.com','9550252384','e10adc3949ba59abbe56e057f20f883e','123456','1539935114.jpg',1,'2018-10-19 13:07:18','2018-10-24 10:07:41','eakmsGTKNt8:APA91bHF8iE0uNVAqQgkB54PHyzDVbaQfam3aAXtB8jBhcSFAleSRcoTKibvxPrMlRoJusNs4UHsqsXibPAr3cNIzW7nKNxNCcbZiJmB-p8tLphqzsezyEZlB4I9Qw8CEpQvxuJvlcFZ','2000','5','1932.5'),(17,'bhavya','bhavya@gmail.com','9603306215','e10adc3949ba59abbe56e057f20f883e','123456',NULL,1,'2018-10-23 11:39:59',NULL,NULL,'2000','5','2000'),(18,'Sony','sony@gmail.com','9554554585','e10adc3949ba59abbe56e057f20f883e','123456',NULL,1,'2018-10-23 15:04:01',NULL,NULL,'2000','5','2000'),(19,'mantu','mn2@gmail.com','1431431431','e10adc3949ba59abbe56e057f20f883e','123456','',1,'2018-10-24 18:18:14',NULL,'11','2000','5','2000'),(20,'vasu','vasu12rrrrr@gmail.com','vasu','e10adc3949ba59abbe56e057f20f883e','123456','',1,'2018-10-24 18:30:18',NULL,'11','2000','5','2000'),(21,'mantu','mn2@gmail.in','2222222222','e10adc3949ba59abbe56e057f20f883e','123456','',1,'2018-10-25 11:11:40',NULL,'11','2000','5','2000'),(22,'sahu sahu','sahu@sahu.com','1122334455','670b14728ad9902aecba32e22fa4f6bd','000000','0.568421001540447322FB_IMG_1517001974549.jpg',1,'2018-10-25 11:15:37',NULL,'fR2iNA4K8dU:APA91bEbBev4_CCNftsSqOx-ECIhjnC5Gue5yZ821PoJYroGts-_EjAaoavOTIxqkFmyB8_Hu6JpcoWj19shWHT7KFYLwgjPyiV2g5YMbKuJ82YtKEOlEEWoXffmotaBfWPvHTaPz8EY','2000','5','2000'),(23,'mn2 sahu','abc@gmail.com','8319587562','96e79218965eb72c92a549dd5a330112','111111','0.0758110015408065601540806558777.jpg',1,'2018-10-25 18:55:41',NULL,'cmaMGnzM-XM:APA91bGZO91lDUQy25O7kBnP57gn-2WZDC2neLfn51vt-6nlfyd0lV9mKCcVwsgmj6bHJJQ3xYHwZcLCSHwOnkspimlQouuGrMoN7jGEVsZcCw49uA_AOmMR3fypnuM3g2KNBmMBrkDX','2000','5','2000'),(24,'Babu','babu@gmail.com','7997999067','e10adc3949ba59abbe56e057f20f883e','123456','0.0213720015409486731525847861622.jpg',1,'2018-10-30 22:01:55',NULL,'d3Xf1QCOnl8:APA91bGEnzHAaEf__2yzTboKdymqmQhSTU7IfFr88BCZwaUMnmYLG8X1xz1-0S6hrdcRlbuBrlmJ-6C2SyhxfkK4YdW0K2m-s7LE99G5eloLhtcbhIy6KUGcXdgtOkDIAlGi6pOLB2Ag','2000','5','2000'),(25,'Syam Kumar','syam.miot@gmail.com','7997999108','51a5d13795c2efafac05ed3d2f4248c1','bannubaby','',1,'2018-10-31 12:23:14',NULL,'f8Gsehx4HgA:APA91bH5SKAdv241FEkPGss4BcL1TY6rljLP_s0MrJpTcAjoH7vY60N6_oKM_Llb8J4A2gIGpxAZKj2hT4jChA4ohY4w4-e75Ko9vaWN_dW9V9by1Qq3ua420xm63LDuyJcL2sQ1YV8b','2000','5','2000'),(26,'dev','dev@gmail.com','9949905188','e10adc3949ba59abbe56e057f20f883e','123456','',1,'2018-10-31 18:33:23',NULL,'dH0ksFBS0wU:APA91bGxcikPtGtr5kTH1VyCvrtGUBqRlAs9_0kBirs9NVGX5WxAkNerBOWDW-sxQh-P1RUoXz46228bpnE4dsZz4DNw4CMzQmHFuLp9sPpwx-5WGy87SjQC8Ne4x9bnrblokARzLvQD','2000','5','2000'),(27,'karthik','karthik@gmail.com','7095103103','e10adc3949ba59abbe56e057f20f883e','123456','',1,'2018-11-01 19:12:17',NULL,'dgNJWBtZw1A:APA91bHUokdDttx-XQCCJZVELSzbLhjtdAzqHxQ1tWXPzVic1aUKqAzbvaZwWCPphyfVBoQlVzcGIPBGR0E9pjIrcyDkRBj2E5xpQv7DF0KrxmKkQ3YAP2Mjqz1_i3lFVI3FExS6WVKf','2000','5','2000'),(28,'Shirisha','shri@gmail.com','8019531899','e10adc3949ba59abbe56e057f20f883e','123456','',1,'2018-11-02 13:03:42',NULL,'fZZi2VzJd6Y:APA91bEqw3dSbYeK5dGtoxur0bmZglXzbaBeWl9gj6gd-Y_6TsYnH9gVy0DX-4sET2kg6TK4DUb6y7mcXlf-aQZIsqpQtM_nWywQ6o7WZG-vGOLu54iEcMdgWsZpayRikGFI35I_43DJ','2000','5','2000'),(29,'babu','babuy@gmail.com','7997999105','e10adc3949ba59abbe56e057f20f883e','123456','',1,'2018-11-02 14:44:28',NULL,'cFSrONVftu0:APA91bEtYR6VmbEhdwLSmCz3SyQph9lgTXux0j2KjF5UzU4pzp3rPOGZSs0n6X2Q8a2cn5ZPdi4tQ0KFj_3py8v1Au6lWniG9yQDf2Ffnu-dhk-UDAlBiPwXiKEz7sR6jJWQLkv9b7Ot','2000','5','2000'),(30,'Anupama','anupama@gmail.com','7981094304','e10adc3949ba59abbe56e057f20f883e','123456','',1,'2018-11-02 15:20:28',NULL,'fZZi2VzJd6Y:APA91bEqw3dSbYeK5dGtoxur0bmZglXzbaBeWl9gj6gd-Y_6TsYnH9gVy0DX-4sET2kg6TK4DUb6y7mcXlf-aQZIsqpQtM_nWywQ6o7WZG-vGOLu54iEcMdgWsZpayRikGFI35I_43DJ','2000','5','2000'),(31,'sahu','sahu@gmail.com','1234561234','96e79218965eb72c92a549dd5a330112','111111','',1,'2018-11-02 15:26:13',NULL,'fR2iNA4K8dU:APA91bEbBev4_CCNftsSqOx-ECIhjnC5Gue5yZ821PoJYroGts-_EjAaoavOTIxqkFmyB8_Hu6JpcoWj19shWHT7KFYLwgjPyiV2g5YMbKuJ82YtKEOlEEWoXffmotaBfWPvHTaPz8EY','2000','5','2000'),(33,'pushkar','pushkar.avi@gmail.com','8309324028','e10adc3949ba59abbe56e057f20f883e','123456','',1,'2018-11-02 18:14:33',NULL,'dmYhRWURCFQ:APA91bEgzG-FXeHhBAi36jzXrBmJUlV5j5mAgvNKjRVpUYA06BbI1YK2xgSmyx5puBvj9ok9xWuyc3zO4jCCPXXn8aTvJte8I0QQ-sv1sr9mn6F_d2hsVDVStP0axJh__EmrURlM13nx','2000','5','2000'),(34,'Y.BABU','Ybabu@gmail.com','8099999946','e10adc3949ba59abbe56e057f20f883e','123456','',1,'2018-11-03 08:42:02',NULL,'e28oKTHjDxI:APA91bGDwHIDp-oi67L15RgRNw7Cfuj1aU_Tt8Ctbs15vzDJzONKj1cCbIpYQ7ucDT8CkivhSKz9lM-RIxTlkSwiZ15wZuBtrvUyI0MzNZan-ZB2uN5nOSc19TyqMel4YIXZopQJBmag','2000','5','2000'),(35,'gopal','gopal@gmail.com','9059077790','e10adc3949ba59abbe56e057f20f883e','123456','',1,'2018-11-03 13:10:48',NULL,'dmYhRWURCFQ:APA91bEgzG-FXeHhBAi36jzXrBmJUlV5j5mAgvNKjRVpUYA06BbI1YK2xgSmyx5puBvj9ok9xWuyc3zO4jCCPXXn8aTvJte8I0QQ-sv1sr9mn6F_d2hsVDVStP0axJh__EmrURlM13nx','2000','5','2000'),(36,'balakrishna','karnam.baleu@gmail.com','9603645434','e10adc3949ba59abbe56e057f20f883e','123456','',1,'2018-11-04 18:06:06',NULL,'e28oKTHjDxI:APA91bGDwHIDp-oi67L15RgRNw7Cfuj1aU_Tt8Ctbs15vzDJzONKj1cCbIpYQ7ucDT8CkivhSKz9lM-RIxTlkSwiZ15wZuBtrvUyI0MzNZan-ZB2uN5nOSc19TyqMel4YIXZopQJBmag','2000','5','2000'),(37,'DJ','dj@rock.com','9907449461','96e79218965eb72c92a549dd5a330112','111111','',1,'2018-11-05 10:35:39',NULL,'cRzDWcVKDmU:APA91bH6fHj4iGKhWipT9DzTXsiZksGHoUNv0jULbYc0-wvzrON1LBjlVpU3S5H0ka_833OXhFl4uabHlNZcyOY2NSflileU1fNx5mSpMZ2PAlD6Cr9ouBRDDLuKdudujBBml0DU96EC','2000','5','2000'),(38,'YBabu','Babuc@gmail.com','8099999946','e10adc3949ba59abbe56e057f20f883e','123456',NULL,1,'2018-11-08 18:39:17',NULL,NULL,'2000','5','2000'),(39,'theruler','admin@gmail.com','8106005463','e09c80c42fda55f9d992e59ca6b3307d','aaaaaaaaaa',NULL,1,'2018-11-12 17:09:29',NULL,NULL,'2000','5','2000'),(40,'bayapu','bayapu.edu004@gmail.com','8500226782','e10adc3949ba59abbe56e057f20f883e','123456',NULL,1,'2018-11-14 11:52:14',NULL,NULL,'2000','5','2000'),(41,'vasudeva reddy','hdfghdfgh@gmail.com','8500050944','e10adc3949ba59abbe56e057f20f883e','123456',NULL,1,'2018-11-15 11:16:48',NULL,'ePWSMw1ZA3c:APA91bE9VUjju9ucCwWvT7-R4Z_TUWawiqTg4CLwOa1sKRk3fXk25Lv5UoCo97OAZLVL1LTbvJNQnVvKG1Zkj_ZDBbDZpfl4_d2DjvGbXjVL4XDg1YlvNH8n3txD_oZgbrtHNSVrbULh','2000','5','2000'),(42,'chak','prachatechit@gmail.com','9052217775','28e194c453600d099b3c9de42d5c60dd','Pushkar@123',NULL,1,'2018-11-20 12:56:29',NULL,NULL,'2000','5','2000'),(43,'theruler','sathwiktheruler@gmail.com','8106005463','c44a471bd78cc6c2fea32b9fe028d30a','asdfghjkl',NULL,1,'2018-12-04 18:05:32',NULL,NULL,'2000','5','2000'),(44,'theruler','asdfghjkl@gmail.com','7013033814','c44a471bd78cc6c2fea32b9fe028d30a','asdfghjkl',NULL,1,'2018-12-11 11:21:41',NULL,NULL,'2000','5','2000'),(45,'raghu','raghu@gmail.com','8328757978','e10adc3949ba59abbe56e057f20f883e','123456','',1,'2018-12-19 10:49:29',NULL,'f8M302kQ7Xw:APA91bFZIFttLp2qwKoMvkZgXbk8tOdajySuByrqO-BPdvN8EasidHs-odHiO8iWUuQgM-krqifOB9HJ24u1Xe-1ltBjaEbSqM9RO0rJeDCWWN_cwtvlj1uCGexdSArGKykv4Ju0UUJH','2000','5','2000'),(46,'saradhi','pidugusaradhi@gmail.com','7842431830','eaaa09afb29e4eaf82f5fca420b5048e','saradhi28','',1,'2018-12-20 19:05:14',NULL,'d1j3F0obztQ:APA91bGtLRMufts_zdslCDaoAXvTCD8YqgyF5RXSwzNeMSLj5JhmUVfKklr2rbRiw3_YGnDL_Jh2YQx_UTmr6jH-ldw_ouKbt_PPMdQJXsaNgd3GgFSdJkoEkZs2Gnbu5-lwTxdxj8TD','2000','5','2000'),(47,'vaasudevareddy','vaasudevareddy@gmail.com','8500050944','e10adc3949ba59abbe56e057f20f883e','123456',NULL,1,'2018-12-27 14:59:13',NULL,NULL,'2000','5','2000'),(48,'raghu','raghu2@gmail.com','9491693481','e10adc3949ba59abbe56e057f20f883e','123456',NULL,1,'2018-12-27 15:13:07',NULL,'cmaMGnzM-XM:APA91bGZO91lDUQy25O7kBnP57gn-2WZDC2neLfn51vt-6nlfyd0lV9mKCcVwsgmj6bHJJQ3xYHwZcLCSHwOnkspimlQouuGrMoN7jGEVsZcCw49uA_AOmMR3fypnuM3g2KNBmMBrkDX','2000','5','2000'),(49,'bhupi','bhupi@gmail.com','8319587562','96e79218965eb72c92a549dd5a330112','111111',NULL,1,'2018-12-27 15:25:37',NULL,NULL,'2000','5','2000'),(50,'Anupama','anupama@prachatech.com','9502710179','e10adc3949ba59abbe56e057f20f883e','123456',NULL,1,'2018-12-27 16:14:00',NULL,'fxGdcvEMio0:APA91bE434PGJqCas7tT1z8EeHWeMgkewmD325vGntak5y3Bzj1YuOeAml6qS6msBBTAXm16-1AApODeYP6sx-HnBgVDlLCKNKJL51ECwzugx5JxMJkGR8DzICYwejBieGskfcTi6k1U','2000','5','2000'),(51,'Jahnavi','jahnavimanchala89@gmail.com','9490757628','e10adc3949ba59abbe56e057f20f883e','123456',NULL,1,'2018-12-27 17:01:19',NULL,'fxGdcvEMio0:APA91bE434PGJqCas7tT1z8EeHWeMgkewmD325vGntak5y3Bzj1YuOeAml6qS6msBBTAXm16-1AApODeYP6sx-HnBgVDlLCKNKJL51ECwzugx5JxMJkGR8DzICYwejBieGskfcTi6k1U','2000','5','2000'),(52,'vasu','vasu@gmail.in','1234567899','96e79218965eb72c92a549dd5a330112','111111','',1,'2018-12-27 17:39:27',NULL,'cmaMGnzM-XM:APA91bGZO91lDUQy25O7kBnP57gn-2WZDC2neLfn51vt-6nlfyd0lV9mKCcVwsgmj6bHJJQ3xYHwZcLCSHwOnkspimlQouuGrMoN7jGEVsZcCw49uA_AOmMR3fypnuM3g2KNBmMBrkDX','2000','5','2000'),(53,'raghu','sairaghuram@prachatech.com','9291622365','e10adc3949ba59abbe56e057f20f883e','123456',NULL,1,'2018-12-28 12:35:45',NULL,NULL,'2000','5','2000'),(54,'abc','123@gmail.com','8099999947','e10adc3949ba59abbe56e057f20f883e','123456','',1,'2018-12-28 20:38:49',NULL,'eMszkuekJag:APA91bExsLN0hH3QzgWMZkIgbUbQwQiYKYB1gXP74d-4lGhyrkAG_psAf9wjjr8zVIQaToIa2DVfM5_JG3Wsp0tE2FQZCsBQ3RkgXc9GWqlc-_6eNMihHPLgz8niNPhVo93yaoLesT7f','2000','5','2000'),(55,'Aparana','aparna@gmail.com','6302875354','e10adc3949ba59abbe56e057f20f883e','123456','',1,'2018-12-31 11:15:24',NULL,'cQe3TnUi9C4:APA91bE7mHq5QSI-gjfvL6MDaXEhMB6oSxJ7SG_yjVS277-QH4yXLIwVg1OvCdpHqiNy2tIi2zZjOJ_yfnmYqntu6vv8ggbTzvoQ7h56FXA4AxFovnbFy2BgmPUJr9xl9VKqmSDCtC8F','2000','5','1880'),(56,'krupa','krupa@gmail.com','8019531899','e10adc3949ba59abbe56e057f20f883e','123456',NULL,1,'2019-01-02 12:42:18',NULL,NULL,'5000','3','4710.5'),(57,'rana','rana@gmail.com','9676270951','96e79218965eb72c92a549dd5a330112','111111','0.168910001546520984IMG-20190103-WA0014.jpg',1,'2019-01-03 16:19:54',NULL,'feLaRbdVzZc:APA91bGnYmwoMTQnmP2T5q8cOmdhAd22oTzVSKMtG5BLBTIh_KLHwwA6yRIuhi72tVBpyPHQRfrBdsTk107NlhR2IeZs1zQOMYkZeYnhnmJZdzrP2sXkeyadW6r7aX73q962MXJfY7xy','5000','3','4750'),(58,'anu','sow@gmail.com','9113979445','e10adc3949ba59abbe56e057f20f883e','123456','',1,'2019-01-03 18:09:44',NULL,'eakmsGTKNt8:APA91bHF8iE0uNVAqQgkB54PHyzDVbaQfam3aAXtB8jBhcSFAleSRcoTKibvxPrMlRoJusNs4UHsqsXibPAr3cNIzW7nKNxNCcbZiJmB-p8tLphqzsezyEZlB4I9Qw8CEpQvxuJvlcFZ','5000','3','4087.5'),(59,'sreya','sreya@gmail.com','1234567890','e10adc3949ba59abbe56e057f20f883e','123456','',1,'2019-01-03 18:24:56',NULL,'fxGdcvEMio0:APA91bE434PGJqCas7tT1z8EeHWeMgkewmD325vGntak5y3Bzj1YuOeAml6qS6msBBTAXm16-1AApODeYP6sx-HnBgVDlLCKNKJL51ECwzugx5JxMJkGR8DzICYwejBieGskfcTi6k1U','5000','3','4970');

/*Table structure for table `appointments` */

DROP TABLE IF EXISTS `appointments`;

CREATE TABLE `appointments` (
  `id` int(11) NOT NULL AUTO_INCREMENT,
  `hos_id` int(11) DEFAULT NULL,
  `city` varchar(250) DEFAULT NULL,
  `patinet_name` varchar(250) DEFAULT NULL,
  `age` varchar(250) DEFAULT NULL,
  `mobile` varchar(45) DEFAULT NULL,
  `department` varchar(250) DEFAULT NULL,
  `specialist` varchar(45) DEFAULT NULL,
  `doctor_id` varchar(45) DEFAULT NULL,
  `date` varchar(250) DEFAULT NULL,
  `time` varchar(250) DEFAULT NULL,
  `status` int(11) NOT NULL DEFAULT '0' COMMENT '1= confirm, 0=pending,2 reject',
  `create_at` datetime DEFAULT NULL,
  `create_by` int(11) DEFAULT NULL,
  `coming_through` int(11) DEFAULT NULL,
  `patient_id` int(11) DEFAULT '0',
  `remainder_sent` datetime DEFAULT '0000-00-00 00:00:00',
  `b_id` int(11) DEFAULT NULL,
  PRIMARY KEY (`id`)
) ENGINE=InnoDB AUTO_INCREMENT=147 DEFAULT CHARSET=latin1;

/*Data for the table `appointments` */

insert  into `appointments`(`id`,`hos_id`,`city`,`patinet_name`,`age`,`mobile`,`department`,`specialist`,`doctor_id`,`date`,`time`,`status`,`create_at`,`create_by`,`coming_through`,`patient_id`,`remainder_sent`,`b_id`) values (121,58,'HYDERABAD','RAGHU','23','8328579782','129','132','207','2018-11-28 ','09:00 am',1,'2018-11-22 10:21:26',15,0,0,'2018-11-28 03:02:09',NULL),(122,79,NULL,'SARADHI','25','3213213210','153','158','select','2018-12-13  ','07:30 am',1,'2018-12-02 18:08:08',276,1,0,'2018-12-13 01:32:01',NULL),(123,58,NULL,'CHITTI','26','8500050944','129','132','207','2018-12-03','08:30 am',1,'2018-12-03 12:55:48',215,1,0,'0000-00-00 00:00:00',NULL),(124,58,NULL,'CHITTI 2.0','26','8500050944','130','133','207','2018-12-05  ','03:00 pm',1,'2018-12-03 12:57:14',215,1,0,'2018-12-05 09:03:01',NULL),(125,58,NULL,'CHITTI 2.0','26','8500050944','130','133','207','2018-12-05  ','03:00 pm',1,'2018-12-03 12:59:53',215,1,0,'2018-12-05 09:03:02',NULL),(126,58,NULL,'CHITTI 2.0','25','8500050944','128','145','209','2018-12-03','08:30 am',1,'2018-12-03 13:01:25',215,1,0,'0000-00-00 00:00:00',NULL),(127,58,NULL,'CHITTI 2.0','25','8500050944','128','145','209','2018-12-03','08:30 am',1,'2018-12-03 13:01:47',215,1,0,'0000-00-00 00:00:00',NULL),(128,58,NULL,'CHITTI 2.0','25','8500050944','128','145','209','2018-12-03','08:30 am',1,'2018-12-03 13:01:58',215,1,0,'0000-00-00 00:00:00',NULL),(129,58,'HYDERABAD','VAASUDEVAREDDY','26','8500050944','120','129','207','2018-12-28 ','01:30 pm',1,'2018-12-27 15:01:29',47,0,165,'2018-12-27 15:02:02',337),(130,58,'HYDERABAD','RAGHU','23','9491693481','120','129','207','2018-12-28 ','02:30 pm',1,'2018-12-27 15:19:05',48,0,167,'2018-12-27 15:20:02',338),(131,58,'HYDERABAD','JAHNAVI','21','9490757628','120','129','207','2019-01-03 ','01:00 pm',1,'2018-12-27 17:49:38',51,0,0,'2019-01-03 07:02:02',341),(132,58,'HYDERABAD','JAHNAVI','21','9490757628','120','129','207','2019-01-03 ','01:00 pm',1,'2018-12-27 17:49:39',51,0,168,'0000-00-00 00:00:00',341),(133,58,'HYDERABAD','ANU','24','9502710179','122','131','209','2018-12-29 ','11:30 am',1,'2018-12-27 17:50:20',50,0,0,'2018-12-29 05:33:02',340),(134,58,'HYDERABAD','SANDHYA','30','9550252384','120','129','207','2018-11-23 ','04:00 pm',1,'2018-12-27 17:50:49',16,0,0,'0000-00-00 00:00:00',327),(135,58,'HYDERABAD','SANDHYA','30','9550252384','120','129','207','2018-11-23 ','04:00 pm',1,'2018-12-27 17:50:50',16,0,0,'0000-00-00 00:00:00',327),(136,58,'HYDERABAD','JAHNAVI','21','9550252384','151','156','269','2018-12-03 ','',1,'2018-12-27 18:28:48',16,0,0,'0000-00-00 00:00:00',331),(137,58,'HYDERABAD','PRIYA','25','9490757628','120','129','207','2018-12-30 ','02:00 pm',1,'2018-12-28 16:40:39',51,0,171,'0000-00-00 00:00:00',348),(138,58,'HYDERABAD','RAGHU','23','9581758358','128','145','209','2018-12-31 ','01:00 pm',1,'2018-12-31 10:00:26',7,0,0,'2018-12-31 12:02:03',362),(139,58,'HYDERABAD','APARNA','20','6302875354','151','156','269','2018-12-31 ','04:00 pm',1,'2018-12-31 11:46:49',55,0,172,'0000-00-00 00:00:00',364),(140,58,'HYDERABAD','RAGHU','23','8328579782','129','132','207','2019-01-01 ','02:30 pm',1,'2019-01-02 11:55:26',15,0,175,'0000-00-00 00:00:00',361),(141,58,'HYDERABAD','KRUPA','24','8019531899','122','131','209','2019-01-03 ','02:00 pm',1,'2019-01-02 13:02:37',56,0,177,'0000-00-00 00:00:00',365),(142,70,'KARIMNAGAR','AASHA','18','8019531899','143','148','252','2019-01-10 ','01:00 pm',1,'2019-01-02 14:13:06',56,0,178,'0000-00-00 00:00:00',366),(143,58,'HYDERABAD','RANA','25','9676270951','128','145','209','2019-01-31 ','01:00 pm',1,'2019-01-03 16:21:52',57,0,0,'2019-01-03 16:22:02',367),(144,58,'HYDERABAD','RANA','23','9676270951','129','132','207','2019-01-04 ','01:30 pm',1,'2019-01-03 17:31:59',57,0,180,'2019-01-03 17:32:03',368),(145,58,'HYDERABAD','NEHA','22','9113979445','151','156','269','2019-01-24 ','04:30 pm',1,'2019-01-04 10:49:16',58,0,181,'0000-00-00 00:00:00',371),(146,80,NULL,'ANITHA','25','9550252387','155','159','299','2019-01-20  ','07:30 am',1,'2019-01-17 17:11:56',296,1,192,'0000-00-00 00:00:00',NULL);

/*Table structure for table `bidding_test` */

DROP TABLE IF EXISTS `bidding_test`;

CREATE TABLE `bidding_test` (
  `id` int(11) NOT NULL AUTO_INCREMENT,
  `b_id` int(11) DEFAULT NULL,
  `test_id` int(11) DEFAULT NULL,
  `p_l_t_id` int(11) DEFAULT NULL,
  `lab_id` int(11) DEFAULT NULL,
  `status` int(11) DEFAULT '0' COMMENT '2= accept 3=decline',
  `create_at` datetime DEFAULT NULL,
  `amount` varchar(250) DEFAULT NULL,
  `duration` varchar(250) DEFAULT NULL,
  `send_by` int(11) DEFAULT NULL,
  `create_by` int(11) DEFAULT NULL,
  PRIMARY KEY (`id`)
) ENGINE=InnoDB AUTO_INCREMENT=147 DEFAULT CHARSET=latin1;

/*Data for the table `bidding_test` */

insert  into `bidding_test`(`id`,`b_id`,`test_id`,`p_l_t_id`,`lab_id`,`status`,`create_at`,`amount`,`duration`,`send_by`,`create_by`) values (122,231,118,201,202,1,'2018-07-16 16:40:06',NULL,NULL,NULL,201),(126,243,122,212,234,4,'2018-09-10 16:20:56','200','10 min',234,217),(129,262,122,228,218,2,'2018-10-12 14:57:47','300','15',218,217),(132,262,122,228,218,4,'2018-10-13 13:05:32','150','10',218,217),(134,283,123,274,218,4,'2018-10-15 18:37:07','200','10',218,217),(135,284,160,277,250,4,'2018-10-16 11:21:16','600','5',250,249),(136,284,160,277,250,3,'2018-10-16 11:24:46','','',250,249),(137,284,160,277,250,1,'2018-10-16 17:31:01',NULL,NULL,NULL,249),(139,293,158,287,250,4,'2018-11-16 17:23:50','1000','15',250,217),(140,293,123,286,218,4,'2018-11-20 16:29:02','500','10',218,217),(141,293,158,287,250,4,'2018-11-20 16:29:02','600','10 min',250,217),(143,283,143,271,217,1,'2018-11-20 16:48:19',NULL,NULL,NULL,217),(144,283,143,271,218,3,'2018-11-20 16:48:19','','',218,217),(145,283,143,271,234,1,'2018-11-20 16:48:19',NULL,NULL,NULL,217),(146,282,123,270,218,4,'2018-12-03 10:43:31','200','30',218,217);

/*Table structure for table `billing_history` */

DROP TABLE IF EXISTS `billing_history`;

CREATE TABLE `billing_history` (
  `b_h_id` int(11) NOT NULL AUTO_INCREMENT,
  `hos_id` int(11) DEFAULT NULL,
  `patient_id` int(11) DEFAULT NULL,
  `billing_id` int(11) DEFAULT NULL,
  `card_number` varchar(45) DEFAULT NULL,
  `p_name` varchar(250) DEFAULT NULL,
  `p_mobile` varchar(45) DEFAULT NULL,
  `p_amount` varchar(250) DEFAULT NULL,
  `coupon_code` varchar(250) DEFAULT NULL,
  `pay_amount` varchar(250) DEFAULT NULL,
  `category_type` int(11) DEFAULT NULL,
  `payment_type` int(11) DEFAULT NULL,
  `created_at` timestamp NOT NULL DEFAULT CURRENT_TIMESTAMP ON UPDATE CURRENT_TIMESTAMP,
  `created_by` int(11) DEFAULT NULL,
  PRIMARY KEY (`b_h_id`)
) ENGINE=InnoDB AUTO_INCREMENT=25 DEFAULT CHARSET=latin1;

/*Data for the table `billing_history` */

insert  into `billing_history`(`b_h_id`,`hos_id`,`patient_id`,`billing_id`,`card_number`,`p_name`,`p_mobile`,`p_amount`,`coupon_code`,`pay_amount`,`category_type`,`payment_type`,`created_at`,`created_by`) values (2,58,175,332,'54325234523452345','testing','8500050944','2500','SU58Ip1545820551','2250',2,1,'2018-12-27 12:58:49',NULL),(3,58,175,332,'54325234523452345','testing','8500050944','2500','SU58Ip1545901615','2250',3,2,'2018-12-27 14:38:00',NULL),(4,58,167,321,'450054021010','raghu','9581758358','1000','SU58Ip1545904604 ','850',2,1,'2018-12-27 03:18:30',NULL),(5,58,234567890,0,'2345678900','anu','9876546548','500','SU58Ip1545912048 ','',2,1,'2018-12-27 05:49:50',NULL),(6,58,167,321,'428012345678','raghu','8328579782','1000','SU58Ip1545960861','900',3,1,'2018-12-27 18:35:26',NULL),(7,58,2147483647,0,'9876543456','janu','9894563255','200','SU58Ip1545974281','170',2,1,'2018-12-27 22:24:17',NULL),(8,58,167,321,'42888888786','raghu','8328579782','2000','SU58Ip1545982911','1700',2,1,'2018-12-28 00:43:27',NULL),(9,58,166,320,'505028282855','raghu','9581758358','2000','SU58Lab1545992158','1800',3,1,'2018-12-28 03:21:16',NULL),(10,58,2147483647,0,'7895625855','preethi','6541234578','250','SU58Ip1546247855','212.5',2,1,'2018-12-31 02:19:05',NULL),(11,58,2147483647,0,'12345667889','sweety','7898525455','300','SU58Lab1546248116','270',3,2,'2018-12-31 02:28:41',NULL),(12,58,174,329,'2345678900789','janu','9885235484','200','SU58Ip1546247855','170',2,1,'2018-12-31 03:17:30',NULL),(13,58,177,332,'845123456754','krupa','9874521235','500','SU58Ip1546417410','400',2,1,'2019-01-02 01:31:04',NULL),(14,58,177,332,'845123456754','krupa','9587451235','300','SU58Lab1546418009','255',3,1,'2019-01-02 01:37:53',NULL),(15,70,178,333,'457451656562','aasha','95478521456','350','RE70Ip1546418910','297.5',2,1,'2019-01-02 01:49:20',NULL),(16,70,178,333,'457451656562','aasha','9874512354','600','RE70Lab1546419094','540',3,3,'2019-01-02 01:55:29',NULL),(17,58,179,334,'988787676655','raghu','8787776666','4000','su58lab1546513089','4000',3,1,'2019-01-03 04:06:59',NULL),(18,58,179,334,'9898','raghu','8988909998','4000','su58lab1546514192','4000',3,1,'2019-01-03 04:19:05',NULL),(19,70,179,334,'505026500055','testing','8500050944','2500','RE70Lab1546517699','2250',3,1,'2019-01-03 05:35:32',NULL),(20,58,177,332,'845123456754','sreya','1234567454','200','SU58ip1546520324','160',2,1,'2019-01-03 06:00:30',NULL),(21,58,170,324,'345678954335','janu','9874563214','200','SU58ip1546579624','160',2,1,'2019-01-03 22:34:24',NULL),(22,58,171,326,'505028282855','arya','8412357425','5000','su58lab1546580444','4250',3,1,'2019-01-03 22:41:14',NULL),(23,58,142,309,'451235569651','meenu','9854123754','350','SU58Lab1546583269','297.5',3,2,'2019-01-03 23:28:29',NULL),(24,70,154,292,'41236548895','sandy','9541237894','300','RE70Lab1546581488','270',3,2,'2019-01-03 23:38:29',NULL);

/*Table structure for table `card_numbers` */

DROP TABLE IF EXISTS `card_numbers`;

CREATE TABLE `card_numbers` (
  `c_id` int(11) NOT NULL AUTO_INCREMENT,
  `card_number` varchar(250) DEFAULT NULL,
  `count` varchar(250) DEFAULT NULL,
  `status` int(11) DEFAULT NULL,
  `print_status` int(11) DEFAULT NULL,
  `created_at` datetime DEFAULT NULL,
  `created_by` int(11) DEFAULT NULL,
  `pdf_name` varchar(250) DEFAULT NULL,
  `assign_seller` int(11) DEFAULT '0',
  `updated_at` datetime DEFAULT NULL,
  `cust_name` varchar(250) DEFAULT NULL,
  `mobile` varchar(45) DEFAULT NULL,
  `whatsapp_number` varchar(45) DEFAULT NULL,
  `aadhar_number` varchar(250) DEFAULT NULL,
  `email_id` varchar(250) DEFAULT NULL,
  `gender` varchar(45) DEFAULT NULL,
  `assign_customer` int(11) DEFAULT '0' COMMENT '0=unassign;1=assign',
  `customer_assign_time` datetime DEFAULT NULL,
  PRIMARY KEY (`c_id`)
) ENGINE=InnoDB AUTO_INCREMENT=1124 DEFAULT CHARSET=latin1;

/*Data for the table `card_numbers` */

insert  into `card_numbers`(`c_id`,`card_number`,`count`,`status`,`print_status`,`created_at`,`created_by`,`pdf_name`,`assign_seller`,`updated_at`,`cust_name`,`mobile`,`whatsapp_number`,`aadhar_number`,`email_id`,`gender`,`assign_customer`,`customer_assign_time`) values (1,'450054021000',NULL,1,1,'2018-08-11 18:10:43',0,NULL,NULL,NULL,NULL,NULL,NULL,NULL,NULL,NULL,0,NULL),(94,'450054021001','10',1,1,'2018-08-14 10:37:50',1,'2018_08_14_10_37_50_10_Cardnumbers.pdf',2,'2018-08-18 11:25:57',NULL,NULL,NULL,NULL,NULL,NULL,0,NULL),(95,'450054021002','10',1,1,'2018-08-14 10:37:50',1,'2018_08_14_10_37_50_10_Cardnumbers.pdf',2,'2018-08-18 11:25:57',NULL,NULL,NULL,NULL,NULL,NULL,0,NULL),(96,'450054021003','10',1,1,'2018-08-14 10:37:50',1,'2018_08_14_10_37_50_10_Cardnumbers.pdf',2,'2018-08-18 11:25:57',NULL,NULL,NULL,NULL,NULL,NULL,0,NULL),(97,'450054021004','10',1,1,'2018-08-14 10:37:50',1,'2018_08_14_10_37_50_10_Cardnumbers.pdf',2,'2018-08-18 11:25:57',NULL,NULL,NULL,NULL,NULL,NULL,0,NULL),(98,'450054021005','10',1,1,'2018-08-14 10:37:50',1,'2018_08_14_10_37_50_10_Cardnumbers.pdf',2,'2018-08-18 11:25:57',NULL,NULL,NULL,NULL,NULL,NULL,0,NULL),(99,'450054021006','10',1,1,'2018-08-14 10:37:50',1,'2018_08_14_10_37_50_10_Cardnumbers.pdf',2,'2018-08-18 11:25:57',NULL,NULL,NULL,NULL,NULL,NULL,0,NULL),(100,'450054021007','10',1,1,'2018-08-14 10:37:50',1,'2018_08_14_10_37_50_10_Cardnumbers.pdf',2,'2018-08-18 11:25:57',NULL,NULL,NULL,NULL,NULL,NULL,0,NULL),(101,'450054021008','10',1,1,'2018-08-14 10:37:50',1,'2018_08_14_10_37_50_10_Cardnumbers.pdf',2,'2018-08-18 11:25:57',NULL,NULL,NULL,NULL,NULL,NULL,0,NULL),(102,'450054021009','10',1,1,'2018-08-14 10:37:50',1,'2018_08_14_10_37_50_10_Cardnumbers.pdf',2,'2018-08-18 11:25:57',NULL,NULL,NULL,NULL,NULL,NULL,0,NULL),(103,'450054021010','10',1,1,'2018-08-14 10:37:50',1,'2018_08_14_10_37_50_10_Cardnumbers.pdf',2,'2018-08-18 11:25:57',NULL,NULL,NULL,NULL,NULL,NULL,0,NULL),(104,'450054021011','10',1,1,'2018-08-14 11:00:18',1,'2018_08_14_11_00_18_10_Cardnumbers.pdf',2,'2018-08-18 11:25:57',NULL,NULL,NULL,NULL,NULL,NULL,0,NULL),(105,'450054021012','10',1,1,'2018-08-14 11:00:18',1,'2018_08_14_11_00_18_10_Cardnumbers.pdf',2,'2018-08-18 11:25:57',NULL,NULL,NULL,NULL,NULL,NULL,0,NULL),(106,'450054021013','10',1,1,'2018-08-14 11:00:18',1,'2018_08_14_11_00_18_10_Cardnumbers.pdf',2,'2018-08-18 11:25:57',NULL,NULL,NULL,NULL,NULL,NULL,0,NULL),(107,'450054021014','10',1,1,'2018-08-14 11:00:18',1,'2018_08_14_11_00_18_10_Cardnumbers.pdf',2,'2018-08-18 11:25:57',NULL,NULL,NULL,NULL,NULL,NULL,0,NULL),(108,'450054021015','10',1,1,'2018-08-14 11:00:18',1,'2018_08_14_11_00_18_10_Cardnumbers.pdf',2,'2018-08-18 11:25:57',NULL,NULL,NULL,NULL,NULL,NULL,0,NULL),(109,'450054021016','10',1,1,'2018-08-14 11:00:18',1,'2018_08_14_11_00_18_10_Cardnumbers.pdf',4,'2018-08-21 11:11:22',NULL,NULL,NULL,NULL,NULL,NULL,0,NULL),(110,'450054021017','10',1,1,'2018-08-14 11:00:18',1,'2018_08_14_11_00_18_10_Cardnumbers.pdf',4,'2018-08-21 11:11:22',NULL,NULL,NULL,NULL,NULL,NULL,0,NULL),(111,'450054021018','10',1,1,'2018-08-14 11:00:18',1,'2018_08_14_11_00_18_10_Cardnumbers.pdf',4,'2018-08-21 11:11:22',NULL,NULL,NULL,NULL,NULL,NULL,0,NULL),(112,'450054021019','10',1,1,'2018-08-14 11:00:18',1,'2018_08_14_11_00_18_10_Cardnumbers.pdf',4,'2018-08-21 11:11:22',NULL,NULL,NULL,NULL,NULL,NULL,0,NULL),(113,'450054021020','10',1,1,'2018-08-14 11:00:18',1,'2018_08_14_11_00_18_10_Cardnumbers.pdf',4,'2018-08-21 11:11:22',NULL,NULL,NULL,NULL,NULL,NULL,0,NULL),(114,'450054021021','10',1,1,'2018-08-16 10:47:59',1,'2018_08_16_10_47_59_10_Cardnumbers.pdf',4,'2018-08-21 11:11:22',NULL,NULL,NULL,NULL,NULL,NULL,0,NULL),(115,'450054021022','10',1,1,'2018-08-16 10:47:59',1,'2018_08_16_10_47_59_10_Cardnumbers.pdf',4,'2018-08-21 11:11:22',NULL,NULL,NULL,NULL,NULL,NULL,0,NULL),(116,'450054021023','10',1,1,'2018-08-16 10:47:59',1,'2018_08_16_10_47_59_10_Cardnumbers.pdf',4,'2018-08-21 11:11:22',NULL,NULL,NULL,NULL,NULL,NULL,0,NULL),(117,'450054021024','10',1,1,'2018-08-16 10:47:59',1,'2018_08_16_10_47_59_10_Cardnumbers.pdf',4,'2018-08-21 11:11:22',NULL,NULL,NULL,NULL,NULL,NULL,0,NULL),(118,'450054021025','10',1,1,'2018-08-16 10:47:59',1,'2018_08_16_10_47_59_10_Cardnumbers.pdf',4,'2018-08-21 11:11:22',NULL,NULL,NULL,NULL,NULL,NULL,0,NULL),(119,'450054021026','10',1,1,'2018-08-16 10:47:59',1,'2018_08_16_10_47_59_10_Cardnumbers.pdf',4,'2018-08-21 11:11:22',NULL,NULL,NULL,NULL,NULL,NULL,0,NULL),(120,'450054021027','10',1,1,'2018-08-16 10:47:59',1,'2018_08_16_10_47_59_10_Cardnumbers.pdf',4,'2018-08-21 11:11:22',NULL,NULL,NULL,NULL,NULL,NULL,0,NULL),(121,'450054021028','10',1,1,'2018-08-16 10:47:59',1,'2018_08_16_10_47_59_10_Cardnumbers.pdf',4,'2018-08-21 11:11:22',NULL,NULL,NULL,NULL,NULL,NULL,0,NULL),(122,'450054021029','10',1,1,'2018-08-16 10:47:59',1,'2018_08_16_10_47_59_10_Cardnumbers.pdf',4,'2018-08-21 11:11:22',NULL,NULL,NULL,NULL,NULL,NULL,0,NULL),(123,'450054021030','10',1,1,'2018-08-16 10:47:59',1,'2018_08_16_10_47_59_10_Cardnumbers.pdf',4,'2018-08-21 11:11:22',NULL,NULL,NULL,NULL,NULL,NULL,0,NULL),(124,'450054021031','10',1,1,'2018-08-16 10:53:11',1,'2018_08_16_10_53_11_10_Cardnumbers.pdf',4,'2018-08-21 11:11:22',NULL,NULL,NULL,NULL,NULL,NULL,0,NULL),(125,'450054021032','10',1,1,'2018-08-16 10:53:11',1,'2018_08_16_10_53_11_10_Cardnumbers.pdf',1,'2018-08-18 11:23:50','deepu','9876543210','9876543210','987654321012','deepu@gmail.com','Female',1,'2018-08-22 17:02:50'),(126,'450054021033','10',1,1,'2018-08-16 10:53:11',1,'2018_08_16_10_53_11_10_Cardnumbers.pdf',1,'2018-08-18 11:23:50','teudh','9876543210','9876543210','987698769876','hfhjv@gmail.com','Female',1,'2018-09-19 17:07:22'),(127,'450054021034','10',1,1,'2018-08-16 10:53:11',1,'2018_08_16_10_53_11_10_Cardnumbers.pdf',1,'2018-08-18 11:23:50','ganesh','9638537410','9638527410','987654329876','ganesh@gmail.com','Male',1,'2018-08-21 10:51:47'),(128,'450054021035','10',1,1,'2018-08-16 10:53:11',1,'2018_08_16_10_53_11_10_Cardnumbers.pdf',1,'2018-08-18 11:23:50',NULL,NULL,NULL,NULL,NULL,NULL,0,NULL),(129,'450054021036','10',1,1,'2018-08-16 10:53:11',1,'2018_08_16_10_53_11_10_Cardnumbers.pdf',1,'2018-08-18 11:23:50',NULL,NULL,NULL,NULL,NULL,NULL,0,NULL),(130,'450054021037','10',1,1,'2018-08-16 10:53:11',1,'2018_08_16_10_53_11_10_Cardnumbers.pdf',1,'2018-08-18 11:23:50',NULL,NULL,NULL,NULL,NULL,NULL,0,NULL),(131,'450054021038','10',1,1,'2018-08-16 10:53:11',1,'2018_08_16_10_53_11_10_Cardnumbers.pdf',1,'2018-08-18 11:23:50',NULL,NULL,NULL,NULL,NULL,NULL,0,NULL),(132,'450054021039','10',1,1,'2018-08-16 10:53:11',1,'2018_08_16_10_53_11_10_Cardnumbers.pdf',1,'2018-08-18 11:23:50','raja','9896321470','9896321470','122355869952','raja@gmail.com','Male',1,'2018-08-21 15:36:43'),(133,'450054021040','10',1,1,'2018-08-16 10:53:11',1,'2018_08_16_10_53_11_10_Cardnumbers.pdf',1,'2018-08-18 11:23:50',NULL,NULL,NULL,NULL,NULL,NULL,0,NULL),(134,'450054021041','10',1,1,'2018-08-16 16:03:39',1,'2018_08_16_16_03_39_10_Cardnumbers.pdf',1,'2018-08-18 11:23:50',NULL,NULL,NULL,NULL,NULL,NULL,0,NULL),(135,'450054021042','10',1,1,'2018-08-16 16:03:39',1,'2018_08_16_16_03_39_10_Cardnumbers.pdf',1,'2018-08-18 11:23:50',NULL,NULL,NULL,NULL,NULL,NULL,0,NULL),(136,'450054021043','10',1,1,'2018-08-16 16:03:39',1,'2018_08_16_16_03_39_10_Cardnumbers.pdf',1,'2018-08-18 11:23:50',NULL,NULL,NULL,NULL,NULL,NULL,0,NULL),(137,'450054021044','10',1,1,'2018-08-16 16:03:39',1,'2018_08_16_16_03_39_10_Cardnumbers.pdf',1,'2018-08-18 11:23:50',NULL,NULL,NULL,NULL,NULL,NULL,0,NULL),(138,'450054021045','10',1,1,'2018-08-16 16:03:39',1,'2018_08_16_16_03_39_10_Cardnumbers.pdf',1,'2018-08-18 11:23:50',NULL,NULL,NULL,NULL,NULL,NULL,0,NULL),(139,'450054021046','10',1,1,'2018-08-16 16:03:39',1,'2018_08_16_16_03_39_10_Cardnumbers.pdf',1,'2018-08-18 11:23:50',NULL,NULL,NULL,NULL,NULL,NULL,0,NULL),(140,'450054021047','10',1,1,'2018-08-16 16:03:39',1,'2018_08_16_16_03_39_10_Cardnumbers.pdf',1,'2018-08-18 11:23:50',NULL,NULL,NULL,NULL,NULL,NULL,0,NULL),(141,'450054021048','10',1,1,'2018-08-16 16:03:39',1,'2018_08_16_16_03_39_10_Cardnumbers.pdf',1,'2018-08-18 11:23:50',NULL,NULL,NULL,NULL,NULL,NULL,0,NULL),(142,'450054021049','10',1,1,'2018-08-16 16:03:39',1,'2018_08_16_16_03_39_10_Cardnumbers.pdf',1,'2018-08-18 11:23:50',NULL,NULL,NULL,NULL,NULL,NULL,0,NULL),(143,'450054021050','10',1,1,'2018-08-16 16:03:39',1,'2018_08_16_16_03_39_10_Cardnumbers.pdf',1,'2018-08-18 11:23:50',NULL,NULL,NULL,NULL,NULL,NULL,0,NULL),(144,'450054021051','10',1,1,'2018-08-16 16:45:48',1,'2018_08_16_16_45_48_10_Cardnumbers.pdf',1,'2018-08-18 11:23:50',NULL,NULL,NULL,NULL,NULL,NULL,0,NULL),(145,'450054021052','10',1,1,'2018-08-16 16:45:48',1,'2018_08_16_16_45_48_10_Cardnumbers.pdf',1,'2018-08-18 11:23:50',NULL,NULL,NULL,NULL,NULL,NULL,0,NULL),(146,'450054021053','10',1,1,'2018-08-16 16:45:48',1,'2018_08_16_16_45_48_10_Cardnumbers.pdf',1,'2018-08-18 11:23:50',NULL,NULL,NULL,NULL,NULL,NULL,0,NULL),(147,'450054021054','10',1,1,'2018-08-16 16:45:48',1,'2018_08_16_16_45_48_10_Cardnumbers.pdf',1,'2018-08-18 11:23:50',NULL,NULL,NULL,NULL,NULL,NULL,0,NULL),(148,'450054021055','10',1,1,'2018-08-16 16:45:48',1,'2018_08_16_16_45_48_10_Cardnumbers.pdf',1,'2018-08-18 11:23:50',NULL,NULL,NULL,NULL,NULL,NULL,0,NULL),(149,'450054021056','10',1,1,'2018-08-16 16:45:48',1,'2018_08_16_16_45_48_10_Cardnumbers.pdf',1,'2018-08-18 11:23:50',NULL,NULL,NULL,NULL,NULL,NULL,0,NULL),(150,'450054021057','10',1,1,'2018-08-16 16:45:48',1,'2018_08_16_16_45_48_10_Cardnumbers.pdf',1,'2018-08-18 11:23:50',NULL,NULL,NULL,NULL,NULL,NULL,0,NULL),(151,'450054021058','10',1,1,'2018-08-16 16:45:48',1,'2018_08_16_16_45_48_10_Cardnumbers.pdf',1,'2018-08-18 11:23:50',NULL,NULL,NULL,NULL,NULL,NULL,0,NULL),(152,'450054021059','10',1,1,'2018-08-16 16:45:48',1,'2018_08_16_16_45_48_10_Cardnumbers.pdf',1,'2018-08-18 11:23:50',NULL,NULL,NULL,NULL,NULL,NULL,0,NULL),(153,'450054021060','10',1,1,'2018-08-16 16:45:48',1,'2018_08_16_16_45_48_10_Cardnumbers.pdf',1,'2018-08-18 11:23:50',NULL,NULL,NULL,NULL,NULL,NULL,0,NULL),(154,'450054021061','10',1,1,'2018-08-17 12:43:10',1,'2018_08_17_12_43_10_10_Cardnumbers.pdf',1,'2018-08-18 11:23:50',NULL,NULL,NULL,NULL,NULL,NULL,0,NULL),(155,'450054021062','10',1,1,'2018-08-17 12:43:10',1,'2018_08_17_12_43_10_10_Cardnumbers.pdf',1,'2018-08-18 11:23:50',NULL,NULL,NULL,NULL,NULL,NULL,0,NULL),(156,'450054021063','10',1,1,'2018-08-17 12:43:10',1,'2018_08_17_12_43_10_10_Cardnumbers.pdf',1,'2018-08-18 11:23:50',NULL,NULL,NULL,NULL,NULL,NULL,0,NULL),(157,'450054021064','10',1,1,'2018-08-17 12:43:10',1,'2018_08_17_12_43_10_10_Cardnumbers.pdf',1,'2018-08-18 11:23:50',NULL,NULL,NULL,NULL,NULL,NULL,0,NULL),(158,'450054021065','10',1,1,'2018-08-17 12:43:10',1,'2018_08_17_12_43_10_10_Cardnumbers.pdf',1,'2018-08-18 11:23:50',NULL,NULL,NULL,NULL,NULL,NULL,0,NULL),(159,'450054021066','10',1,1,'2018-08-17 12:43:10',1,'2018_08_17_12_43_10_10_Cardnumbers.pdf',1,'2018-08-18 11:23:50',NULL,NULL,NULL,NULL,NULL,NULL,0,NULL),(160,'450054021067','10',1,1,'2018-08-17 12:43:10',1,'2018_08_17_12_43_10_10_Cardnumbers.pdf',4,'2018-08-21 11:11:22',NULL,NULL,NULL,NULL,NULL,NULL,0,NULL),(161,'450054021068','10',1,1,'2018-08-17 12:43:10',1,'2018_08_17_12_43_10_10_Cardnumbers.pdf',4,'2018-08-21 11:11:22',NULL,NULL,NULL,NULL,NULL,NULL,0,NULL),(162,'450054021069','10',1,1,'2018-08-17 12:43:10',1,'2018_08_17_12_43_10_10_Cardnumbers.pdf',4,'2018-08-21 11:11:22',NULL,NULL,NULL,NULL,NULL,NULL,0,NULL),(163,'450054021070','10',1,1,'2018-08-17 12:43:10',1,'2018_08_17_12_43_10_10_Cardnumbers.pdf',4,'2018-08-21 11:11:22',NULL,NULL,NULL,NULL,NULL,NULL,0,NULL),(164,'450054021071','10',1,1,'2018-08-17 12:49:22',1,'2018_08_17_12_49_22_10_Cardnumbers.pdf',4,'2018-08-21 11:11:22',NULL,NULL,NULL,NULL,NULL,NULL,0,NULL),(165,'450054021072','10',1,1,'2018-08-17 12:49:22',1,'2018_08_17_12_49_22_10_Cardnumbers.pdf',4,'2018-08-21 11:11:22',NULL,NULL,NULL,NULL,NULL,NULL,0,NULL),(166,'450054021073','10',1,1,'2018-08-17 12:49:22',1,'2018_08_17_12_49_22_10_Cardnumbers.pdf',4,'2018-08-21 11:11:22',NULL,NULL,NULL,NULL,NULL,NULL,0,NULL),(167,'450054021074','10',1,1,'2018-08-17 12:49:22',1,'2018_08_17_12_49_22_10_Cardnumbers.pdf',4,'2018-08-21 11:11:22',NULL,NULL,NULL,NULL,NULL,NULL,0,NULL),(168,'450054021075','10',1,1,'2018-08-17 12:49:22',1,'2018_08_17_12_49_22_10_Cardnumbers.pdf',4,'2018-08-21 11:11:22',NULL,NULL,NULL,NULL,NULL,NULL,0,NULL),(169,'450054021076','10',1,1,'2018-08-17 12:49:22',1,'2018_08_17_12_49_22_10_Cardnumbers.pdf',4,'2018-08-21 11:11:22',NULL,NULL,NULL,NULL,NULL,NULL,0,NULL),(170,'450054021077','10',1,1,'2018-08-17 12:49:22',1,'2018_08_17_12_49_22_10_Cardnumbers.pdf',4,'2018-08-21 11:11:22',NULL,NULL,NULL,NULL,NULL,NULL,0,NULL),(171,'450054021078','10',1,1,'2018-08-17 12:49:22',1,'2018_08_17_12_49_22_10_Cardnumbers.pdf',4,'2018-08-21 11:11:22',NULL,NULL,NULL,NULL,NULL,NULL,0,NULL),(172,'450054021079','10',1,1,'2018-08-17 12:49:22',1,'2018_08_17_12_49_22_10_Cardnumbers.pdf',4,'2018-08-21 11:11:22',NULL,NULL,NULL,NULL,NULL,NULL,0,NULL),(173,'450054021080','10',1,1,'2018-08-17 12:49:22',1,'2018_08_17_12_49_22_10_Cardnumbers.pdf',4,'2018-08-21 11:11:22',NULL,NULL,NULL,NULL,NULL,NULL,0,NULL),(174,'450054021081','10',1,1,'2018-08-17 12:49:29',1,'2018_08_17_12_49_29_10_Cardnumbers.pdf',5,'2018-08-21 11:27:10','raghuram','9581758358','9581758358','597146569026','raghuram7577@gmail.com','Male',1,'2018-09-23 10:28:31'),(175,'450054021082','10',1,1,'2018-08-17 12:49:29',1,'2018_08_17_12_49_29_10_Cardnumbers.pdf',5,'2018-08-21 11:27:10','Sai','9501758350','9581758358','597146569026','raghu@gmail.com','Male',1,'2018-08-22 17:08:54'),(176,'450054021083','10',1,1,'2018-08-17 12:49:29',1,'2018_08_17_12_49_29_10_Cardnumbers.pdf',5,'2018-08-21 11:27:10',NULL,NULL,NULL,NULL,NULL,NULL,0,NULL),(177,'450054021084','10',1,1,'2018-08-17 12:49:29',1,'2018_08_17_12_49_29_10_Cardnumbers.pdf',5,'2018-08-21 11:27:10',NULL,NULL,NULL,NULL,NULL,NULL,0,NULL),(178,'450054021085','10',1,1,'2018-08-17 12:49:29',1,'2018_08_17_12_49_29_10_Cardnumbers.pdf',5,'2018-08-21 11:27:10',NULL,NULL,NULL,NULL,NULL,NULL,0,NULL),(179,'450054021086','10',1,1,'2018-08-17 12:49:29',1,'2018_08_17_12_49_29_10_Cardnumbers.pdf',5,'2018-08-21 11:27:10',NULL,NULL,NULL,NULL,NULL,NULL,0,NULL),(180,'450054021087','10',1,1,'2018-08-17 12:49:29',1,'2018_08_17_12_49_29_10_Cardnumbers.pdf',5,'2018-08-21 11:27:10',NULL,NULL,NULL,NULL,NULL,NULL,0,NULL),(181,'450054021088','10',1,1,'2018-08-17 12:49:29',1,'2018_08_17_12_49_29_10_Cardnumbers.pdf',5,'2018-08-21 11:27:10',NULL,NULL,NULL,NULL,NULL,NULL,0,NULL),(182,'450054021089','10',1,1,'2018-08-17 12:49:29',1,'2018_08_17_12_49_29_10_Cardnumbers.pdf',5,'2018-08-21 11:27:10',NULL,NULL,NULL,NULL,NULL,NULL,0,NULL),(183,'450054021090','10',1,1,'2018-08-17 12:49:29',1,'2018_08_17_12_49_29_10_Cardnumbers.pdf',5,'2018-08-21 11:27:10',NULL,NULL,NULL,NULL,NULL,NULL,0,NULL),(184,'450054021091','20',1,1,'2018-08-17 12:51:34',1,'2018_08_17_12_51_34_20_Cardnumbers.pdf',5,'2018-08-21 11:27:10',NULL,NULL,NULL,NULL,NULL,NULL,0,NULL),(185,'450054021092','20',1,1,'2018-08-17 12:51:34',1,'2018_08_17_12_51_34_20_Cardnumbers.pdf',5,'2018-08-21 11:27:10',NULL,NULL,NULL,NULL,NULL,NULL,0,NULL),(186,'450054021093','20',1,1,'2018-08-17 12:51:34',1,'2018_08_17_12_51_34_20_Cardnumbers.pdf',5,'2018-08-21 11:27:10',NULL,NULL,NULL,NULL,NULL,NULL,0,NULL),(187,'450054021094','20',1,1,'2018-08-17 12:51:34',1,'2018_08_17_12_51_34_20_Cardnumbers.pdf',5,'2018-08-21 11:27:10',NULL,NULL,NULL,NULL,NULL,NULL,0,NULL),(188,'450054021095','20',1,1,'2018-08-17 12:51:34',1,'2018_08_17_12_51_34_20_Cardnumbers.pdf',5,'2018-08-21 11:27:10',NULL,NULL,NULL,NULL,NULL,NULL,0,NULL),(189,'450054021096','20',1,1,'2018-08-17 12:51:34',1,'2018_08_17_12_51_34_20_Cardnumbers.pdf',5,'2018-08-21 11:27:10',NULL,NULL,NULL,NULL,NULL,NULL,0,NULL),(190,'450054021097','20',1,1,'2018-08-17 12:51:34',1,'2018_08_17_12_51_34_20_Cardnumbers.pdf',5,'2018-08-21 11:27:10',NULL,NULL,NULL,NULL,NULL,NULL,0,NULL),(191,'450054021098','20',1,1,'2018-08-17 12:51:34',1,'2018_08_17_12_51_34_20_Cardnumbers.pdf',5,'2018-08-21 11:27:10',NULL,NULL,NULL,NULL,NULL,NULL,0,NULL),(192,'450054021099','20',1,1,'2018-08-17 12:51:34',1,'2018_08_17_12_51_34_20_Cardnumbers.pdf',5,'2018-08-21 11:27:10',NULL,NULL,NULL,NULL,NULL,NULL,0,NULL),(193,'450054021100','20',1,1,'2018-08-17 12:51:34',1,'2018_08_17_12_51_34_20_Cardnumbers.pdf',5,'2018-08-21 11:27:10',NULL,NULL,NULL,NULL,NULL,NULL,0,NULL),(194,'450054021101','20',1,1,'2018-08-17 12:51:34',1,'2018_08_17_12_51_34_20_Cardnumbers.pdf',6,'2018-08-22 17:41:51',NULL,NULL,NULL,NULL,NULL,NULL,0,NULL),(195,'450054021102','20',1,1,'2018-08-17 12:51:34',1,'2018_08_17_12_51_34_20_Cardnumbers.pdf',6,'2018-08-22 17:41:51',NULL,NULL,NULL,NULL,NULL,NULL,0,NULL),(196,'450054021103','20',1,1,'2018-08-17 12:51:34',1,'2018_08_17_12_51_34_20_Cardnumbers.pdf',6,'2018-08-22 17:41:51',NULL,NULL,NULL,NULL,NULL,NULL,0,NULL),(197,'450054021104','20',1,1,'2018-08-17 12:51:34',1,'2018_08_17_12_51_34_20_Cardnumbers.pdf',6,'2018-08-22 17:41:51',NULL,NULL,NULL,NULL,NULL,NULL,0,NULL),(198,'450054021105','20',1,1,'2018-08-17 12:51:34',1,'2018_08_17_12_51_34_20_Cardnumbers.pdf',6,'2018-08-22 17:41:51',NULL,NULL,NULL,NULL,NULL,NULL,0,NULL),(199,'450054021106','20',1,1,'2018-08-17 12:51:34',1,'2018_08_17_12_51_34_20_Cardnumbers.pdf',6,'2018-08-22 17:41:51',NULL,NULL,NULL,NULL,NULL,NULL,0,NULL),(200,'450054021107','20',1,1,'2018-08-17 12:51:34',1,'2018_08_17_12_51_34_20_Cardnumbers.pdf',6,'2018-08-22 17:41:51',NULL,NULL,NULL,NULL,NULL,NULL,0,NULL),(201,'450054021108','20',1,1,'2018-08-17 12:51:34',1,'2018_08_17_12_51_34_20_Cardnumbers.pdf',6,'2018-08-22 17:41:51',NULL,NULL,NULL,NULL,NULL,NULL,0,NULL),(202,'450054021109','20',1,1,'2018-08-17 12:51:34',1,'2018_08_17_12_51_34_20_Cardnumbers.pdf',6,'2018-08-22 17:41:51',NULL,NULL,NULL,NULL,NULL,NULL,0,NULL),(203,'450054021110','20',1,1,'2018-08-17 12:51:34',1,'2018_08_17_12_51_34_20_Cardnumbers.pdf',6,'2018-08-22 17:41:51',NULL,NULL,NULL,NULL,NULL,NULL,0,NULL),(204,'450054021111','10',1,1,'2018-08-18 10:28:01',1,'2018_08_18_10_28_01_10_Cardnumbers.pdf',6,'2018-08-22 17:41:51',NULL,NULL,NULL,NULL,NULL,NULL,0,NULL),(205,'450054021112','10',1,1,'2018-08-18 10:28:01',1,'2018_08_18_10_28_01_10_Cardnumbers.pdf',6,'2018-08-22 17:41:51',NULL,NULL,NULL,NULL,NULL,NULL,0,NULL),(206,'450054021113','10',1,1,'2018-08-18 10:28:01',1,'2018_08_18_10_28_01_10_Cardnumbers.pdf',6,'2018-08-22 17:41:51',NULL,NULL,NULL,NULL,NULL,NULL,0,NULL),(207,'450054021114','10',1,1,'2018-08-18 10:28:01',1,'2018_08_18_10_28_01_10_Cardnumbers.pdf',6,'2018-08-22 17:41:51',NULL,NULL,NULL,NULL,NULL,NULL,0,NULL),(208,'450054021115','10',1,1,'2018-08-18 10:28:01',1,'2018_08_18_10_28_01_10_Cardnumbers.pdf',6,'2018-08-22 17:41:51',NULL,NULL,NULL,NULL,NULL,NULL,0,NULL),(209,'450054021116','10',1,1,'2018-08-18 10:28:01',1,'2018_08_18_10_28_01_10_Cardnumbers.pdf',6,'2018-08-22 17:41:51',NULL,NULL,NULL,NULL,NULL,NULL,0,NULL),(210,'450054021117','10',1,1,'2018-08-18 10:28:01',1,'2018_08_18_10_28_01_10_Cardnumbers.pdf',6,'2018-08-22 17:41:51',NULL,NULL,NULL,NULL,NULL,NULL,0,NULL),(211,'450054021118','10',1,1,'2018-08-18 10:28:01',1,'2018_08_18_10_28_01_10_Cardnumbers.pdf',6,'2018-08-22 17:41:51',NULL,NULL,NULL,NULL,NULL,NULL,0,NULL),(212,'450054021119','10',1,1,'2018-08-18 10:28:01',1,'2018_08_18_10_28_01_10_Cardnumbers.pdf',6,'2018-08-22 17:41:51',NULL,NULL,NULL,NULL,NULL,NULL,0,NULL),(213,'450054021120','10',1,1,'2018-08-18 10:28:01',1,'2018_08_18_10_28_01_10_Cardnumbers.pdf',6,'2018-08-22 17:41:51',NULL,NULL,NULL,NULL,NULL,NULL,0,NULL),(214,'450054021121','10',1,1,'2018-08-18 17:06:27',1,'2018_08_18_17_06_27_10_Cardnumbers.pdf',6,'2018-08-22 17:41:51',NULL,NULL,NULL,NULL,NULL,NULL,0,NULL),(215,'450054021122','10',1,1,'2018-08-18 17:06:27',1,'2018_08_18_17_06_27_10_Cardnumbers.pdf',6,'2018-08-22 17:41:51',NULL,NULL,NULL,NULL,NULL,NULL,0,NULL),(216,'450054021123','10',1,1,'2018-08-18 17:06:27',1,'2018_08_18_17_06_27_10_Cardnumbers.pdf',6,'2018-08-22 17:41:51',NULL,NULL,NULL,NULL,NULL,NULL,0,NULL),(217,'450054021124','10',1,1,'2018-08-18 17:06:27',1,'2018_08_18_17_06_27_10_Cardnumbers.pdf',6,'2018-08-22 17:41:51',NULL,NULL,NULL,NULL,NULL,NULL,0,NULL),(218,'450054021125','10',1,1,'2018-08-18 17:06:27',1,'2018_08_18_17_06_27_10_Cardnumbers.pdf',6,'2018-08-22 17:41:51',NULL,NULL,NULL,NULL,NULL,NULL,0,NULL),(219,'450054021126','10',1,1,'2018-08-18 17:06:27',1,'2018_08_18_17_06_27_10_Cardnumbers.pdf',6,'2018-08-22 17:41:51',NULL,NULL,NULL,NULL,NULL,NULL,0,NULL),(220,'450054021127','10',1,1,'2018-08-18 17:06:27',1,'2018_08_18_17_06_27_10_Cardnumbers.pdf',6,'2018-08-22 17:41:51',NULL,NULL,NULL,NULL,NULL,NULL,0,NULL),(221,'450054021128','10',1,1,'2018-08-18 17:06:27',1,'2018_08_18_17_06_27_10_Cardnumbers.pdf',6,'2018-08-22 17:41:51',NULL,NULL,NULL,NULL,NULL,NULL,0,NULL),(222,'450054021129','10',1,1,'2018-08-18 17:06:27',1,'2018_08_18_17_06_27_10_Cardnumbers.pdf',6,'2018-08-22 17:41:51',NULL,NULL,NULL,NULL,NULL,NULL,0,NULL),(223,'450054021130','10',1,1,'2018-08-18 17:06:27',1,'2018_08_18_17_06_27_10_Cardnumbers.pdf',6,'2018-08-22 17:41:51',NULL,NULL,NULL,NULL,NULL,NULL,0,NULL),(224,'450054021131','10',1,1,'2018-08-20 17:00:55',1,'2018_08_20_17_00_55_10_Cardnumbers.pdf',6,'2018-08-22 17:41:51',NULL,NULL,NULL,NULL,NULL,NULL,0,NULL),(225,'450054021132','10',1,1,'2018-08-20 17:00:55',1,'2018_08_20_17_00_55_10_Cardnumbers.pdf',6,'2018-08-22 17:41:51',NULL,NULL,NULL,NULL,NULL,NULL,0,NULL),(226,'450054021133','10',1,1,'2018-08-20 17:00:55',1,'2018_08_20_17_00_55_10_Cardnumbers.pdf',6,'2018-08-22 17:41:51',NULL,NULL,NULL,NULL,NULL,NULL,0,NULL),(227,'450054021134','10',1,1,'2018-08-20 17:00:55',1,'2018_08_20_17_00_55_10_Cardnumbers.pdf',6,'2018-08-22 17:41:51',NULL,NULL,NULL,NULL,NULL,NULL,0,NULL),(228,'450054021135','10',1,1,'2018-08-20 17:00:55',1,'2018_08_20_17_00_55_10_Cardnumbers.pdf',6,'2018-08-22 17:41:51',NULL,NULL,NULL,NULL,NULL,NULL,0,NULL),(229,'450054021136','10',1,1,'2018-08-20 17:00:55',1,'2018_08_20_17_00_55_10_Cardnumbers.pdf',6,'2018-08-22 17:41:51',NULL,NULL,NULL,NULL,NULL,NULL,0,NULL),(230,'450054021137','10',1,1,'2018-08-20 17:00:55',1,'2018_08_20_17_00_55_10_Cardnumbers.pdf',6,'2018-08-22 17:41:51',NULL,NULL,NULL,NULL,NULL,NULL,0,NULL),(231,'450054021138','10',1,1,'2018-08-20 17:00:55',1,'2018_08_20_17_00_55_10_Cardnumbers.pdf',6,'2018-08-22 17:41:51',NULL,NULL,NULL,NULL,NULL,NULL,0,NULL),(232,'450054021139','10',1,1,'2018-08-20 17:00:55',1,'2018_08_20_17_00_55_10_Cardnumbers.pdf',6,'2018-08-22 17:41:51',NULL,NULL,NULL,NULL,NULL,NULL,0,NULL),(233,'450054021140','10',1,1,'2018-08-20 17:00:55',1,'2018_08_20_17_00_55_10_Cardnumbers.pdf',6,'2018-08-22 17:41:51',NULL,NULL,NULL,NULL,NULL,NULL,0,NULL),(234,'450054021141','10',1,1,'2018-08-20 17:03:54',1,'2018_08_20_17_03_54_10_Cardnumbers.pdf',6,'2018-08-22 17:41:51',NULL,NULL,NULL,NULL,NULL,NULL,0,NULL),(235,'450054021142','10',1,1,'2018-08-20 17:03:54',1,'2018_08_20_17_03_54_10_Cardnumbers.pdf',6,'2018-08-22 17:41:51',NULL,NULL,NULL,NULL,NULL,NULL,0,NULL),(236,'450054021143','10',1,1,'2018-08-20 17:03:54',1,'2018_08_20_17_03_54_10_Cardnumbers.pdf',6,'2018-08-22 17:41:51',NULL,NULL,NULL,NULL,NULL,NULL,0,NULL),(237,'450054021144','10',1,1,'2018-08-20 17:03:54',1,'2018_08_20_17_03_54_10_Cardnumbers.pdf',6,'2018-08-22 17:41:51',NULL,NULL,NULL,NULL,NULL,NULL,0,NULL),(238,'450054021145','10',1,1,'2018-08-20 17:03:54',1,'2018_08_20_17_03_54_10_Cardnumbers.pdf',6,'2018-08-22 17:41:51',NULL,NULL,NULL,NULL,NULL,NULL,0,NULL),(239,'450054021146','10',1,1,'2018-08-20 17:03:54',1,'2018_08_20_17_03_54_10_Cardnumbers.pdf',6,'2018-08-22 17:41:51',NULL,NULL,NULL,NULL,NULL,NULL,0,NULL),(240,'450054021147','10',1,1,'2018-08-20 17:03:54',1,'2018_08_20_17_03_54_10_Cardnumbers.pdf',6,'2018-08-22 17:41:51',NULL,NULL,NULL,NULL,NULL,NULL,0,NULL),(241,'450054021148','10',1,1,'2018-08-20 17:03:54',1,'2018_08_20_17_03_54_10_Cardnumbers.pdf',6,'2018-08-22 17:41:51',NULL,NULL,NULL,NULL,NULL,NULL,0,NULL),(242,'450054021149','10',1,1,'2018-08-20 17:03:54',1,'2018_08_20_17_03_54_10_Cardnumbers.pdf',6,'2018-08-22 17:41:51',NULL,NULL,NULL,NULL,NULL,NULL,0,NULL),(243,'450054021150','10',1,1,'2018-08-20 17:03:54',1,'2018_08_20_17_03_54_10_Cardnumbers.pdf',6,'2018-08-22 17:41:51',NULL,NULL,NULL,NULL,NULL,NULL,0,NULL),(244,'450054021151','10',1,1,'2018-08-20 17:06:47',1,'2018_08_20_17_06_47_10_Cardnumbers.pdf',6,'2018-08-22 17:41:51',NULL,NULL,NULL,NULL,NULL,NULL,0,NULL),(245,'450054021152','10',1,1,'2018-08-20 17:06:47',1,'2018_08_20_17_06_47_10_Cardnumbers.pdf',6,'2018-08-22 17:41:51',NULL,NULL,NULL,NULL,NULL,NULL,0,NULL),(246,'450054021153','10',1,1,'2018-08-20 17:06:47',1,'2018_08_20_17_06_47_10_Cardnumbers.pdf',6,'2018-08-22 17:41:51',NULL,NULL,NULL,NULL,NULL,NULL,0,NULL),(247,'450054021154','10',1,1,'2018-08-20 17:06:48',1,'2018_08_20_17_06_47_10_Cardnumbers.pdf',6,'2018-08-22 17:41:51',NULL,NULL,NULL,NULL,NULL,NULL,0,NULL),(248,'450054021155','10',1,1,'2018-08-20 17:06:48',1,'2018_08_20_17_06_47_10_Cardnumbers.pdf',6,'2018-08-22 17:41:51',NULL,NULL,NULL,NULL,NULL,NULL,0,NULL),(249,'450054021156','10',1,1,'2018-08-20 17:06:48',1,'2018_08_20_17_06_47_10_Cardnumbers.pdf',6,'2018-08-22 17:41:51',NULL,NULL,NULL,NULL,NULL,NULL,0,NULL),(250,'450054021157','10',1,1,'2018-08-20 17:06:48',1,'2018_08_20_17_06_47_10_Cardnumbers.pdf',6,'2018-08-22 17:41:51',NULL,NULL,NULL,NULL,NULL,NULL,0,NULL),(251,'450054021158','10',1,1,'2018-08-20 17:06:48',1,'2018_08_20_17_06_47_10_Cardnumbers.pdf',6,'2018-08-22 17:41:51',NULL,NULL,NULL,NULL,NULL,NULL,0,NULL),(252,'450054021159','10',1,1,'2018-08-20 17:06:48',1,'2018_08_20_17_06_47_10_Cardnumbers.pdf',6,'2018-08-22 17:41:51',NULL,NULL,NULL,NULL,NULL,NULL,0,NULL),(253,'450054021160','10',1,1,'2018-08-20 17:06:48',1,'2018_08_20_17_06_47_10_Cardnumbers.pdf',6,'2018-08-22 17:41:51',NULL,NULL,NULL,NULL,NULL,NULL,0,NULL),(254,'450054021161','10',1,1,'2018-08-20 17:11:16',1,'2018_08_20_17_11_16_10_Cardnumbers.pdf',6,'2018-08-22 17:41:51',NULL,NULL,NULL,NULL,NULL,NULL,0,NULL),(255,'450054021162','10',1,1,'2018-08-20 17:11:16',1,'2018_08_20_17_11_16_10_Cardnumbers.pdf',6,'2018-08-22 17:41:51',NULL,NULL,NULL,NULL,NULL,NULL,0,NULL),(256,'450054021163','10',1,1,'2018-08-20 17:11:16',1,'2018_08_20_17_11_16_10_Cardnumbers.pdf',6,'2018-08-22 17:41:51',NULL,NULL,NULL,NULL,NULL,NULL,0,NULL),(257,'450054021164','10',1,1,'2018-08-20 17:11:16',1,'2018_08_20_17_11_16_10_Cardnumbers.pdf',6,'2018-08-22 17:41:51',NULL,NULL,NULL,NULL,NULL,NULL,0,NULL),(258,'450054021165','10',1,1,'2018-08-20 17:11:16',1,'2018_08_20_17_11_16_10_Cardnumbers.pdf',6,'2018-08-22 17:41:51',NULL,NULL,NULL,NULL,NULL,NULL,0,NULL),(259,'450054021166','10',1,1,'2018-08-20 17:11:16',1,'2018_08_20_17_11_16_10_Cardnumbers.pdf',6,'2018-08-22 17:41:51',NULL,NULL,NULL,NULL,NULL,NULL,0,NULL),(260,'450054021167','10',1,1,'2018-08-20 17:11:16',1,'2018_08_20_17_11_16_10_Cardnumbers.pdf',6,'2018-08-22 17:41:51',NULL,NULL,NULL,NULL,NULL,NULL,0,NULL),(261,'450054021168','10',1,1,'2018-08-20 17:11:16',1,'2018_08_20_17_11_16_10_Cardnumbers.pdf',6,'2018-08-22 17:41:51',NULL,NULL,NULL,NULL,NULL,NULL,0,NULL),(262,'450054021169','10',1,1,'2018-08-20 17:11:16',1,'2018_08_20_17_11_16_10_Cardnumbers.pdf',6,'2018-08-22 17:41:51',NULL,NULL,NULL,NULL,NULL,NULL,0,NULL),(263,'450054021170','10',1,1,'2018-08-20 17:11:16',1,'2018_08_20_17_11_16_10_Cardnumbers.pdf',6,'2018-08-22 17:41:51',NULL,NULL,NULL,NULL,NULL,NULL,0,NULL),(264,'450054021171','10',1,1,'2018-08-20 17:24:38',1,'2018_08_20_17_24_38_10_Cardnumbers.pdf',6,'2018-08-22 17:41:51',NULL,NULL,NULL,NULL,NULL,NULL,0,NULL),(265,'450054021172','10',1,1,'2018-08-20 17:24:38',1,'2018_08_20_17_24_38_10_Cardnumbers.pdf',6,'2018-08-22 17:41:51',NULL,NULL,NULL,NULL,NULL,NULL,0,NULL),(266,'450054021173','10',1,1,'2018-08-20 17:24:38',1,'2018_08_20_17_24_38_10_Cardnumbers.pdf',6,'2018-08-22 17:41:51',NULL,NULL,NULL,NULL,NULL,NULL,0,NULL),(267,'450054021174','10',1,1,'2018-08-20 17:24:38',1,'2018_08_20_17_24_38_10_Cardnumbers.pdf',6,'2018-08-22 17:41:51',NULL,NULL,NULL,NULL,NULL,NULL,0,NULL),(268,'450054021175','10',1,1,'2018-08-20 17:24:38',1,'2018_08_20_17_24_38_10_Cardnumbers.pdf',6,'2018-08-22 17:41:51',NULL,NULL,NULL,NULL,NULL,NULL,0,NULL),(269,'450054021176','10',1,1,'2018-08-20 17:24:38',1,'2018_08_20_17_24_38_10_Cardnumbers.pdf',6,'2018-08-22 17:41:51',NULL,NULL,NULL,NULL,NULL,NULL,0,NULL),(270,'450054021177','10',1,1,'2018-08-20 17:24:38',1,'2018_08_20_17_24_38_10_Cardnumbers.pdf',6,'2018-08-22 17:41:51',NULL,NULL,NULL,NULL,NULL,NULL,0,NULL),(271,'450054021178','10',1,1,'2018-08-20 17:24:38',1,'2018_08_20_17_24_38_10_Cardnumbers.pdf',6,'2018-08-22 17:41:51',NULL,NULL,NULL,NULL,NULL,NULL,0,NULL),(272,'450054021179','10',1,1,'2018-08-20 17:24:38',1,'2018_08_20_17_24_38_10_Cardnumbers.pdf',6,'2018-08-22 17:41:51',NULL,NULL,NULL,NULL,NULL,NULL,0,NULL),(273,'450054021180','10',1,1,'2018-08-20 17:24:38',1,'2018_08_20_17_24_38_10_Cardnumbers.pdf',6,'2018-08-22 17:41:51',NULL,NULL,NULL,NULL,NULL,NULL,0,NULL),(274,'450054021181','10',1,1,'2018-08-20 17:30:15',1,'2018_08_20_17_30_15_10_Cardnumbers.pdf',6,'2018-08-22 17:41:51',NULL,NULL,NULL,NULL,NULL,NULL,0,NULL),(275,'450054021182','10',1,1,'2018-08-20 17:30:15',1,'2018_08_20_17_30_15_10_Cardnumbers.pdf',6,'2018-08-22 17:41:51',NULL,NULL,NULL,NULL,NULL,NULL,0,NULL),(276,'450054021183','10',1,1,'2018-08-20 17:30:15',1,'2018_08_20_17_30_15_10_Cardnumbers.pdf',6,'2018-08-22 17:41:51',NULL,NULL,NULL,NULL,NULL,NULL,0,NULL),(277,'450054021184','10',1,1,'2018-08-20 17:30:15',1,'2018_08_20_17_30_15_10_Cardnumbers.pdf',6,'2018-08-22 17:41:51',NULL,NULL,NULL,NULL,NULL,NULL,0,NULL),(278,'450054021185','10',1,1,'2018-08-20 17:30:15',1,'2018_08_20_17_30_15_10_Cardnumbers.pdf',6,'2018-08-22 17:41:51',NULL,NULL,NULL,NULL,NULL,NULL,0,NULL),(279,'450054021186','10',1,1,'2018-08-20 17:30:15',1,'2018_08_20_17_30_15_10_Cardnumbers.pdf',6,'2018-08-22 17:41:51',NULL,NULL,NULL,NULL,NULL,NULL,0,NULL),(280,'450054021187','10',1,1,'2018-08-20 17:30:15',1,'2018_08_20_17_30_15_10_Cardnumbers.pdf',6,'2018-08-22 17:41:51',NULL,NULL,NULL,NULL,NULL,NULL,0,NULL),(281,'450054021188','10',1,1,'2018-08-20 17:30:15',1,'2018_08_20_17_30_15_10_Cardnumbers.pdf',6,'2018-08-22 17:41:51',NULL,NULL,NULL,NULL,NULL,NULL,0,NULL),(282,'450054021189','10',1,1,'2018-08-20 17:30:15',1,'2018_08_20_17_30_15_10_Cardnumbers.pdf',6,'2018-08-22 17:41:51',NULL,NULL,NULL,NULL,NULL,NULL,0,NULL),(283,'450054021190','10',1,1,'2018-08-20 17:30:15',1,'2018_08_20_17_30_15_10_Cardnumbers.pdf',6,'2018-08-22 17:41:51',NULL,NULL,NULL,NULL,NULL,NULL,0,NULL),(284,'450054021191','10',1,1,'2018-08-20 17:33:28',1,'2018_08_20_17_33_28_10_Cardnumbers.pdf',6,'2018-08-22 17:41:51',NULL,NULL,NULL,NULL,NULL,NULL,0,NULL),(285,'450054021192','10',1,1,'2018-08-20 17:33:28',1,'2018_08_20_17_33_28_10_Cardnumbers.pdf',6,'2018-08-22 17:41:51',NULL,NULL,NULL,NULL,NULL,NULL,0,NULL),(286,'450054021193','10',1,1,'2018-08-20 17:33:28',1,'2018_08_20_17_33_28_10_Cardnumbers.pdf',6,'2018-08-22 17:41:51',NULL,NULL,NULL,NULL,NULL,NULL,0,NULL),(287,'450054021194','10',1,1,'2018-08-20 17:33:28',1,'2018_08_20_17_33_28_10_Cardnumbers.pdf',6,'2018-08-22 17:41:51',NULL,NULL,NULL,NULL,NULL,NULL,0,NULL),(288,'450054021195','10',1,1,'2018-08-20 17:33:28',1,'2018_08_20_17_33_28_10_Cardnumbers.pdf',6,'2018-08-22 17:41:51',NULL,NULL,NULL,NULL,NULL,NULL,0,NULL),(289,'450054021196','10',1,1,'2018-08-20 17:33:28',1,'2018_08_20_17_33_28_10_Cardnumbers.pdf',6,'2018-08-22 17:41:51',NULL,NULL,NULL,NULL,NULL,NULL,0,NULL),(290,'450054021197','10',1,1,'2018-08-20 17:33:28',1,'2018_08_20_17_33_28_10_Cardnumbers.pdf',6,'2018-08-22 17:41:51',NULL,NULL,NULL,NULL,NULL,NULL,0,NULL),(291,'450054021198','10',1,1,'2018-08-20 17:33:28',1,'2018_08_20_17_33_28_10_Cardnumbers.pdf',6,'2018-08-22 17:41:51',NULL,NULL,NULL,NULL,NULL,NULL,0,NULL),(292,'450054021199','10',1,1,'2018-08-20 17:33:28',1,'2018_08_20_17_33_28_10_Cardnumbers.pdf',6,'2018-08-22 17:41:51',NULL,NULL,NULL,NULL,NULL,NULL,0,NULL),(293,'450054021200','10',1,1,'2018-08-20 17:33:28',1,'2018_08_20_17_33_28_10_Cardnumbers.pdf',6,'2018-08-22 17:41:51',NULL,NULL,NULL,NULL,NULL,NULL,0,NULL),(294,'450054021201','10',1,1,'2018-08-20 19:20:22',1,'2018_08_20_19_20_22_10_Cardnumbers.pdf',6,'2018-08-22 17:41:51',NULL,NULL,NULL,NULL,NULL,NULL,0,NULL),(295,'450054021202','10',1,1,'2018-08-20 19:20:22',1,'2018_08_20_19_20_22_10_Cardnumbers.pdf',7,'2018-08-22 17:50:22','babu','9949905189','9949905189','123123123123','babuchwdr@gmail.com','Male',1,'2018-08-28 19:44:07'),(296,'450054021203','10',1,1,'2018-08-20 19:20:22',1,'2018_08_20_19_20_22_10_Cardnumbers.pdf',7,'2018-08-22 17:50:22','Balakrishna ','9391373577','9391373577','123123123123','bala@gmail.com','Male',1,'2018-08-25 17:20:03'),(297,'450054021204','10',1,1,'2018-08-20 19:20:22',1,'2018_08_20_19_20_22_10_Cardnumbers.pdf',7,'2018-08-22 17:50:22',NULL,NULL,NULL,NULL,NULL,NULL,0,NULL),(298,'450054021205','10',1,1,'2018-08-20 19:20:22',1,'2018_08_20_19_20_22_10_Cardnumbers.pdf',7,'2018-08-22 17:50:22',NULL,NULL,NULL,NULL,NULL,NULL,0,NULL),(299,'450054021206','10',1,1,'2018-08-20 19:20:22',1,'2018_08_20_19_20_22_10_Cardnumbers.pdf',7,'2018-08-22 17:50:22',NULL,NULL,NULL,NULL,NULL,NULL,0,NULL),(300,'450054021207','10',1,1,'2018-08-20 19:20:22',1,'2018_08_20_19_20_22_10_Cardnumbers.pdf',7,'2018-08-22 17:50:22',NULL,NULL,NULL,NULL,NULL,NULL,0,NULL),(301,'450054021208','10',1,1,'2018-08-20 19:20:22',1,'2018_08_20_19_20_22_10_Cardnumbers.pdf',7,'2018-08-22 17:50:22',NULL,NULL,NULL,NULL,NULL,NULL,0,NULL),(302,'450054021209','10',1,1,'2018-08-20 19:20:22',1,'2018_08_20_19_20_22_10_Cardnumbers.pdf',7,'2018-08-22 17:50:22',NULL,NULL,NULL,NULL,NULL,NULL,0,NULL),(303,'450054021210','10',1,1,'2018-08-20 19:20:22',1,'2018_08_20_19_20_22_10_Cardnumbers.pdf',7,'2018-08-22 17:50:22',NULL,NULL,NULL,NULL,NULL,NULL,0,NULL),(304,'450054021211','10',1,1,'2018-08-21 18:51:09',1,'2018_08_21_18_51_09_10_Cardnumbers.pdf',7,'2018-08-22 17:50:22',NULL,NULL,NULL,NULL,NULL,NULL,0,NULL),(305,'450054021212','10',1,1,'2018-08-21 18:51:09',1,'2018_08_21_18_51_09_10_Cardnumbers.pdf',7,'2018-08-22 17:50:22',NULL,NULL,NULL,NULL,NULL,NULL,0,NULL),(306,'450054021213','10',1,1,'2018-08-21 18:51:09',1,'2018_08_21_18_51_09_10_Cardnumbers.pdf',7,'2018-08-22 17:50:22',NULL,NULL,NULL,NULL,NULL,NULL,0,NULL),(307,'450054021214','10',1,1,'2018-08-21 18:51:09',1,'2018_08_21_18_51_09_10_Cardnumbers.pdf',7,'2018-08-22 17:50:22',NULL,NULL,NULL,NULL,NULL,NULL,0,NULL),(308,'450054021215','10',1,1,'2018-08-21 18:51:09',1,'2018_08_21_18_51_09_10_Cardnumbers.pdf',7,'2018-08-22 17:50:22',NULL,NULL,NULL,NULL,NULL,NULL,0,NULL),(309,'450054021216','10',1,1,'2018-08-21 18:51:09',1,'2018_08_21_18_51_09_10_Cardnumbers.pdf',7,'2018-08-22 17:50:22',NULL,NULL,NULL,NULL,NULL,NULL,0,NULL),(310,'450054021217','10',1,1,'2018-08-21 18:51:09',1,'2018_08_21_18_51_09_10_Cardnumbers.pdf',7,'2018-08-22 17:50:22',NULL,NULL,NULL,NULL,NULL,NULL,0,NULL),(311,'450054021218','10',1,1,'2018-08-21 18:51:09',1,'2018_08_21_18_51_09_10_Cardnumbers.pdf',7,'2018-08-22 17:50:22',NULL,NULL,NULL,NULL,NULL,NULL,0,NULL),(312,'450054021219','10',1,1,'2018-08-21 18:51:09',1,'2018_08_21_18_51_09_10_Cardnumbers.pdf',7,'2018-08-22 17:50:22',NULL,NULL,NULL,NULL,NULL,NULL,0,NULL),(313,'450054021220','10',1,1,'2018-08-21 18:51:09',1,'2018_08_21_18_51_09_10_Cardnumbers.pdf',7,'2018-08-22 17:50:22',NULL,NULL,NULL,NULL,NULL,NULL,0,NULL),(314,'450054021221','10',1,1,'2018-08-22 10:03:55',1,'2018_08_22_10_03_55_10_Cardnumbers.pdf',3,'2018-08-28 19:49:58',NULL,NULL,NULL,NULL,NULL,NULL,0,NULL),(315,'450054021222','10',1,1,'2018-08-22 10:03:55',1,'2018_08_22_10_03_55_10_Cardnumbers.pdf',8,'2018-09-20 14:50:04','Priya','9588666589','95863289652','859655456652','priya@gmail.com','Female',1,'2018-09-20 15:09:53'),(316,'450054021223','10',1,1,'2018-08-22 10:03:55',1,'2018_08_22_10_03_55_10_Cardnumbers.pdf',8,'2018-09-20 14:50:04','keerthi','9568529638','95679556985','856936958259','keeethi@gmail.com','Female',1,'2018-09-20 15:14:30'),(317,'450054021224','10',1,1,'2018-08-22 10:03:55',1,'2018_08_22_10_03_55_10_Cardnumbers.pdf',8,'2018-09-20 14:50:04','sid','9586796654','9452697852','856498525263','sid@gmail.com','Male',1,'2018-09-20 15:07:20'),(318,'450054021225','10',1,1,'2018-08-22 10:03:55',1,'2018_08_22_10_03_55_10_Cardnumbers.pdf',8,'2018-09-20 14:50:04',NULL,NULL,NULL,NULL,NULL,NULL,0,NULL),(319,'450054021226','10',1,1,'2018-08-22 10:03:55',1,'2018_08_22_10_03_55_10_Cardnumbers.pdf',8,'2018-09-20 14:50:04',NULL,NULL,NULL,NULL,NULL,NULL,0,NULL),(320,'450054021227','10',1,1,'2018-08-22 10:03:55',1,'2018_08_22_10_03_55_10_Cardnumbers.pdf',8,'2018-09-20 14:50:04',NULL,NULL,NULL,NULL,NULL,NULL,0,NULL),(321,'450054021228','10',1,1,'2018-08-22 10:03:55',1,'2018_08_22_10_03_55_10_Cardnumbers.pdf',8,'2018-09-20 14:50:04',NULL,NULL,NULL,NULL,NULL,NULL,0,NULL),(322,'450054021229','10',1,1,'2018-08-22 10:03:55',1,'2018_08_22_10_03_55_10_Cardnumbers.pdf',8,'2018-09-20 14:50:04',NULL,NULL,NULL,NULL,NULL,NULL,0,NULL),(323,'450054021230','10',1,1,'2018-08-22 10:03:55',1,'2018_08_22_10_03_55_10_Cardnumbers.pdf',8,'2018-09-20 14:50:04',NULL,NULL,NULL,NULL,NULL,NULL,0,NULL),(324,'450054021231','10',1,1,'2018-08-22 19:51:04',1,'2018_08_22_19_51_04_10_Cardnumbers.pdf',8,'2018-09-20 14:50:04',NULL,NULL,NULL,NULL,NULL,NULL,0,NULL),(325,'450054021232','10',1,1,'2018-08-22 19:51:04',1,'2018_08_22_19_51_04_10_Cardnumbers.pdf',8,'2018-09-20 14:50:04',NULL,NULL,NULL,NULL,NULL,NULL,0,NULL),(326,'450054021233','10',1,1,'2018-08-22 19:51:04',1,'2018_08_22_19_51_04_10_Cardnumbers.pdf',8,'2018-09-20 14:50:04',NULL,NULL,NULL,NULL,NULL,NULL,0,NULL),(327,'450054021234','10',1,1,'2018-08-22 19:51:04',1,'2018_08_22_19_51_04_10_Cardnumbers.pdf',8,'2018-09-20 14:50:04',NULL,NULL,NULL,NULL,NULL,NULL,0,NULL),(328,'450054021235','10',1,1,'2018-08-22 19:51:04',1,'2018_08_22_19_51_04_10_Cardnumbers.pdf',8,'2018-09-20 14:50:04',NULL,NULL,NULL,NULL,NULL,NULL,0,NULL),(329,'450054021236','10',1,1,'2018-08-22 19:51:04',1,'2018_08_22_19_51_04_10_Cardnumbers.pdf',8,'2018-09-20 14:50:04',NULL,NULL,NULL,NULL,NULL,NULL,0,NULL),(330,'450054021237','10',1,1,'2018-08-22 19:51:04',1,'2018_08_22_19_51_04_10_Cardnumbers.pdf',8,'2018-09-20 14:50:04',NULL,NULL,NULL,NULL,NULL,NULL,0,NULL),(331,'450054021238','10',1,1,'2018-08-22 19:51:04',1,'2018_08_22_19_51_04_10_Cardnumbers.pdf',8,'2018-09-20 14:50:04',NULL,NULL,NULL,NULL,NULL,NULL,0,NULL),(332,'450054021239','10',1,1,'2018-08-22 19:51:04',1,'2018_08_22_19_51_04_10_Cardnumbers.pdf',8,'2018-09-20 14:50:04',NULL,NULL,NULL,NULL,NULL,NULL,0,NULL),(333,'450054021240','10',1,1,'2018-08-22 19:51:04',1,'2018_08_22_19_51_04_10_Cardnumbers.pdf',8,'2018-09-20 14:50:04',NULL,NULL,NULL,NULL,NULL,NULL,0,NULL),(334,'450054021241','10',1,1,'2018-08-28 19:48:32',1,'2018_08_28_19_48_32_10_Cardnumbers.pdf',8,'2018-09-20 14:50:04',NULL,NULL,NULL,NULL,NULL,NULL,0,NULL),(335,'450054021242','10',1,1,'2018-08-28 19:48:32',1,'2018_08_28_19_48_32_10_Cardnumbers.pdf',11,'2018-11-16 14:52:38',NULL,NULL,NULL,NULL,NULL,NULL,0,NULL),(336,'450054021243','10',1,1,'2018-08-28 19:48:32',1,'2018_08_28_19_48_32_10_Cardnumbers.pdf',11,'2018-11-16 14:52:38',NULL,NULL,NULL,NULL,NULL,NULL,0,NULL),(337,'450054021244','10',1,1,'2018-08-28 19:48:32',1,'2018_08_28_19_48_32_10_Cardnumbers.pdf',11,'2018-11-16 14:52:38',NULL,NULL,NULL,NULL,NULL,NULL,0,NULL),(338,'450054021245','10',1,1,'2018-08-28 19:48:32',1,'2018_08_28_19_48_32_10_Cardnumbers.pdf',11,'2018-11-16 14:52:38',NULL,NULL,NULL,NULL,NULL,NULL,0,NULL),(339,'450054021246','10',1,1,'2018-08-28 19:48:32',1,'2018_08_28_19_48_32_10_Cardnumbers.pdf',11,'2018-11-16 14:52:38',NULL,NULL,NULL,NULL,NULL,NULL,0,NULL),(340,'450054021247','10',1,1,'2018-08-28 19:48:32',1,'2018_08_28_19_48_32_10_Cardnumbers.pdf',11,'2018-11-16 14:52:38',NULL,NULL,NULL,NULL,NULL,NULL,0,NULL),(341,'450054021248','10',1,1,'2018-08-28 19:48:32',1,'2018_08_28_19_48_32_10_Cardnumbers.pdf',11,'2018-11-16 14:52:38',NULL,NULL,NULL,NULL,NULL,NULL,0,NULL),(342,'450054021249','10',1,1,'2018-08-28 19:48:32',1,'2018_08_28_19_48_32_10_Cardnumbers.pdf',11,'2018-11-16 14:52:38',NULL,NULL,NULL,NULL,NULL,NULL,0,NULL),(343,'450054021250','10',1,1,'2018-08-28 19:48:32',1,'2018_08_28_19_48_32_10_Cardnumbers.pdf',11,'2018-11-16 14:52:38',NULL,NULL,NULL,NULL,NULL,NULL,0,NULL),(344,'450054021251','10',1,1,'2018-08-29 19:29:01',1,'2018_08_29_19_29_01_10_Cardnumbers.pdf',10,'2018-11-16 14:50:52',NULL,NULL,NULL,NULL,NULL,NULL,0,NULL),(345,'450054021252','10',1,1,'2018-08-29 19:29:01',1,'2018_08_29_19_29_01_10_Cardnumbers.pdf',10,'2018-11-16 14:50:52',NULL,NULL,NULL,NULL,NULL,NULL,0,NULL),(346,'450054021253','10',1,1,'2018-08-29 19:29:01',1,'2018_08_29_19_29_01_10_Cardnumbers.pdf',10,'2018-11-16 14:50:52',NULL,NULL,NULL,NULL,NULL,NULL,0,NULL),(347,'450054021254','10',1,1,'2018-08-29 19:29:01',1,'2018_08_29_19_29_01_10_Cardnumbers.pdf',10,'2018-11-16 14:50:52',NULL,NULL,NULL,NULL,NULL,NULL,0,NULL),(348,'450054021255','10',1,1,'2018-08-29 19:29:01',1,'2018_08_29_19_29_01_10_Cardnumbers.pdf',10,'2018-11-16 14:50:52',NULL,NULL,NULL,NULL,NULL,NULL,0,NULL),(349,'450054021256','10',1,1,'2018-08-29 19:29:01',1,'2018_08_29_19_29_01_10_Cardnumbers.pdf',11,'2018-11-16 14:52:38',NULL,NULL,NULL,NULL,NULL,NULL,0,NULL),(350,'450054021257','10',1,1,'2018-08-29 19:29:01',1,'2018_08_29_19_29_01_10_Cardnumbers.pdf',0,NULL,NULL,NULL,NULL,NULL,NULL,NULL,0,NULL),(351,'450054021258','10',1,1,'2018-08-29 19:29:01',1,'2018_08_29_19_29_01_10_Cardnumbers.pdf',0,NULL,NULL,NULL,NULL,NULL,NULL,NULL,0,NULL),(352,'450054021259','10',1,1,'2018-08-29 19:29:01',1,'2018_08_29_19_29_01_10_Cardnumbers.pdf',0,NULL,NULL,NULL,NULL,NULL,NULL,NULL,0,NULL),(353,'450054021260','10',1,1,'2018-08-29 19:29:01',1,'2018_08_29_19_29_01_10_Cardnumbers.pdf',0,NULL,NULL,NULL,NULL,NULL,NULL,NULL,0,NULL),(354,'450054021261','10',1,1,'2018-08-29 19:29:13',1,'2018_08_29_19_29_13_10_Cardnumbers.pdf',0,NULL,NULL,NULL,NULL,NULL,NULL,NULL,0,NULL),(355,'450054021262','10',1,1,'2018-08-29 19:29:13',1,'2018_08_29_19_29_13_10_Cardnumbers.pdf',0,NULL,NULL,NULL,NULL,NULL,NULL,NULL,0,NULL),(356,'450054021263','10',1,1,'2018-08-29 19:29:13',1,'2018_08_29_19_29_13_10_Cardnumbers.pdf',0,NULL,NULL,NULL,NULL,NULL,NULL,NULL,0,NULL),(357,'450054021264','10',1,1,'2018-08-29 19:29:13',1,'2018_08_29_19_29_13_10_Cardnumbers.pdf',0,NULL,NULL,NULL,NULL,NULL,NULL,NULL,0,NULL),(358,'450054021265','10',1,1,'2018-08-29 19:29:13',1,'2018_08_29_19_29_13_10_Cardnumbers.pdf',0,NULL,NULL,NULL,NULL,NULL,NULL,NULL,0,NULL),(359,'450054021266','10',1,1,'2018-08-29 19:29:13',1,'2018_08_29_19_29_13_10_Cardnumbers.pdf',0,NULL,NULL,NULL,NULL,NULL,NULL,NULL,0,NULL),(360,'450054021267','10',1,1,'2018-08-29 19:29:13',1,'2018_08_29_19_29_13_10_Cardnumbers.pdf',0,NULL,NULL,NULL,NULL,NULL,NULL,NULL,0,NULL),(361,'450054021268','10',1,1,'2018-08-29 19:29:13',1,'2018_08_29_19_29_13_10_Cardnumbers.pdf',0,NULL,NULL,NULL,NULL,NULL,NULL,NULL,0,NULL),(362,'450054021269','10',1,1,'2018-08-29 19:29:13',1,'2018_08_29_19_29_13_10_Cardnumbers.pdf',0,NULL,NULL,NULL,NULL,NULL,NULL,NULL,0,NULL),(363,'450054021270','10',1,1,'2018-08-29 19:29:13',1,'2018_08_29_19_29_13_10_Cardnumbers.pdf',0,NULL,NULL,NULL,NULL,NULL,NULL,NULL,0,NULL),(364,'450054021271','10',1,1,'2018-08-29 19:29:20',1,'2018_08_29_19_29_20_10_Cardnumbers.pdf',0,NULL,NULL,NULL,NULL,NULL,NULL,NULL,0,NULL),(365,'450054021272','10',1,1,'2018-08-29 19:29:20',1,'2018_08_29_19_29_20_10_Cardnumbers.pdf',0,NULL,NULL,NULL,NULL,NULL,NULL,NULL,0,NULL),(366,'450054021273','10',1,1,'2018-08-29 19:29:20',1,'2018_08_29_19_29_20_10_Cardnumbers.pdf',0,NULL,NULL,NULL,NULL,NULL,NULL,NULL,0,NULL),(367,'450054021274','10',1,1,'2018-08-29 19:29:20',1,'2018_08_29_19_29_20_10_Cardnumbers.pdf',0,NULL,NULL,NULL,NULL,NULL,NULL,NULL,0,NULL),(368,'450054021275','10',1,1,'2018-08-29 19:29:20',1,'2018_08_29_19_29_20_10_Cardnumbers.pdf',0,NULL,NULL,NULL,NULL,NULL,NULL,NULL,0,NULL),(369,'450054021276','10',1,1,'2018-08-29 19:29:20',1,'2018_08_29_19_29_20_10_Cardnumbers.pdf',0,NULL,NULL,NULL,NULL,NULL,NULL,NULL,0,NULL),(370,'450054021277','10',1,1,'2018-08-29 19:29:20',1,'2018_08_29_19_29_20_10_Cardnumbers.pdf',0,NULL,NULL,NULL,NULL,NULL,NULL,NULL,0,NULL),(371,'450054021278','10',1,1,'2018-08-29 19:29:20',1,'2018_08_29_19_29_20_10_Cardnumbers.pdf',0,NULL,NULL,NULL,NULL,NULL,NULL,NULL,0,NULL),(372,'450054021279','10',1,1,'2018-08-29 19:29:20',1,'2018_08_29_19_29_20_10_Cardnumbers.pdf',0,NULL,NULL,NULL,NULL,NULL,NULL,NULL,0,NULL),(373,'450054021280','10',1,1,'2018-08-29 19:29:20',1,'2018_08_29_19_29_20_10_Cardnumbers.pdf',0,NULL,NULL,NULL,NULL,NULL,NULL,NULL,0,NULL),(374,'450054021281','10',1,1,'2018-08-31 10:35:49',1,'2018_08_31_10_35_49_10_Cardnumbers.pdf',0,NULL,NULL,NULL,NULL,NULL,NULL,NULL,0,NULL),(375,'450054021282','10',1,1,'2018-08-31 10:35:49',1,'2018_08_31_10_35_49_10_Cardnumbers.pdf',0,NULL,NULL,NULL,NULL,NULL,NULL,NULL,0,NULL),(376,'450054021283','10',1,1,'2018-08-31 10:35:49',1,'2018_08_31_10_35_49_10_Cardnumbers.pdf',0,NULL,NULL,NULL,NULL,NULL,NULL,NULL,0,NULL),(377,'450054021284','10',1,1,'2018-08-31 10:35:49',1,'2018_08_31_10_35_49_10_Cardnumbers.pdf',0,NULL,NULL,NULL,NULL,NULL,NULL,NULL,0,NULL),(378,'450054021285','10',1,1,'2018-08-31 10:35:49',1,'2018_08_31_10_35_49_10_Cardnumbers.pdf',0,NULL,NULL,NULL,NULL,NULL,NULL,NULL,0,NULL),(379,'450054021286','10',1,1,'2018-08-31 10:35:49',1,'2018_08_31_10_35_49_10_Cardnumbers.pdf',0,NULL,NULL,NULL,NULL,NULL,NULL,NULL,0,NULL),(380,'450054021287','10',1,1,'2018-08-31 10:35:49',1,'2018_08_31_10_35_49_10_Cardnumbers.pdf',0,NULL,NULL,NULL,NULL,NULL,NULL,NULL,0,NULL),(381,'450054021288','10',1,1,'2018-08-31 10:35:49',1,'2018_08_31_10_35_49_10_Cardnumbers.pdf',0,NULL,NULL,NULL,NULL,NULL,NULL,NULL,0,NULL),(382,'450054021289','10',1,1,'2018-08-31 10:35:49',1,'2018_08_31_10_35_49_10_Cardnumbers.pdf',0,NULL,NULL,NULL,NULL,NULL,NULL,NULL,0,NULL),(383,'450054021290','10',1,1,'2018-08-31 10:35:49',1,'2018_08_31_10_35_49_10_Cardnumbers.pdf',0,NULL,NULL,NULL,NULL,NULL,NULL,NULL,0,NULL),(384,'450054021291','10',1,1,'2018-08-31 10:36:21',1,'2018_08_31_10_36_21_10_Cardnumbers.pdf',0,NULL,NULL,NULL,NULL,NULL,NULL,NULL,0,NULL),(385,'450054021292','10',1,1,'2018-08-31 10:36:21',1,'2018_08_31_10_36_21_10_Cardnumbers.pdf',0,NULL,NULL,NULL,NULL,NULL,NULL,NULL,0,NULL),(386,'450054021293','10',1,1,'2018-08-31 10:36:21',1,'2018_08_31_10_36_21_10_Cardnumbers.pdf',0,NULL,NULL,NULL,NULL,NULL,NULL,NULL,0,NULL),(387,'450054021294','10',1,1,'2018-08-31 10:36:21',1,'2018_08_31_10_36_21_10_Cardnumbers.pdf',0,NULL,NULL,NULL,NULL,NULL,NULL,NULL,0,NULL),(388,'450054021295','10',1,1,'2018-08-31 10:36:21',1,'2018_08_31_10_36_21_10_Cardnumbers.pdf',0,NULL,NULL,NULL,NULL,NULL,NULL,NULL,0,NULL),(389,'450054021296','10',1,1,'2018-08-31 10:36:21',1,'2018_08_31_10_36_21_10_Cardnumbers.pdf',0,NULL,NULL,NULL,NULL,NULL,NULL,NULL,0,NULL),(390,'450054021297','10',1,1,'2018-08-31 10:36:21',1,'2018_08_31_10_36_21_10_Cardnumbers.pdf',0,NULL,NULL,NULL,NULL,NULL,NULL,NULL,0,NULL),(391,'450054021298','10',1,1,'2018-08-31 10:36:21',1,'2018_08_31_10_36_21_10_Cardnumbers.pdf',0,NULL,NULL,NULL,NULL,NULL,NULL,NULL,0,NULL),(392,'450054021299','10',1,1,'2018-08-31 10:36:21',1,'2018_08_31_10_36_21_10_Cardnumbers.pdf',0,NULL,NULL,NULL,NULL,NULL,NULL,NULL,0,NULL),(393,'450054021300','10',1,1,'2018-08-31 10:36:21',1,'2018_08_31_10_36_21_10_Cardnumbers.pdf',0,NULL,NULL,NULL,NULL,NULL,NULL,NULL,0,NULL),(394,'450054021301','10',1,1,'2018-08-31 10:36:41',1,'2018_08_31_10_36_41_10_Cardnumbers.pdf',0,NULL,NULL,NULL,NULL,NULL,NULL,NULL,0,NULL),(395,'450054021302','10',1,1,'2018-08-31 10:36:41',1,'2018_08_31_10_36_41_10_Cardnumbers.pdf',0,NULL,NULL,NULL,NULL,NULL,NULL,NULL,0,NULL),(396,'450054021303','10',1,1,'2018-08-31 10:36:41',1,'2018_08_31_10_36_41_10_Cardnumbers.pdf',0,NULL,NULL,NULL,NULL,NULL,NULL,NULL,0,NULL),(397,'450054021304','10',1,1,'2018-08-31 10:36:41',1,'2018_08_31_10_36_41_10_Cardnumbers.pdf',0,NULL,NULL,NULL,NULL,NULL,NULL,NULL,0,NULL),(398,'450054021305','10',1,1,'2018-08-31 10:36:41',1,'2018_08_31_10_36_41_10_Cardnumbers.pdf',0,NULL,NULL,NULL,NULL,NULL,NULL,NULL,0,NULL),(399,'450054021306','10',1,1,'2018-08-31 10:36:41',1,'2018_08_31_10_36_41_10_Cardnumbers.pdf',0,NULL,NULL,NULL,NULL,NULL,NULL,NULL,0,NULL),(400,'450054021307','10',1,1,'2018-08-31 10:36:41',1,'2018_08_31_10_36_41_10_Cardnumbers.pdf',0,NULL,NULL,NULL,NULL,NULL,NULL,NULL,0,NULL),(401,'450054021308','10',1,1,'2018-08-31 10:36:41',1,'2018_08_31_10_36_41_10_Cardnumbers.pdf',0,NULL,NULL,NULL,NULL,NULL,NULL,NULL,0,NULL),(402,'450054021309','10',1,1,'2018-08-31 10:36:41',1,'2018_08_31_10_36_41_10_Cardnumbers.pdf',0,NULL,NULL,NULL,NULL,NULL,NULL,NULL,0,NULL),(403,'450054021310','10',1,1,'2018-08-31 10:36:41',1,'2018_08_31_10_36_41_10_Cardnumbers.pdf',0,NULL,NULL,NULL,NULL,NULL,NULL,NULL,0,NULL),(404,'450054021311','10',1,1,'2018-08-31 10:40:31',1,'2018_08_31_10_40_31_10_Cardnumbers.pdf',0,NULL,NULL,NULL,NULL,NULL,NULL,NULL,0,NULL),(405,'450054021312','10',1,1,'2018-08-31 10:40:31',1,'2018_08_31_10_40_31_10_Cardnumbers.pdf',0,NULL,NULL,NULL,NULL,NULL,NULL,NULL,0,NULL),(406,'450054021313','10',1,1,'2018-08-31 10:40:31',1,'2018_08_31_10_40_31_10_Cardnumbers.pdf',0,NULL,NULL,NULL,NULL,NULL,NULL,NULL,0,NULL),(407,'450054021314','10',1,1,'2018-08-31 10:40:31',1,'2018_08_31_10_40_31_10_Cardnumbers.pdf',0,NULL,NULL,NULL,NULL,NULL,NULL,NULL,0,NULL),(408,'450054021315','10',1,1,'2018-08-31 10:40:31',1,'2018_08_31_10_40_31_10_Cardnumbers.pdf',0,NULL,NULL,NULL,NULL,NULL,NULL,NULL,0,NULL),(409,'450054021316','10',1,1,'2018-08-31 10:40:31',1,'2018_08_31_10_40_31_10_Cardnumbers.pdf',0,NULL,NULL,NULL,NULL,NULL,NULL,NULL,0,NULL),(410,'450054021317','10',1,1,'2018-08-31 10:40:31',1,'2018_08_31_10_40_31_10_Cardnumbers.pdf',0,NULL,NULL,NULL,NULL,NULL,NULL,NULL,0,NULL),(411,'450054021318','10',1,1,'2018-08-31 10:40:31',1,'2018_08_31_10_40_31_10_Cardnumbers.pdf',0,NULL,NULL,NULL,NULL,NULL,NULL,NULL,0,NULL),(412,'450054021319','10',1,1,'2018-08-31 10:40:31',1,'2018_08_31_10_40_31_10_Cardnumbers.pdf',0,NULL,NULL,NULL,NULL,NULL,NULL,NULL,0,NULL),(413,'450054021320','10',1,1,'2018-08-31 10:40:31',1,'2018_08_31_10_40_31_10_Cardnumbers.pdf',0,NULL,NULL,NULL,NULL,NULL,NULL,NULL,0,NULL),(414,'450054021321','10',1,1,'2018-08-31 10:42:18',1,'2018_08_31_10_42_18_10_Cardnumbers.pdf',0,NULL,NULL,NULL,NULL,NULL,NULL,NULL,0,NULL),(415,'450054021322','10',1,1,'2018-08-31 10:42:18',1,'2018_08_31_10_42_18_10_Cardnumbers.pdf',0,NULL,NULL,NULL,NULL,NULL,NULL,NULL,0,NULL),(416,'450054021323','10',1,1,'2018-08-31 10:42:18',1,'2018_08_31_10_42_18_10_Cardnumbers.pdf',0,NULL,NULL,NULL,NULL,NULL,NULL,NULL,0,NULL),(417,'450054021324','10',1,1,'2018-08-31 10:42:18',1,'2018_08_31_10_42_18_10_Cardnumbers.pdf',0,NULL,NULL,NULL,NULL,NULL,NULL,NULL,0,NULL),(418,'450054021325','10',1,1,'2018-08-31 10:42:18',1,'2018_08_31_10_42_18_10_Cardnumbers.pdf',0,NULL,NULL,NULL,NULL,NULL,NULL,NULL,0,NULL),(419,'450054021326','10',1,1,'2018-08-31 10:42:18',1,'2018_08_31_10_42_18_10_Cardnumbers.pdf',0,NULL,NULL,NULL,NULL,NULL,NULL,NULL,0,NULL),(420,'450054021327','10',1,1,'2018-08-31 10:42:18',1,'2018_08_31_10_42_18_10_Cardnumbers.pdf',0,NULL,NULL,NULL,NULL,NULL,NULL,NULL,0,NULL),(421,'450054021328','10',1,1,'2018-08-31 10:42:18',1,'2018_08_31_10_42_18_10_Cardnumbers.pdf',0,NULL,NULL,NULL,NULL,NULL,NULL,NULL,0,NULL),(422,'450054021329','10',1,1,'2018-08-31 10:42:18',1,'2018_08_31_10_42_18_10_Cardnumbers.pdf',0,NULL,NULL,NULL,NULL,NULL,NULL,NULL,0,NULL),(423,'450054021330','10',1,1,'2018-08-31 10:42:18',1,'2018_08_31_10_42_18_10_Cardnumbers.pdf',0,NULL,NULL,NULL,NULL,NULL,NULL,NULL,0,NULL),(424,'450054021331','10',1,1,'2018-08-31 10:42:46',1,'2018_08_31_10_42_46_10_Cardnumbers.pdf',0,NULL,NULL,NULL,NULL,NULL,NULL,NULL,0,NULL),(425,'450054021332','10',1,1,'2018-08-31 10:42:46',1,'2018_08_31_10_42_46_10_Cardnumbers.pdf',0,NULL,NULL,NULL,NULL,NULL,NULL,NULL,0,NULL),(426,'450054021333','10',1,1,'2018-08-31 10:42:46',1,'2018_08_31_10_42_46_10_Cardnumbers.pdf',0,NULL,NULL,NULL,NULL,NULL,NULL,NULL,0,NULL),(427,'450054021334','10',1,1,'2018-08-31 10:42:46',1,'2018_08_31_10_42_46_10_Cardnumbers.pdf',0,NULL,NULL,NULL,NULL,NULL,NULL,NULL,0,NULL),(428,'450054021335','10',1,1,'2018-08-31 10:42:46',1,'2018_08_31_10_42_46_10_Cardnumbers.pdf',0,NULL,NULL,NULL,NULL,NULL,NULL,NULL,0,NULL),(429,'450054021336','10',1,1,'2018-08-31 10:42:46',1,'2018_08_31_10_42_46_10_Cardnumbers.pdf',0,NULL,NULL,NULL,NULL,NULL,NULL,NULL,0,NULL),(430,'450054021337','10',1,1,'2018-08-31 10:42:46',1,'2018_08_31_10_42_46_10_Cardnumbers.pdf',0,NULL,NULL,NULL,NULL,NULL,NULL,NULL,0,NULL),(431,'450054021338','10',1,1,'2018-08-31 10:42:46',1,'2018_08_31_10_42_46_10_Cardnumbers.pdf',0,NULL,NULL,NULL,NULL,NULL,NULL,NULL,0,NULL),(432,'450054021339','10',1,1,'2018-08-31 10:42:46',1,'2018_08_31_10_42_46_10_Cardnumbers.pdf',0,NULL,NULL,NULL,NULL,NULL,NULL,NULL,0,NULL),(433,'450054021340','10',1,1,'2018-08-31 10:42:46',1,'2018_08_31_10_42_46_10_Cardnumbers.pdf',0,NULL,NULL,NULL,NULL,NULL,NULL,NULL,0,NULL),(434,'450054021341','10',1,1,'2018-09-03 11:30:18',1,'2018_09_03_11_30_18_10_Cardnumbers.pdf',0,NULL,NULL,NULL,NULL,NULL,NULL,NULL,0,NULL),(435,'450054021342','10',1,1,'2018-09-03 11:30:18',1,'2018_09_03_11_30_18_10_Cardnumbers.pdf',0,NULL,NULL,NULL,NULL,NULL,NULL,NULL,0,NULL),(436,'450054021343','10',1,1,'2018-09-03 11:30:18',1,'2018_09_03_11_30_18_10_Cardnumbers.pdf',0,NULL,NULL,NULL,NULL,NULL,NULL,NULL,0,NULL),(437,'450054021344','10',1,1,'2018-09-03 11:30:18',1,'2018_09_03_11_30_18_10_Cardnumbers.pdf',0,NULL,NULL,NULL,NULL,NULL,NULL,NULL,0,NULL),(438,'450054021345','10',1,1,'2018-09-03 11:30:18',1,'2018_09_03_11_30_18_10_Cardnumbers.pdf',0,NULL,NULL,NULL,NULL,NULL,NULL,NULL,0,NULL),(439,'450054021346','10',1,1,'2018-09-03 11:30:18',1,'2018_09_03_11_30_18_10_Cardnumbers.pdf',0,NULL,NULL,NULL,NULL,NULL,NULL,NULL,0,NULL),(440,'450054021347','10',1,1,'2018-09-03 11:30:18',1,'2018_09_03_11_30_18_10_Cardnumbers.pdf',0,NULL,NULL,NULL,NULL,NULL,NULL,NULL,0,NULL),(441,'450054021348','10',1,1,'2018-09-03 11:30:18',1,'2018_09_03_11_30_18_10_Cardnumbers.pdf',0,NULL,NULL,NULL,NULL,NULL,NULL,NULL,0,NULL),(442,'450054021349','10',1,1,'2018-09-03 11:30:18',1,'2018_09_03_11_30_18_10_Cardnumbers.pdf',0,NULL,NULL,NULL,NULL,NULL,NULL,NULL,0,NULL),(443,'450054021350','10',1,1,'2018-09-03 11:30:18',1,'2018_09_03_11_30_18_10_Cardnumbers.pdf',0,NULL,NULL,NULL,NULL,NULL,NULL,NULL,0,NULL),(444,'450054021351','10',1,1,'2018-09-03 11:31:59',1,'2018_09_03_11_31_59_10_Cardnumbers.pdf',0,NULL,NULL,NULL,NULL,NULL,NULL,NULL,0,NULL),(445,'450054021352','10',1,1,'2018-09-03 11:31:59',1,'2018_09_03_11_31_59_10_Cardnumbers.pdf',0,NULL,NULL,NULL,NULL,NULL,NULL,NULL,0,NULL),(446,'450054021353','10',1,1,'2018-09-03 11:31:59',1,'2018_09_03_11_31_59_10_Cardnumbers.pdf',0,NULL,NULL,NULL,NULL,NULL,NULL,NULL,0,NULL),(447,'450054021354','10',1,1,'2018-09-03 11:31:59',1,'2018_09_03_11_31_59_10_Cardnumbers.pdf',0,NULL,NULL,NULL,NULL,NULL,NULL,NULL,0,NULL),(448,'450054021355','10',1,1,'2018-09-03 11:31:59',1,'2018_09_03_11_31_59_10_Cardnumbers.pdf',0,NULL,NULL,NULL,NULL,NULL,NULL,NULL,0,NULL),(449,'450054021356','10',1,1,'2018-09-03 11:31:59',1,'2018_09_03_11_31_59_10_Cardnumbers.pdf',0,NULL,NULL,NULL,NULL,NULL,NULL,NULL,0,NULL),(450,'450054021357','10',1,1,'2018-09-03 11:31:59',1,'2018_09_03_11_31_59_10_Cardnumbers.pdf',0,NULL,NULL,NULL,NULL,NULL,NULL,NULL,0,NULL),(451,'450054021358','10',1,1,'2018-09-03 11:31:59',1,'2018_09_03_11_31_59_10_Cardnumbers.pdf',0,NULL,NULL,NULL,NULL,NULL,NULL,NULL,0,NULL),(452,'450054021359','10',1,1,'2018-09-03 11:31:59',1,'2018_09_03_11_31_59_10_Cardnumbers.pdf',0,NULL,NULL,NULL,NULL,NULL,NULL,NULL,0,NULL),(453,'450054021360','10',1,1,'2018-09-03 11:31:59',1,'2018_09_03_11_31_59_10_Cardnumbers.pdf',0,NULL,NULL,NULL,NULL,NULL,NULL,NULL,0,NULL),(454,'450054021361','10',1,1,'2018-09-03 11:32:29',1,'2018_09_03_11_32_29_10_Cardnumbers.pdf',0,NULL,NULL,NULL,NULL,NULL,NULL,NULL,0,NULL),(455,'450054021362','10',1,1,'2018-09-03 11:32:29',1,'2018_09_03_11_32_29_10_Cardnumbers.pdf',0,NULL,NULL,NULL,NULL,NULL,NULL,NULL,0,NULL),(456,'450054021363','10',1,1,'2018-09-03 11:32:29',1,'2018_09_03_11_32_29_10_Cardnumbers.pdf',0,NULL,NULL,NULL,NULL,NULL,NULL,NULL,0,NULL),(457,'450054021364','10',1,1,'2018-09-03 11:32:29',1,'2018_09_03_11_32_29_10_Cardnumbers.pdf',0,NULL,NULL,NULL,NULL,NULL,NULL,NULL,0,NULL),(458,'450054021365','10',1,1,'2018-09-03 11:32:29',1,'2018_09_03_11_32_29_10_Cardnumbers.pdf',0,NULL,NULL,NULL,NULL,NULL,NULL,NULL,0,NULL),(459,'450054021366','10',1,1,'2018-09-03 11:32:29',1,'2018_09_03_11_32_29_10_Cardnumbers.pdf',0,NULL,NULL,NULL,NULL,NULL,NULL,NULL,0,NULL),(460,'450054021367','10',1,1,'2018-09-03 11:32:29',1,'2018_09_03_11_32_29_10_Cardnumbers.pdf',0,NULL,NULL,NULL,NULL,NULL,NULL,NULL,0,NULL),(461,'450054021368','10',1,1,'2018-09-03 11:32:29',1,'2018_09_03_11_32_29_10_Cardnumbers.pdf',0,NULL,NULL,NULL,NULL,NULL,NULL,NULL,0,NULL),(462,'450054021369','10',1,1,'2018-09-03 11:32:29',1,'2018_09_03_11_32_29_10_Cardnumbers.pdf',0,NULL,NULL,NULL,NULL,NULL,NULL,NULL,0,NULL),(463,'450054021370','10',1,1,'2018-09-03 11:32:29',1,'2018_09_03_11_32_29_10_Cardnumbers.pdf',0,NULL,NULL,NULL,NULL,NULL,NULL,NULL,0,NULL),(464,'450054021371','10',1,1,'2018-09-03 11:32:53',1,'2018_09_03_11_32_53_10_Cardnumbers.pdf',0,NULL,NULL,NULL,NULL,NULL,NULL,NULL,0,NULL),(465,'450054021372','10',1,1,'2018-09-03 11:32:53',1,'2018_09_03_11_32_53_10_Cardnumbers.pdf',0,NULL,NULL,NULL,NULL,NULL,NULL,NULL,0,NULL),(466,'450054021373','10',1,1,'2018-09-03 11:32:53',1,'2018_09_03_11_32_53_10_Cardnumbers.pdf',0,NULL,NULL,NULL,NULL,NULL,NULL,NULL,0,NULL),(467,'450054021374','10',1,1,'2018-09-03 11:32:53',1,'2018_09_03_11_32_53_10_Cardnumbers.pdf',0,NULL,NULL,NULL,NULL,NULL,NULL,NULL,0,NULL),(468,'450054021375','10',1,1,'2018-09-03 11:32:53',1,'2018_09_03_11_32_53_10_Cardnumbers.pdf',0,NULL,NULL,NULL,NULL,NULL,NULL,NULL,0,NULL),(469,'450054021376','10',1,1,'2018-09-03 11:32:53',1,'2018_09_03_11_32_53_10_Cardnumbers.pdf',0,NULL,NULL,NULL,NULL,NULL,NULL,NULL,0,NULL),(470,'450054021377','10',1,1,'2018-09-03 11:32:53',1,'2018_09_03_11_32_53_10_Cardnumbers.pdf',0,NULL,NULL,NULL,NULL,NULL,NULL,NULL,0,NULL),(471,'450054021378','10',1,1,'2018-09-03 11:32:53',1,'2018_09_03_11_32_53_10_Cardnumbers.pdf',0,NULL,NULL,NULL,NULL,NULL,NULL,NULL,0,NULL),(472,'450054021379','10',1,1,'2018-09-03 11:32:53',1,'2018_09_03_11_32_53_10_Cardnumbers.pdf',0,NULL,NULL,NULL,NULL,NULL,NULL,NULL,0,NULL),(473,'450054021380','10',1,1,'2018-09-03 11:32:53',1,'2018_09_03_11_32_53_10_Cardnumbers.pdf',0,NULL,NULL,NULL,NULL,NULL,NULL,NULL,0,NULL),(474,'450054021381','10',1,1,'2018-09-03 11:33:12',1,'2018_09_03_11_33_12_10_Cardnumbers.pdf',0,NULL,NULL,NULL,NULL,NULL,NULL,NULL,0,NULL),(475,'450054021382','10',1,1,'2018-09-03 11:33:12',1,'2018_09_03_11_33_12_10_Cardnumbers.pdf',0,NULL,NULL,NULL,NULL,NULL,NULL,NULL,0,NULL),(476,'450054021383','10',1,1,'2018-09-03 11:33:12',1,'2018_09_03_11_33_12_10_Cardnumbers.pdf',0,NULL,NULL,NULL,NULL,NULL,NULL,NULL,0,NULL),(477,'450054021384','10',1,1,'2018-09-03 11:33:12',1,'2018_09_03_11_33_12_10_Cardnumbers.pdf',0,NULL,NULL,NULL,NULL,NULL,NULL,NULL,0,NULL),(478,'450054021385','10',1,1,'2018-09-03 11:33:12',1,'2018_09_03_11_33_12_10_Cardnumbers.pdf',0,NULL,NULL,NULL,NULL,NULL,NULL,NULL,0,NULL),(479,'450054021386','10',1,1,'2018-09-03 11:33:12',1,'2018_09_03_11_33_12_10_Cardnumbers.pdf',0,NULL,NULL,NULL,NULL,NULL,NULL,NULL,0,NULL),(480,'450054021387','10',1,1,'2018-09-03 11:33:12',1,'2018_09_03_11_33_12_10_Cardnumbers.pdf',0,NULL,NULL,NULL,NULL,NULL,NULL,NULL,0,NULL),(481,'450054021388','10',1,1,'2018-09-03 11:33:12',1,'2018_09_03_11_33_12_10_Cardnumbers.pdf',0,NULL,NULL,NULL,NULL,NULL,NULL,NULL,0,NULL),(482,'450054021389','10',1,1,'2018-09-03 11:33:12',1,'2018_09_03_11_33_12_10_Cardnumbers.pdf',0,NULL,NULL,NULL,NULL,NULL,NULL,NULL,0,NULL),(483,'450054021390','10',1,1,'2018-09-03 11:33:12',1,'2018_09_03_11_33_12_10_Cardnumbers.pdf',0,NULL,NULL,NULL,NULL,NULL,NULL,NULL,0,NULL),(484,'450054021391','10',1,1,'2018-09-03 11:33:55',1,'2018_09_03_11_33_55_10_Cardnumbers.pdf',0,NULL,NULL,NULL,NULL,NULL,NULL,NULL,0,NULL),(485,'450054021392','10',1,1,'2018-09-03 11:33:55',1,'2018_09_03_11_33_55_10_Cardnumbers.pdf',0,NULL,NULL,NULL,NULL,NULL,NULL,NULL,0,NULL),(486,'450054021393','10',1,1,'2018-09-03 11:33:55',1,'2018_09_03_11_33_55_10_Cardnumbers.pdf',0,NULL,NULL,NULL,NULL,NULL,NULL,NULL,0,NULL),(487,'450054021394','10',1,1,'2018-09-03 11:33:55',1,'2018_09_03_11_33_55_10_Cardnumbers.pdf',0,NULL,NULL,NULL,NULL,NULL,NULL,NULL,0,NULL),(488,'450054021395','10',1,1,'2018-09-03 11:33:55',1,'2018_09_03_11_33_55_10_Cardnumbers.pdf',0,NULL,NULL,NULL,NULL,NULL,NULL,NULL,0,NULL),(489,'450054021396','10',1,1,'2018-09-03 11:33:55',1,'2018_09_03_11_33_55_10_Cardnumbers.pdf',0,NULL,NULL,NULL,NULL,NULL,NULL,NULL,0,NULL),(490,'450054021397','10',1,1,'2018-09-03 11:33:55',1,'2018_09_03_11_33_55_10_Cardnumbers.pdf',0,NULL,NULL,NULL,NULL,NULL,NULL,NULL,0,NULL),(491,'450054021398','10',1,1,'2018-09-03 11:33:55',1,'2018_09_03_11_33_55_10_Cardnumbers.pdf',0,NULL,NULL,NULL,NULL,NULL,NULL,NULL,0,NULL),(492,'450054021399','10',1,1,'2018-09-03 11:33:55',1,'2018_09_03_11_33_55_10_Cardnumbers.pdf',0,NULL,NULL,NULL,NULL,NULL,NULL,NULL,0,NULL),(493,'450054021400','10',1,1,'2018-09-03 11:33:55',1,'2018_09_03_11_33_55_10_Cardnumbers.pdf',0,NULL,NULL,NULL,NULL,NULL,NULL,NULL,0,NULL),(494,'450054021401','30',1,1,'2018-09-03 16:32:10',1,'2018_09_03_16_32_10_30_Cardnumbers.pdf',0,NULL,NULL,NULL,NULL,NULL,NULL,NULL,0,NULL),(495,'450054021402','30',1,1,'2018-09-03 16:32:10',1,'2018_09_03_16_32_10_30_Cardnumbers.pdf',0,NULL,NULL,NULL,NULL,NULL,NULL,NULL,0,NULL),(496,'450054021403','30',1,1,'2018-09-03 16:32:10',1,'2018_09_03_16_32_10_30_Cardnumbers.pdf',0,NULL,NULL,NULL,NULL,NULL,NULL,NULL,0,NULL),(497,'450054021404','30',1,1,'2018-09-03 16:32:10',1,'2018_09_03_16_32_10_30_Cardnumbers.pdf',0,NULL,NULL,NULL,NULL,NULL,NULL,NULL,0,NULL),(498,'450054021405','30',1,1,'2018-09-03 16:32:10',1,'2018_09_03_16_32_10_30_Cardnumbers.pdf',0,NULL,NULL,NULL,NULL,NULL,NULL,NULL,0,NULL),(499,'450054021406','30',1,1,'2018-09-03 16:32:10',1,'2018_09_03_16_32_10_30_Cardnumbers.pdf',0,NULL,NULL,NULL,NULL,NULL,NULL,NULL,0,NULL),(500,'450054021407','30',1,1,'2018-09-03 16:32:10',1,'2018_09_03_16_32_10_30_Cardnumbers.pdf',0,NULL,NULL,NULL,NULL,NULL,NULL,NULL,0,NULL),(501,'450054021408','30',1,1,'2018-09-03 16:32:10',1,'2018_09_03_16_32_10_30_Cardnumbers.pdf',0,NULL,NULL,NULL,NULL,NULL,NULL,NULL,0,NULL),(502,'450054021409','30',1,1,'2018-09-03 16:32:10',1,'2018_09_03_16_32_10_30_Cardnumbers.pdf',0,NULL,NULL,NULL,NULL,NULL,NULL,NULL,0,NULL),(503,'450054021410','30',1,1,'2018-09-03 16:32:10',1,'2018_09_03_16_32_10_30_Cardnumbers.pdf',0,NULL,NULL,NULL,NULL,NULL,NULL,NULL,0,NULL),(504,'450054021411','30',1,1,'2018-09-03 16:32:10',1,'2018_09_03_16_32_10_30_Cardnumbers.pdf',0,NULL,NULL,NULL,NULL,NULL,NULL,NULL,0,NULL),(505,'450054021412','30',1,1,'2018-09-03 16:32:10',1,'2018_09_03_16_32_10_30_Cardnumbers.pdf',0,NULL,NULL,NULL,NULL,NULL,NULL,NULL,0,NULL),(506,'450054021413','30',1,1,'2018-09-03 16:32:10',1,'2018_09_03_16_32_10_30_Cardnumbers.pdf',0,NULL,NULL,NULL,NULL,NULL,NULL,NULL,0,NULL),(507,'450054021414','30',1,1,'2018-09-03 16:32:10',1,'2018_09_03_16_32_10_30_Cardnumbers.pdf',0,NULL,NULL,NULL,NULL,NULL,NULL,NULL,0,NULL),(508,'450054021415','30',1,1,'2018-09-03 16:32:10',1,'2018_09_03_16_32_10_30_Cardnumbers.pdf',0,NULL,NULL,NULL,NULL,NULL,NULL,NULL,0,NULL),(509,'450054021416','30',1,1,'2018-09-03 16:32:10',1,'2018_09_03_16_32_10_30_Cardnumbers.pdf',0,NULL,NULL,NULL,NULL,NULL,NULL,NULL,0,NULL),(510,'450054021417','30',1,1,'2018-09-03 16:32:10',1,'2018_09_03_16_32_10_30_Cardnumbers.pdf',0,NULL,NULL,NULL,NULL,NULL,NULL,NULL,0,NULL),(511,'450054021418','30',1,1,'2018-09-03 16:32:10',1,'2018_09_03_16_32_10_30_Cardnumbers.pdf',0,NULL,NULL,NULL,NULL,NULL,NULL,NULL,0,NULL),(512,'450054021419','30',1,1,'2018-09-03 16:32:10',1,'2018_09_03_16_32_10_30_Cardnumbers.pdf',0,NULL,NULL,NULL,NULL,NULL,NULL,NULL,0,NULL),(513,'450054021420','30',1,1,'2018-09-03 16:32:10',1,'2018_09_03_16_32_10_30_Cardnumbers.pdf',0,NULL,NULL,NULL,NULL,NULL,NULL,NULL,0,NULL),(514,'450054021421','30',1,1,'2018-09-03 16:32:10',1,'2018_09_03_16_32_10_30_Cardnumbers.pdf',0,NULL,NULL,NULL,NULL,NULL,NULL,NULL,0,NULL),(515,'450054021422','30',1,1,'2018-09-03 16:32:10',1,'2018_09_03_16_32_10_30_Cardnumbers.pdf',0,NULL,NULL,NULL,NULL,NULL,NULL,NULL,0,NULL),(516,'450054021423','30',1,1,'2018-09-03 16:32:10',1,'2018_09_03_16_32_10_30_Cardnumbers.pdf',0,NULL,NULL,NULL,NULL,NULL,NULL,NULL,0,NULL),(517,'450054021424','30',1,1,'2018-09-03 16:32:10',1,'2018_09_03_16_32_10_30_Cardnumbers.pdf',0,NULL,NULL,NULL,NULL,NULL,NULL,NULL,0,NULL),(518,'450054021425','30',1,1,'2018-09-03 16:32:10',1,'2018_09_03_16_32_10_30_Cardnumbers.pdf',0,NULL,NULL,NULL,NULL,NULL,NULL,NULL,0,NULL),(519,'450054021426','30',1,1,'2018-09-03 16:32:10',1,'2018_09_03_16_32_10_30_Cardnumbers.pdf',0,NULL,NULL,NULL,NULL,NULL,NULL,NULL,0,NULL),(520,'450054021427','30',1,1,'2018-09-03 16:32:10',1,'2018_09_03_16_32_10_30_Cardnumbers.pdf',0,NULL,NULL,NULL,NULL,NULL,NULL,NULL,0,NULL),(521,'450054021428','30',1,1,'2018-09-03 16:32:10',1,'2018_09_03_16_32_10_30_Cardnumbers.pdf',0,NULL,NULL,NULL,NULL,NULL,NULL,NULL,0,NULL),(522,'450054021429','30',1,1,'2018-09-03 16:32:10',1,'2018_09_03_16_32_10_30_Cardnumbers.pdf',0,NULL,NULL,NULL,NULL,NULL,NULL,NULL,0,NULL),(523,'450054021430','30',1,1,'2018-09-03 16:32:10',1,'2018_09_03_16_32_10_30_Cardnumbers.pdf',0,NULL,NULL,NULL,NULL,NULL,NULL,NULL,0,NULL),(524,'450054021431','30',1,1,'2018-09-06 10:24:50',1,'2018_09_06_10_24_50_30_Cardnumbers.pdf',0,NULL,NULL,NULL,NULL,NULL,NULL,NULL,0,NULL),(525,'450054021432','30',1,1,'2018-09-06 10:24:50',1,'2018_09_06_10_24_50_30_Cardnumbers.pdf',0,NULL,NULL,NULL,NULL,NULL,NULL,NULL,0,NULL),(526,'450054021433','30',1,1,'2018-09-06 10:24:50',1,'2018_09_06_10_24_50_30_Cardnumbers.pdf',0,NULL,NULL,NULL,NULL,NULL,NULL,NULL,0,NULL),(527,'450054021434','30',1,1,'2018-09-06 10:24:50',1,'2018_09_06_10_24_50_30_Cardnumbers.pdf',0,NULL,NULL,NULL,NULL,NULL,NULL,NULL,0,NULL),(528,'450054021435','30',1,1,'2018-09-06 10:24:50',1,'2018_09_06_10_24_50_30_Cardnumbers.pdf',0,NULL,NULL,NULL,NULL,NULL,NULL,NULL,0,NULL),(529,'450054021436','30',1,1,'2018-09-06 10:24:50',1,'2018_09_06_10_24_50_30_Cardnumbers.pdf',0,NULL,NULL,NULL,NULL,NULL,NULL,NULL,0,NULL),(530,'450054021437','30',1,1,'2018-09-06 10:24:50',1,'2018_09_06_10_24_50_30_Cardnumbers.pdf',0,NULL,NULL,NULL,NULL,NULL,NULL,NULL,0,NULL),(531,'450054021438','30',1,1,'2018-09-06 10:24:50',1,'2018_09_06_10_24_50_30_Cardnumbers.pdf',0,NULL,NULL,NULL,NULL,NULL,NULL,NULL,0,NULL),(532,'450054021439','30',1,1,'2018-09-06 10:24:50',1,'2018_09_06_10_24_50_30_Cardnumbers.pdf',0,NULL,NULL,NULL,NULL,NULL,NULL,NULL,0,NULL),(533,'450054021440','30',1,1,'2018-09-06 10:24:50',1,'2018_09_06_10_24_50_30_Cardnumbers.pdf',0,NULL,NULL,NULL,NULL,NULL,NULL,NULL,0,NULL),(534,'450054021441','30',1,1,'2018-09-06 10:24:50',1,'2018_09_06_10_24_50_30_Cardnumbers.pdf',0,NULL,NULL,NULL,NULL,NULL,NULL,NULL,0,NULL),(535,'450054021442','30',1,1,'2018-09-06 10:24:50',1,'2018_09_06_10_24_50_30_Cardnumbers.pdf',0,NULL,NULL,NULL,NULL,NULL,NULL,NULL,0,NULL),(536,'450054021443','30',1,1,'2018-09-06 10:24:50',1,'2018_09_06_10_24_50_30_Cardnumbers.pdf',0,NULL,NULL,NULL,NULL,NULL,NULL,NULL,0,NULL),(537,'450054021444','30',1,1,'2018-09-06 10:24:50',1,'2018_09_06_10_24_50_30_Cardnumbers.pdf',0,NULL,NULL,NULL,NULL,NULL,NULL,NULL,0,NULL),(538,'450054021445','30',1,1,'2018-09-06 10:24:50',1,'2018_09_06_10_24_50_30_Cardnumbers.pdf',0,NULL,NULL,NULL,NULL,NULL,NULL,NULL,0,NULL),(539,'450054021446','30',1,1,'2018-09-06 10:24:50',1,'2018_09_06_10_24_50_30_Cardnumbers.pdf',0,NULL,NULL,NULL,NULL,NULL,NULL,NULL,0,NULL),(540,'450054021447','30',1,1,'2018-09-06 10:24:50',1,'2018_09_06_10_24_50_30_Cardnumbers.pdf',0,NULL,NULL,NULL,NULL,NULL,NULL,NULL,0,NULL),(541,'450054021448','30',1,1,'2018-09-06 10:24:50',1,'2018_09_06_10_24_50_30_Cardnumbers.pdf',0,NULL,NULL,NULL,NULL,NULL,NULL,NULL,0,NULL),(542,'450054021449','30',1,1,'2018-09-06 10:24:50',1,'2018_09_06_10_24_50_30_Cardnumbers.pdf',0,NULL,NULL,NULL,NULL,NULL,NULL,NULL,0,NULL),(543,'450054021450','30',1,1,'2018-09-06 10:24:50',1,'2018_09_06_10_24_50_30_Cardnumbers.pdf',0,NULL,NULL,NULL,NULL,NULL,NULL,NULL,0,NULL),(544,'450054021451','30',1,1,'2018-09-06 10:24:50',1,'2018_09_06_10_24_50_30_Cardnumbers.pdf',0,NULL,NULL,NULL,NULL,NULL,NULL,NULL,0,NULL),(545,'450054021452','30',1,1,'2018-09-06 10:24:50',1,'2018_09_06_10_24_50_30_Cardnumbers.pdf',0,NULL,NULL,NULL,NULL,NULL,NULL,NULL,0,NULL),(546,'450054021453','30',1,1,'2018-09-06 10:24:50',1,'2018_09_06_10_24_50_30_Cardnumbers.pdf',0,NULL,NULL,NULL,NULL,NULL,NULL,NULL,0,NULL),(547,'450054021454','30',1,1,'2018-09-06 10:24:50',1,'2018_09_06_10_24_50_30_Cardnumbers.pdf',0,NULL,NULL,NULL,NULL,NULL,NULL,NULL,0,NULL),(548,'450054021455','30',1,1,'2018-09-06 10:24:50',1,'2018_09_06_10_24_50_30_Cardnumbers.pdf',0,NULL,NULL,NULL,NULL,NULL,NULL,NULL,0,NULL),(549,'450054021456','30',1,1,'2018-09-06 10:24:50',1,'2018_09_06_10_24_50_30_Cardnumbers.pdf',0,NULL,NULL,NULL,NULL,NULL,NULL,NULL,0,NULL),(550,'450054021457','30',1,1,'2018-09-06 10:24:50',1,'2018_09_06_10_24_50_30_Cardnumbers.pdf',0,NULL,NULL,NULL,NULL,NULL,NULL,NULL,0,NULL),(551,'450054021458','30',1,1,'2018-09-06 10:24:50',1,'2018_09_06_10_24_50_30_Cardnumbers.pdf',0,NULL,NULL,NULL,NULL,NULL,NULL,NULL,0,NULL),(552,'450054021459','30',1,1,'2018-09-06 10:24:50',1,'2018_09_06_10_24_50_30_Cardnumbers.pdf',0,NULL,NULL,NULL,NULL,NULL,NULL,NULL,0,NULL),(553,'450054021460','30',1,1,'2018-09-06 10:24:50',1,'2018_09_06_10_24_50_30_Cardnumbers.pdf',0,NULL,NULL,NULL,NULL,NULL,NULL,NULL,0,NULL),(554,'450054021461','30',1,1,'2018-09-06 10:39:17',1,'2018_09_06_10_39_17_30_Cardnumbers.pdf',0,NULL,NULL,NULL,NULL,NULL,NULL,NULL,0,NULL),(555,'450054021462','30',1,1,'2018-09-06 10:39:17',1,'2018_09_06_10_39_17_30_Cardnumbers.pdf',0,NULL,NULL,NULL,NULL,NULL,NULL,NULL,0,NULL),(556,'450054021463','30',1,1,'2018-09-06 10:39:17',1,'2018_09_06_10_39_17_30_Cardnumbers.pdf',0,NULL,NULL,NULL,NULL,NULL,NULL,NULL,0,NULL),(557,'450054021464','30',1,1,'2018-09-06 10:39:17',1,'2018_09_06_10_39_17_30_Cardnumbers.pdf',0,NULL,NULL,NULL,NULL,NULL,NULL,NULL,0,NULL),(558,'450054021465','30',1,1,'2018-09-06 10:39:17',1,'2018_09_06_10_39_17_30_Cardnumbers.pdf',0,NULL,NULL,NULL,NULL,NULL,NULL,NULL,0,NULL),(559,'450054021466','30',1,1,'2018-09-06 10:39:17',1,'2018_09_06_10_39_17_30_Cardnumbers.pdf',0,NULL,NULL,NULL,NULL,NULL,NULL,NULL,0,NULL),(560,'450054021467','30',1,1,'2018-09-06 10:39:17',1,'2018_09_06_10_39_17_30_Cardnumbers.pdf',0,NULL,NULL,NULL,NULL,NULL,NULL,NULL,0,NULL),(561,'450054021468','30',1,1,'2018-09-06 10:39:17',1,'2018_09_06_10_39_17_30_Cardnumbers.pdf',0,NULL,NULL,NULL,NULL,NULL,NULL,NULL,0,NULL),(562,'450054021469','30',1,1,'2018-09-06 10:39:17',1,'2018_09_06_10_39_17_30_Cardnumbers.pdf',0,NULL,NULL,NULL,NULL,NULL,NULL,NULL,0,NULL),(563,'450054021470','30',1,1,'2018-09-06 10:39:17',1,'2018_09_06_10_39_17_30_Cardnumbers.pdf',0,NULL,NULL,NULL,NULL,NULL,NULL,NULL,0,NULL),(564,'450054021471','30',1,1,'2018-09-06 10:39:17',1,'2018_09_06_10_39_17_30_Cardnumbers.pdf',0,NULL,NULL,NULL,NULL,NULL,NULL,NULL,0,NULL),(565,'450054021472','30',1,1,'2018-09-06 10:39:17',1,'2018_09_06_10_39_17_30_Cardnumbers.pdf',0,NULL,NULL,NULL,NULL,NULL,NULL,NULL,0,NULL),(566,'450054021473','30',1,1,'2018-09-06 10:39:17',1,'2018_09_06_10_39_17_30_Cardnumbers.pdf',0,NULL,NULL,NULL,NULL,NULL,NULL,NULL,0,NULL),(567,'450054021474','30',1,1,'2018-09-06 10:39:17',1,'2018_09_06_10_39_17_30_Cardnumbers.pdf',0,NULL,NULL,NULL,NULL,NULL,NULL,NULL,0,NULL),(568,'450054021475','30',1,1,'2018-09-06 10:39:17',1,'2018_09_06_10_39_17_30_Cardnumbers.pdf',0,NULL,NULL,NULL,NULL,NULL,NULL,NULL,0,NULL),(569,'450054021476','30',1,1,'2018-09-06 10:39:17',1,'2018_09_06_10_39_17_30_Cardnumbers.pdf',0,NULL,NULL,NULL,NULL,NULL,NULL,NULL,0,NULL),(570,'450054021477','30',1,1,'2018-09-06 10:39:17',1,'2018_09_06_10_39_17_30_Cardnumbers.pdf',0,NULL,NULL,NULL,NULL,NULL,NULL,NULL,0,NULL),(571,'450054021478','30',1,1,'2018-09-06 10:39:17',1,'2018_09_06_10_39_17_30_Cardnumbers.pdf',0,NULL,NULL,NULL,NULL,NULL,NULL,NULL,0,NULL),(572,'450054021479','30',1,1,'2018-09-06 10:39:17',1,'2018_09_06_10_39_17_30_Cardnumbers.pdf',0,NULL,NULL,NULL,NULL,NULL,NULL,NULL,0,NULL),(573,'450054021480','30',1,1,'2018-09-06 10:39:17',1,'2018_09_06_10_39_17_30_Cardnumbers.pdf',0,NULL,NULL,NULL,NULL,NULL,NULL,NULL,0,NULL),(574,'450054021481','30',1,1,'2018-09-06 10:39:17',1,'2018_09_06_10_39_17_30_Cardnumbers.pdf',0,NULL,NULL,NULL,NULL,NULL,NULL,NULL,0,NULL),(575,'450054021482','30',1,1,'2018-09-06 10:39:17',1,'2018_09_06_10_39_17_30_Cardnumbers.pdf',0,NULL,NULL,NULL,NULL,NULL,NULL,NULL,0,NULL),(576,'450054021483','30',1,1,'2018-09-06 10:39:17',1,'2018_09_06_10_39_17_30_Cardnumbers.pdf',0,NULL,NULL,NULL,NULL,NULL,NULL,NULL,0,NULL),(577,'450054021484','30',1,1,'2018-09-06 10:39:17',1,'2018_09_06_10_39_17_30_Cardnumbers.pdf',0,NULL,NULL,NULL,NULL,NULL,NULL,NULL,0,NULL),(578,'450054021485','30',1,1,'2018-09-06 10:39:17',1,'2018_09_06_10_39_17_30_Cardnumbers.pdf',0,NULL,NULL,NULL,NULL,NULL,NULL,NULL,0,NULL),(579,'450054021486','30',1,1,'2018-09-06 10:39:17',1,'2018_09_06_10_39_17_30_Cardnumbers.pdf',0,NULL,NULL,NULL,NULL,NULL,NULL,NULL,0,NULL),(580,'450054021487','30',1,1,'2018-09-06 10:39:17',1,'2018_09_06_10_39_17_30_Cardnumbers.pdf',0,NULL,NULL,NULL,NULL,NULL,NULL,NULL,0,NULL),(581,'450054021488','30',1,1,'2018-09-06 10:39:17',1,'2018_09_06_10_39_17_30_Cardnumbers.pdf',0,NULL,NULL,NULL,NULL,NULL,NULL,NULL,0,NULL),(582,'450054021489','30',1,1,'2018-09-06 10:39:17',1,'2018_09_06_10_39_17_30_Cardnumbers.pdf',0,NULL,NULL,NULL,NULL,NULL,NULL,NULL,0,NULL),(583,'450054021490','30',1,1,'2018-09-06 10:39:17',1,'2018_09_06_10_39_17_30_Cardnumbers.pdf',0,NULL,NULL,NULL,NULL,NULL,NULL,NULL,0,NULL),(584,'450054021491','30',1,1,'2018-09-06 10:40:39',1,'2018_09_06_10_40_39_30_Cardnumbers.pdf',0,NULL,NULL,NULL,NULL,NULL,NULL,NULL,0,NULL),(585,'450054021492','30',1,1,'2018-09-06 10:40:39',1,'2018_09_06_10_40_39_30_Cardnumbers.pdf',0,NULL,NULL,NULL,NULL,NULL,NULL,NULL,0,NULL),(586,'450054021493','30',1,1,'2018-09-06 10:40:39',1,'2018_09_06_10_40_39_30_Cardnumbers.pdf',0,NULL,NULL,NULL,NULL,NULL,NULL,NULL,0,NULL),(587,'450054021494','30',1,1,'2018-09-06 10:40:39',1,'2018_09_06_10_40_39_30_Cardnumbers.pdf',0,NULL,NULL,NULL,NULL,NULL,NULL,NULL,0,NULL),(588,'450054021495','30',1,1,'2018-09-06 10:40:39',1,'2018_09_06_10_40_39_30_Cardnumbers.pdf',0,NULL,NULL,NULL,NULL,NULL,NULL,NULL,0,NULL),(589,'450054021496','30',1,1,'2018-09-06 10:40:39',1,'2018_09_06_10_40_39_30_Cardnumbers.pdf',0,NULL,NULL,NULL,NULL,NULL,NULL,NULL,0,NULL),(590,'450054021497','30',1,1,'2018-09-06 10:40:39',1,'2018_09_06_10_40_39_30_Cardnumbers.pdf',0,NULL,NULL,NULL,NULL,NULL,NULL,NULL,0,NULL),(591,'450054021498','30',1,1,'2018-09-06 10:40:39',1,'2018_09_06_10_40_39_30_Cardnumbers.pdf',0,NULL,NULL,NULL,NULL,NULL,NULL,NULL,0,NULL),(592,'450054021499','30',1,1,'2018-09-06 10:40:39',1,'2018_09_06_10_40_39_30_Cardnumbers.pdf',0,NULL,NULL,NULL,NULL,NULL,NULL,NULL,0,NULL),(593,'450054021500','30',1,1,'2018-09-06 10:40:39',1,'2018_09_06_10_40_39_30_Cardnumbers.pdf',0,NULL,NULL,NULL,NULL,NULL,NULL,NULL,0,NULL),(594,'450054021501','30',1,1,'2018-09-06 10:40:39',1,'2018_09_06_10_40_39_30_Cardnumbers.pdf',0,NULL,NULL,NULL,NULL,NULL,NULL,NULL,0,NULL),(595,'450054021502','30',1,1,'2018-09-06 10:40:39',1,'2018_09_06_10_40_39_30_Cardnumbers.pdf',0,NULL,NULL,NULL,NULL,NULL,NULL,NULL,0,NULL),(596,'450054021503','30',1,1,'2018-09-06 10:40:39',1,'2018_09_06_10_40_39_30_Cardnumbers.pdf',0,NULL,NULL,NULL,NULL,NULL,NULL,NULL,0,NULL),(597,'450054021504','30',1,1,'2018-09-06 10:40:39',1,'2018_09_06_10_40_39_30_Cardnumbers.pdf',0,NULL,NULL,NULL,NULL,NULL,NULL,NULL,0,NULL),(598,'450054021505','30',1,1,'2018-09-06 10:40:39',1,'2018_09_06_10_40_39_30_Cardnumbers.pdf',0,NULL,NULL,NULL,NULL,NULL,NULL,NULL,0,NULL),(599,'450054021506','30',1,1,'2018-09-06 10:40:39',1,'2018_09_06_10_40_39_30_Cardnumbers.pdf',0,NULL,NULL,NULL,NULL,NULL,NULL,NULL,0,NULL),(600,'450054021507','30',1,1,'2018-09-06 10:40:39',1,'2018_09_06_10_40_39_30_Cardnumbers.pdf',0,NULL,NULL,NULL,NULL,NULL,NULL,NULL,0,NULL),(601,'450054021508','30',1,1,'2018-09-06 10:40:39',1,'2018_09_06_10_40_39_30_Cardnumbers.pdf',0,NULL,NULL,NULL,NULL,NULL,NULL,NULL,0,NULL),(602,'450054021509','30',1,1,'2018-09-06 10:40:39',1,'2018_09_06_10_40_39_30_Cardnumbers.pdf',0,NULL,NULL,NULL,NULL,NULL,NULL,NULL,0,NULL),(603,'450054021510','30',1,1,'2018-09-06 10:40:39',1,'2018_09_06_10_40_39_30_Cardnumbers.pdf',0,NULL,NULL,NULL,NULL,NULL,NULL,NULL,0,NULL),(604,'450054021511','30',1,1,'2018-09-06 10:40:39',1,'2018_09_06_10_40_39_30_Cardnumbers.pdf',0,NULL,NULL,NULL,NULL,NULL,NULL,NULL,0,NULL),(605,'450054021512','30',1,1,'2018-09-06 10:40:39',1,'2018_09_06_10_40_39_30_Cardnumbers.pdf',0,NULL,NULL,NULL,NULL,NULL,NULL,NULL,0,NULL),(606,'450054021513','30',1,1,'2018-09-06 10:40:39',1,'2018_09_06_10_40_39_30_Cardnumbers.pdf',0,NULL,NULL,NULL,NULL,NULL,NULL,NULL,0,NULL),(607,'450054021514','30',1,1,'2018-09-06 10:40:39',1,'2018_09_06_10_40_39_30_Cardnumbers.pdf',0,NULL,NULL,NULL,NULL,NULL,NULL,NULL,0,NULL),(608,'450054021515','30',1,1,'2018-09-06 10:40:39',1,'2018_09_06_10_40_39_30_Cardnumbers.pdf',0,NULL,NULL,NULL,NULL,NULL,NULL,NULL,0,NULL),(609,'450054021516','30',1,1,'2018-09-06 10:40:39',1,'2018_09_06_10_40_39_30_Cardnumbers.pdf',0,NULL,NULL,NULL,NULL,NULL,NULL,NULL,0,NULL),(610,'450054021517','30',1,1,'2018-09-06 10:40:39',1,'2018_09_06_10_40_39_30_Cardnumbers.pdf',0,NULL,NULL,NULL,NULL,NULL,NULL,NULL,0,NULL),(611,'450054021518','30',1,1,'2018-09-06 10:40:39',1,'2018_09_06_10_40_39_30_Cardnumbers.pdf',0,NULL,NULL,NULL,NULL,NULL,NULL,NULL,0,NULL),(612,'450054021519','30',1,1,'2018-09-06 10:40:39',1,'2018_09_06_10_40_39_30_Cardnumbers.pdf',0,NULL,NULL,NULL,NULL,NULL,NULL,NULL,0,NULL),(613,'450054021520','30',1,1,'2018-09-06 10:40:39',1,'2018_09_06_10_40_39_30_Cardnumbers.pdf',0,NULL,NULL,NULL,NULL,NULL,NULL,NULL,0,NULL),(614,'450054021521','30',1,1,'2018-09-06 10:45:28',1,'2018_09_06_10_45_28_30_Cardnumbers.pdf',0,NULL,NULL,NULL,NULL,NULL,NULL,NULL,0,NULL),(615,'450054021522','30',1,1,'2018-09-06 10:45:28',1,'2018_09_06_10_45_28_30_Cardnumbers.pdf',0,NULL,NULL,NULL,NULL,NULL,NULL,NULL,0,NULL),(616,'450054021523','30',1,1,'2018-09-06 10:45:28',1,'2018_09_06_10_45_28_30_Cardnumbers.pdf',0,NULL,NULL,NULL,NULL,NULL,NULL,NULL,0,NULL),(617,'450054021524','30',1,1,'2018-09-06 10:45:28',1,'2018_09_06_10_45_28_30_Cardnumbers.pdf',0,NULL,NULL,NULL,NULL,NULL,NULL,NULL,0,NULL),(618,'450054021525','30',1,1,'2018-09-06 10:45:28',1,'2018_09_06_10_45_28_30_Cardnumbers.pdf',0,NULL,NULL,NULL,NULL,NULL,NULL,NULL,0,NULL),(619,'450054021526','30',1,1,'2018-09-06 10:45:28',1,'2018_09_06_10_45_28_30_Cardnumbers.pdf',0,NULL,NULL,NULL,NULL,NULL,NULL,NULL,0,NULL),(620,'450054021527','30',1,1,'2018-09-06 10:45:28',1,'2018_09_06_10_45_28_30_Cardnumbers.pdf',0,NULL,NULL,NULL,NULL,NULL,NULL,NULL,0,NULL),(621,'450054021528','30',1,1,'2018-09-06 10:45:28',1,'2018_09_06_10_45_28_30_Cardnumbers.pdf',0,NULL,NULL,NULL,NULL,NULL,NULL,NULL,0,NULL),(622,'450054021529','30',1,1,'2018-09-06 10:45:28',1,'2018_09_06_10_45_28_30_Cardnumbers.pdf',0,NULL,NULL,NULL,NULL,NULL,NULL,NULL,0,NULL),(623,'450054021530','30',1,1,'2018-09-06 10:45:28',1,'2018_09_06_10_45_28_30_Cardnumbers.pdf',0,NULL,NULL,NULL,NULL,NULL,NULL,NULL,0,NULL),(624,'450054021531','30',1,1,'2018-09-06 10:45:28',1,'2018_09_06_10_45_28_30_Cardnumbers.pdf',0,NULL,NULL,NULL,NULL,NULL,NULL,NULL,0,NULL),(625,'450054021532','30',1,1,'2018-09-06 10:45:28',1,'2018_09_06_10_45_28_30_Cardnumbers.pdf',0,NULL,NULL,NULL,NULL,NULL,NULL,NULL,0,NULL),(626,'450054021533','30',1,1,'2018-09-06 10:45:28',1,'2018_09_06_10_45_28_30_Cardnumbers.pdf',0,NULL,NULL,NULL,NULL,NULL,NULL,NULL,0,NULL),(627,'450054021534','30',1,1,'2018-09-06 10:45:28',1,'2018_09_06_10_45_28_30_Cardnumbers.pdf',0,NULL,NULL,NULL,NULL,NULL,NULL,NULL,0,NULL),(628,'450054021535','30',1,1,'2018-09-06 10:45:28',1,'2018_09_06_10_45_28_30_Cardnumbers.pdf',0,NULL,NULL,NULL,NULL,NULL,NULL,NULL,0,NULL),(629,'450054021536','30',1,1,'2018-09-06 10:45:28',1,'2018_09_06_10_45_28_30_Cardnumbers.pdf',0,NULL,NULL,NULL,NULL,NULL,NULL,NULL,0,NULL),(630,'450054021537','30',1,1,'2018-09-06 10:45:28',1,'2018_09_06_10_45_28_30_Cardnumbers.pdf',0,NULL,NULL,NULL,NULL,NULL,NULL,NULL,0,NULL),(631,'450054021538','30',1,1,'2018-09-06 10:45:28',1,'2018_09_06_10_45_28_30_Cardnumbers.pdf',0,NULL,NULL,NULL,NULL,NULL,NULL,NULL,0,NULL),(632,'450054021539','30',1,1,'2018-09-06 10:45:28',1,'2018_09_06_10_45_28_30_Cardnumbers.pdf',0,NULL,NULL,NULL,NULL,NULL,NULL,NULL,0,NULL),(633,'450054021540','30',1,1,'2018-09-06 10:45:28',1,'2018_09_06_10_45_28_30_Cardnumbers.pdf',0,NULL,NULL,NULL,NULL,NULL,NULL,NULL,0,NULL),(634,'450054021541','30',1,1,'2018-09-06 10:45:28',1,'2018_09_06_10_45_28_30_Cardnumbers.pdf',0,NULL,NULL,NULL,NULL,NULL,NULL,NULL,0,NULL),(635,'450054021542','30',1,1,'2018-09-06 10:45:28',1,'2018_09_06_10_45_28_30_Cardnumbers.pdf',0,NULL,NULL,NULL,NULL,NULL,NULL,NULL,0,NULL),(636,'450054021543','30',1,1,'2018-09-06 10:45:28',1,'2018_09_06_10_45_28_30_Cardnumbers.pdf',0,NULL,NULL,NULL,NULL,NULL,NULL,NULL,0,NULL),(637,'450054021544','30',1,1,'2018-09-06 10:45:28',1,'2018_09_06_10_45_28_30_Cardnumbers.pdf',0,NULL,NULL,NULL,NULL,NULL,NULL,NULL,0,NULL),(638,'450054021545','30',1,1,'2018-09-06 10:45:28',1,'2018_09_06_10_45_28_30_Cardnumbers.pdf',0,NULL,NULL,NULL,NULL,NULL,NULL,NULL,0,NULL),(639,'450054021546','30',1,1,'2018-09-06 10:45:28',1,'2018_09_06_10_45_28_30_Cardnumbers.pdf',0,NULL,NULL,NULL,NULL,NULL,NULL,NULL,0,NULL),(640,'450054021547','30',1,1,'2018-09-06 10:45:28',1,'2018_09_06_10_45_28_30_Cardnumbers.pdf',0,NULL,NULL,NULL,NULL,NULL,NULL,NULL,0,NULL),(641,'450054021548','30',1,1,'2018-09-06 10:45:28',1,'2018_09_06_10_45_28_30_Cardnumbers.pdf',0,NULL,NULL,NULL,NULL,NULL,NULL,NULL,0,NULL),(642,'450054021549','30',1,1,'2018-09-06 10:45:28',1,'2018_09_06_10_45_28_30_Cardnumbers.pdf',0,NULL,NULL,NULL,NULL,NULL,NULL,NULL,0,NULL),(643,'450054021550','30',1,1,'2018-09-06 10:45:28',1,'2018_09_06_10_45_28_30_Cardnumbers.pdf',0,NULL,NULL,NULL,NULL,NULL,NULL,NULL,0,NULL),(644,'450054021551','30',1,1,'2018-09-06 10:48:55',1,'2018_09_06_10_48_55_30_Cardnumbers.pdf',0,NULL,NULL,NULL,NULL,NULL,NULL,NULL,0,NULL),(645,'450054021552','30',1,1,'2018-09-06 10:48:55',1,'2018_09_06_10_48_55_30_Cardnumbers.pdf',0,NULL,NULL,NULL,NULL,NULL,NULL,NULL,0,NULL),(646,'450054021553','30',1,1,'2018-09-06 10:48:55',1,'2018_09_06_10_48_55_30_Cardnumbers.pdf',0,NULL,NULL,NULL,NULL,NULL,NULL,NULL,0,NULL),(647,'450054021554','30',1,1,'2018-09-06 10:48:55',1,'2018_09_06_10_48_55_30_Cardnumbers.pdf',0,NULL,NULL,NULL,NULL,NULL,NULL,NULL,0,NULL),(648,'450054021555','30',1,1,'2018-09-06 10:48:55',1,'2018_09_06_10_48_55_30_Cardnumbers.pdf',0,NULL,NULL,NULL,NULL,NULL,NULL,NULL,0,NULL),(649,'450054021556','30',1,1,'2018-09-06 10:48:55',1,'2018_09_06_10_48_55_30_Cardnumbers.pdf',0,NULL,NULL,NULL,NULL,NULL,NULL,NULL,0,NULL),(650,'450054021557','30',1,1,'2018-09-06 10:48:55',1,'2018_09_06_10_48_55_30_Cardnumbers.pdf',0,NULL,NULL,NULL,NULL,NULL,NULL,NULL,0,NULL),(651,'450054021558','30',1,1,'2018-09-06 10:48:55',1,'2018_09_06_10_48_55_30_Cardnumbers.pdf',0,NULL,NULL,NULL,NULL,NULL,NULL,NULL,0,NULL),(652,'450054021559','30',1,1,'2018-09-06 10:48:55',1,'2018_09_06_10_48_55_30_Cardnumbers.pdf',0,NULL,NULL,NULL,NULL,NULL,NULL,NULL,0,NULL),(653,'450054021560','30',1,1,'2018-09-06 10:48:55',1,'2018_09_06_10_48_55_30_Cardnumbers.pdf',0,NULL,NULL,NULL,NULL,NULL,NULL,NULL,0,NULL),(654,'450054021561','30',1,1,'2018-09-06 10:48:55',1,'2018_09_06_10_48_55_30_Cardnumbers.pdf',0,NULL,NULL,NULL,NULL,NULL,NULL,NULL,0,NULL),(655,'450054021562','30',1,1,'2018-09-06 10:48:55',1,'2018_09_06_10_48_55_30_Cardnumbers.pdf',0,NULL,NULL,NULL,NULL,NULL,NULL,NULL,0,NULL),(656,'450054021563','30',1,1,'2018-09-06 10:48:55',1,'2018_09_06_10_48_55_30_Cardnumbers.pdf',0,NULL,NULL,NULL,NULL,NULL,NULL,NULL,0,NULL),(657,'450054021564','30',1,1,'2018-09-06 10:48:55',1,'2018_09_06_10_48_55_30_Cardnumbers.pdf',0,NULL,NULL,NULL,NULL,NULL,NULL,NULL,0,NULL),(658,'450054021565','30',1,1,'2018-09-06 10:48:55',1,'2018_09_06_10_48_55_30_Cardnumbers.pdf',0,NULL,NULL,NULL,NULL,NULL,NULL,NULL,0,NULL),(659,'450054021566','30',1,1,'2018-09-06 10:48:55',1,'2018_09_06_10_48_55_30_Cardnumbers.pdf',0,NULL,NULL,NULL,NULL,NULL,NULL,NULL,0,NULL),(660,'450054021567','30',1,1,'2018-09-06 10:48:55',1,'2018_09_06_10_48_55_30_Cardnumbers.pdf',0,NULL,NULL,NULL,NULL,NULL,NULL,NULL,0,NULL),(661,'450054021568','30',1,1,'2018-09-06 10:48:55',1,'2018_09_06_10_48_55_30_Cardnumbers.pdf',0,NULL,NULL,NULL,NULL,NULL,NULL,NULL,0,NULL),(662,'450054021569','30',1,1,'2018-09-06 10:48:55',1,'2018_09_06_10_48_55_30_Cardnumbers.pdf',0,NULL,NULL,NULL,NULL,NULL,NULL,NULL,0,NULL),(663,'450054021570','30',1,1,'2018-09-06 10:48:55',1,'2018_09_06_10_48_55_30_Cardnumbers.pdf',0,NULL,NULL,NULL,NULL,NULL,NULL,NULL,0,NULL),(664,'450054021571','30',1,1,'2018-09-06 10:48:55',1,'2018_09_06_10_48_55_30_Cardnumbers.pdf',0,NULL,NULL,NULL,NULL,NULL,NULL,NULL,0,NULL),(665,'450054021572','30',1,1,'2018-09-06 10:48:55',1,'2018_09_06_10_48_55_30_Cardnumbers.pdf',0,NULL,NULL,NULL,NULL,NULL,NULL,NULL,0,NULL),(666,'450054021573','30',1,1,'2018-09-06 10:48:55',1,'2018_09_06_10_48_55_30_Cardnumbers.pdf',0,NULL,NULL,NULL,NULL,NULL,NULL,NULL,0,NULL),(667,'450054021574','30',1,1,'2018-09-06 10:48:55',1,'2018_09_06_10_48_55_30_Cardnumbers.pdf',0,NULL,NULL,NULL,NULL,NULL,NULL,NULL,0,NULL),(668,'450054021575','30',1,1,'2018-09-06 10:48:55',1,'2018_09_06_10_48_55_30_Cardnumbers.pdf',0,NULL,NULL,NULL,NULL,NULL,NULL,NULL,0,NULL),(669,'450054021576','30',1,1,'2018-09-06 10:48:55',1,'2018_09_06_10_48_55_30_Cardnumbers.pdf',0,NULL,NULL,NULL,NULL,NULL,NULL,NULL,0,NULL),(670,'450054021577','30',1,1,'2018-09-06 10:48:55',1,'2018_09_06_10_48_55_30_Cardnumbers.pdf',0,NULL,NULL,NULL,NULL,NULL,NULL,NULL,0,NULL),(671,'450054021578','30',1,1,'2018-09-06 10:48:55',1,'2018_09_06_10_48_55_30_Cardnumbers.pdf',0,NULL,NULL,NULL,NULL,NULL,NULL,NULL,0,NULL),(672,'450054021579','30',1,1,'2018-09-06 10:48:55',1,'2018_09_06_10_48_55_30_Cardnumbers.pdf',0,NULL,NULL,NULL,NULL,NULL,NULL,NULL,0,NULL),(673,'450054021580','30',1,1,'2018-09-06 10:48:55',1,'2018_09_06_10_48_55_30_Cardnumbers.pdf',0,NULL,NULL,NULL,NULL,NULL,NULL,NULL,0,NULL),(674,'450054021581','30',1,1,'2018-09-06 13:06:16',1,'2018_09_06_13_06_16_30_Cardnumbers.pdf',0,NULL,NULL,NULL,NULL,NULL,NULL,NULL,0,NULL),(675,'450054021582','30',1,1,'2018-09-06 13:06:16',1,'2018_09_06_13_06_16_30_Cardnumbers.pdf',0,NULL,NULL,NULL,NULL,NULL,NULL,NULL,0,NULL),(676,'450054021583','30',1,1,'2018-09-06 13:06:16',1,'2018_09_06_13_06_16_30_Cardnumbers.pdf',0,NULL,NULL,NULL,NULL,NULL,NULL,NULL,0,NULL),(677,'450054021584','30',1,1,'2018-09-06 13:06:16',1,'2018_09_06_13_06_16_30_Cardnumbers.pdf',0,NULL,NULL,NULL,NULL,NULL,NULL,NULL,0,NULL),(678,'450054021585','30',1,1,'2018-09-06 13:06:16',1,'2018_09_06_13_06_16_30_Cardnumbers.pdf',0,NULL,NULL,NULL,NULL,NULL,NULL,NULL,0,NULL),(679,'450054021586','30',1,1,'2018-09-06 13:06:16',1,'2018_09_06_13_06_16_30_Cardnumbers.pdf',0,NULL,NULL,NULL,NULL,NULL,NULL,NULL,0,NULL),(680,'450054021587','30',1,1,'2018-09-06 13:06:16',1,'2018_09_06_13_06_16_30_Cardnumbers.pdf',0,NULL,NULL,NULL,NULL,NULL,NULL,NULL,0,NULL),(681,'450054021588','30',1,1,'2018-09-06 13:06:16',1,'2018_09_06_13_06_16_30_Cardnumbers.pdf',0,NULL,NULL,NULL,NULL,NULL,NULL,NULL,0,NULL),(682,'450054021589','30',1,1,'2018-09-06 13:06:16',1,'2018_09_06_13_06_16_30_Cardnumbers.pdf',0,NULL,NULL,NULL,NULL,NULL,NULL,NULL,0,NULL),(683,'450054021590','30',1,1,'2018-09-06 13:06:16',1,'2018_09_06_13_06_16_30_Cardnumbers.pdf',0,NULL,NULL,NULL,NULL,NULL,NULL,NULL,0,NULL),(684,'450054021591','30',1,1,'2018-09-06 13:06:16',1,'2018_09_06_13_06_16_30_Cardnumbers.pdf',0,NULL,NULL,NULL,NULL,NULL,NULL,NULL,0,NULL),(685,'450054021592','30',1,1,'2018-09-06 13:06:16',1,'2018_09_06_13_06_16_30_Cardnumbers.pdf',0,NULL,NULL,NULL,NULL,NULL,NULL,NULL,0,NULL),(686,'450054021593','30',1,1,'2018-09-06 13:06:16',1,'2018_09_06_13_06_16_30_Cardnumbers.pdf',0,NULL,NULL,NULL,NULL,NULL,NULL,NULL,0,NULL),(687,'450054021594','30',1,1,'2018-09-06 13:06:16',1,'2018_09_06_13_06_16_30_Cardnumbers.pdf',0,NULL,NULL,NULL,NULL,NULL,NULL,NULL,0,NULL),(688,'450054021595','30',1,1,'2018-09-06 13:06:16',1,'2018_09_06_13_06_16_30_Cardnumbers.pdf',0,NULL,NULL,NULL,NULL,NULL,NULL,NULL,0,NULL),(689,'450054021596','30',1,1,'2018-09-06 13:06:16',1,'2018_09_06_13_06_16_30_Cardnumbers.pdf',0,NULL,NULL,NULL,NULL,NULL,NULL,NULL,0,NULL),(690,'450054021597','30',1,1,'2018-09-06 13:06:16',1,'2018_09_06_13_06_16_30_Cardnumbers.pdf',0,NULL,NULL,NULL,NULL,NULL,NULL,NULL,0,NULL),(691,'450054021598','30',1,1,'2018-09-06 13:06:16',1,'2018_09_06_13_06_16_30_Cardnumbers.pdf',0,NULL,NULL,NULL,NULL,NULL,NULL,NULL,0,NULL),(692,'450054021599','30',1,1,'2018-09-06 13:06:16',1,'2018_09_06_13_06_16_30_Cardnumbers.pdf',0,NULL,NULL,NULL,NULL,NULL,NULL,NULL,0,NULL),(693,'450054021600','30',1,1,'2018-09-06 13:06:16',1,'2018_09_06_13_06_16_30_Cardnumbers.pdf',0,NULL,NULL,NULL,NULL,NULL,NULL,NULL,0,NULL),(694,'450054021601','30',1,1,'2018-09-06 13:06:16',1,'2018_09_06_13_06_16_30_Cardnumbers.pdf',0,NULL,NULL,NULL,NULL,NULL,NULL,NULL,0,NULL),(695,'450054021602','30',1,1,'2018-09-06 13:06:16',1,'2018_09_06_13_06_16_30_Cardnumbers.pdf',0,NULL,NULL,NULL,NULL,NULL,NULL,NULL,0,NULL),(696,'450054021603','30',1,1,'2018-09-06 13:06:16',1,'2018_09_06_13_06_16_30_Cardnumbers.pdf',0,NULL,NULL,NULL,NULL,NULL,NULL,NULL,0,NULL),(697,'450054021604','30',1,1,'2018-09-06 13:06:16',1,'2018_09_06_13_06_16_30_Cardnumbers.pdf',0,NULL,NULL,NULL,NULL,NULL,NULL,NULL,0,NULL),(698,'450054021605','30',1,1,'2018-09-06 13:06:16',1,'2018_09_06_13_06_16_30_Cardnumbers.pdf',0,NULL,NULL,NULL,NULL,NULL,NULL,NULL,0,NULL),(699,'450054021606','30',1,1,'2018-09-06 13:06:16',1,'2018_09_06_13_06_16_30_Cardnumbers.pdf',0,NULL,NULL,NULL,NULL,NULL,NULL,NULL,0,NULL),(700,'450054021607','30',1,1,'2018-09-06 13:06:16',1,'2018_09_06_13_06_16_30_Cardnumbers.pdf',0,NULL,NULL,NULL,NULL,NULL,NULL,NULL,0,NULL),(701,'450054021608','30',1,1,'2018-09-06 13:06:16',1,'2018_09_06_13_06_16_30_Cardnumbers.pdf',0,NULL,NULL,NULL,NULL,NULL,NULL,NULL,0,NULL),(702,'450054021609','30',1,1,'2018-09-06 13:06:16',1,'2018_09_06_13_06_16_30_Cardnumbers.pdf',0,NULL,NULL,NULL,NULL,NULL,NULL,NULL,0,NULL),(703,'450054021610','30',1,1,'2018-09-06 13:06:16',1,'2018_09_06_13_06_16_30_Cardnumbers.pdf',0,NULL,NULL,NULL,NULL,NULL,NULL,NULL,0,NULL),(704,'450054021611','30',1,1,'2018-09-07 15:53:33',1,'2018_09_07_15_53_33_30_Cardnumbers.pdf',0,NULL,NULL,NULL,NULL,NULL,NULL,NULL,0,NULL),(705,'450054021612','30',1,1,'2018-09-07 15:53:33',1,'2018_09_07_15_53_33_30_Cardnumbers.pdf',0,NULL,NULL,NULL,NULL,NULL,NULL,NULL,0,NULL),(706,'450054021613','30',1,1,'2018-09-07 15:53:33',1,'2018_09_07_15_53_33_30_Cardnumbers.pdf',0,NULL,NULL,NULL,NULL,NULL,NULL,NULL,0,NULL),(707,'450054021614','30',1,1,'2018-09-07 15:53:33',1,'2018_09_07_15_53_33_30_Cardnumbers.pdf',0,NULL,NULL,NULL,NULL,NULL,NULL,NULL,0,NULL),(708,'450054021615','30',1,1,'2018-09-07 15:53:33',1,'2018_09_07_15_53_33_30_Cardnumbers.pdf',0,NULL,NULL,NULL,NULL,NULL,NULL,NULL,0,NULL),(709,'450054021616','30',1,1,'2018-09-07 15:53:33',1,'2018_09_07_15_53_33_30_Cardnumbers.pdf',0,NULL,NULL,NULL,NULL,NULL,NULL,NULL,0,NULL),(710,'450054021617','30',1,1,'2018-09-07 15:53:33',1,'2018_09_07_15_53_33_30_Cardnumbers.pdf',0,NULL,NULL,NULL,NULL,NULL,NULL,NULL,0,NULL),(711,'450054021618','30',1,1,'2018-09-07 15:53:33',1,'2018_09_07_15_53_33_30_Cardnumbers.pdf',0,NULL,NULL,NULL,NULL,NULL,NULL,NULL,0,NULL),(712,'450054021619','30',1,1,'2018-09-07 15:53:33',1,'2018_09_07_15_53_33_30_Cardnumbers.pdf',0,NULL,NULL,NULL,NULL,NULL,NULL,NULL,0,NULL),(713,'450054021620','30',1,1,'2018-09-07 15:53:33',1,'2018_09_07_15_53_33_30_Cardnumbers.pdf',0,NULL,NULL,NULL,NULL,NULL,NULL,NULL,0,NULL),(714,'450054021621','30',1,1,'2018-09-07 15:53:33',1,'2018_09_07_15_53_33_30_Cardnumbers.pdf',0,NULL,NULL,NULL,NULL,NULL,NULL,NULL,0,NULL),(715,'450054021622','30',1,1,'2018-09-07 15:53:33',1,'2018_09_07_15_53_33_30_Cardnumbers.pdf',0,NULL,NULL,NULL,NULL,NULL,NULL,NULL,0,NULL),(716,'450054021623','30',1,1,'2018-09-07 15:53:33',1,'2018_09_07_15_53_33_30_Cardnumbers.pdf',0,NULL,NULL,NULL,NULL,NULL,NULL,NULL,0,NULL),(717,'450054021624','30',1,1,'2018-09-07 15:53:33',1,'2018_09_07_15_53_33_30_Cardnumbers.pdf',0,NULL,NULL,NULL,NULL,NULL,NULL,NULL,0,NULL),(718,'450054021625','30',1,1,'2018-09-07 15:53:33',1,'2018_09_07_15_53_33_30_Cardnumbers.pdf',0,NULL,NULL,NULL,NULL,NULL,NULL,NULL,0,NULL),(719,'450054021626','30',1,1,'2018-09-07 15:53:33',1,'2018_09_07_15_53_33_30_Cardnumbers.pdf',0,NULL,NULL,NULL,NULL,NULL,NULL,NULL,0,NULL),(720,'450054021627','30',1,1,'2018-09-07 15:53:33',1,'2018_09_07_15_53_33_30_Cardnumbers.pdf',0,NULL,NULL,NULL,NULL,NULL,NULL,NULL,0,NULL),(721,'450054021628','30',1,1,'2018-09-07 15:53:33',1,'2018_09_07_15_53_33_30_Cardnumbers.pdf',0,NULL,NULL,NULL,NULL,NULL,NULL,NULL,0,NULL),(722,'450054021629','30',1,1,'2018-09-07 15:53:33',1,'2018_09_07_15_53_33_30_Cardnumbers.pdf',0,NULL,NULL,NULL,NULL,NULL,NULL,NULL,0,NULL),(723,'450054021630','30',1,1,'2018-09-07 15:53:33',1,'2018_09_07_15_53_33_30_Cardnumbers.pdf',0,NULL,NULL,NULL,NULL,NULL,NULL,NULL,0,NULL),(724,'450054021631','30',1,1,'2018-09-07 15:53:33',1,'2018_09_07_15_53_33_30_Cardnumbers.pdf',0,NULL,NULL,NULL,NULL,NULL,NULL,NULL,0,NULL),(725,'450054021632','30',1,1,'2018-09-07 15:53:33',1,'2018_09_07_15_53_33_30_Cardnumbers.pdf',0,NULL,NULL,NULL,NULL,NULL,NULL,NULL,0,NULL),(726,'450054021633','30',1,1,'2018-09-07 15:53:33',1,'2018_09_07_15_53_33_30_Cardnumbers.pdf',0,NULL,NULL,NULL,NULL,NULL,NULL,NULL,0,NULL),(727,'450054021634','30',1,1,'2018-09-07 15:53:33',1,'2018_09_07_15_53_33_30_Cardnumbers.pdf',0,NULL,NULL,NULL,NULL,NULL,NULL,NULL,0,NULL),(728,'450054021635','30',1,1,'2018-09-07 15:53:33',1,'2018_09_07_15_53_33_30_Cardnumbers.pdf',0,NULL,NULL,NULL,NULL,NULL,NULL,NULL,0,NULL),(729,'450054021636','30',1,1,'2018-09-07 15:53:33',1,'2018_09_07_15_53_33_30_Cardnumbers.pdf',0,NULL,NULL,NULL,NULL,NULL,NULL,NULL,0,NULL),(730,'450054021637','30',1,1,'2018-09-07 15:53:33',1,'2018_09_07_15_53_33_30_Cardnumbers.pdf',0,NULL,NULL,NULL,NULL,NULL,NULL,NULL,0,NULL),(731,'450054021638','30',1,1,'2018-09-07 15:53:33',1,'2018_09_07_15_53_33_30_Cardnumbers.pdf',0,NULL,NULL,NULL,NULL,NULL,NULL,NULL,0,NULL),(732,'450054021639','30',1,1,'2018-09-07 15:53:33',1,'2018_09_07_15_53_33_30_Cardnumbers.pdf',0,NULL,NULL,NULL,NULL,NULL,NULL,NULL,0,NULL),(733,'450054021640','30',1,1,'2018-09-07 15:53:33',1,'2018_09_07_15_53_33_30_Cardnumbers.pdf',0,NULL,NULL,NULL,NULL,NULL,NULL,NULL,0,NULL),(734,'450054021641','30',1,1,'2018-09-07 17:33:52',1,'2018_09_07_17_33_52_30_Cardnumbers.pdf',0,NULL,NULL,NULL,NULL,NULL,NULL,NULL,0,NULL),(735,'450054021642','30',1,1,'2018-09-07 17:33:52',1,'2018_09_07_17_33_52_30_Cardnumbers.pdf',0,NULL,NULL,NULL,NULL,NULL,NULL,NULL,0,NULL),(736,'450054021643','30',1,1,'2018-09-07 17:33:53',1,'2018_09_07_17_33_52_30_Cardnumbers.pdf',0,NULL,NULL,NULL,NULL,NULL,NULL,NULL,0,NULL),(737,'450054021644','30',1,1,'2018-09-07 17:33:53',1,'2018_09_07_17_33_52_30_Cardnumbers.pdf',0,NULL,NULL,NULL,NULL,NULL,NULL,NULL,0,NULL),(738,'450054021645','30',1,1,'2018-09-07 17:33:53',1,'2018_09_07_17_33_52_30_Cardnumbers.pdf',0,NULL,NULL,NULL,NULL,NULL,NULL,NULL,0,NULL),(739,'450054021646','30',1,1,'2018-09-07 17:33:53',1,'2018_09_07_17_33_52_30_Cardnumbers.pdf',0,NULL,NULL,NULL,NULL,NULL,NULL,NULL,0,NULL),(740,'450054021647','30',1,1,'2018-09-07 17:33:53',1,'2018_09_07_17_33_52_30_Cardnumbers.pdf',0,NULL,NULL,NULL,NULL,NULL,NULL,NULL,0,NULL),(741,'450054021648','30',1,1,'2018-09-07 17:33:53',1,'2018_09_07_17_33_52_30_Cardnumbers.pdf',0,NULL,NULL,NULL,NULL,NULL,NULL,NULL,0,NULL),(742,'450054021649','30',1,1,'2018-09-07 17:33:53',1,'2018_09_07_17_33_52_30_Cardnumbers.pdf',0,NULL,NULL,NULL,NULL,NULL,NULL,NULL,0,NULL),(743,'450054021650','30',1,1,'2018-09-07 17:33:53',1,'2018_09_07_17_33_52_30_Cardnumbers.pdf',0,NULL,NULL,NULL,NULL,NULL,NULL,NULL,0,NULL),(744,'450054021651','30',1,1,'2018-09-07 17:33:53',1,'2018_09_07_17_33_52_30_Cardnumbers.pdf',0,NULL,NULL,NULL,NULL,NULL,NULL,NULL,0,NULL),(745,'450054021652','30',1,1,'2018-09-07 17:33:53',1,'2018_09_07_17_33_52_30_Cardnumbers.pdf',0,NULL,NULL,NULL,NULL,NULL,NULL,NULL,0,NULL),(746,'450054021653','30',1,1,'2018-09-07 17:33:53',1,'2018_09_07_17_33_52_30_Cardnumbers.pdf',0,NULL,NULL,NULL,NULL,NULL,NULL,NULL,0,NULL),(747,'450054021654','30',1,1,'2018-09-07 17:33:53',1,'2018_09_07_17_33_52_30_Cardnumbers.pdf',0,NULL,NULL,NULL,NULL,NULL,NULL,NULL,0,NULL),(748,'450054021655','30',1,1,'2018-09-07 17:33:53',1,'2018_09_07_17_33_52_30_Cardnumbers.pdf',0,NULL,NULL,NULL,NULL,NULL,NULL,NULL,0,NULL),(749,'450054021656','30',1,1,'2018-09-07 17:33:53',1,'2018_09_07_17_33_52_30_Cardnumbers.pdf',0,NULL,NULL,NULL,NULL,NULL,NULL,NULL,0,NULL),(750,'450054021657','30',1,1,'2018-09-07 17:33:53',1,'2018_09_07_17_33_52_30_Cardnumbers.pdf',0,NULL,NULL,NULL,NULL,NULL,NULL,NULL,0,NULL),(751,'450054021658','30',1,1,'2018-09-07 17:33:53',1,'2018_09_07_17_33_52_30_Cardnumbers.pdf',0,NULL,NULL,NULL,NULL,NULL,NULL,NULL,0,NULL),(752,'450054021659','30',1,1,'2018-09-07 17:33:53',1,'2018_09_07_17_33_52_30_Cardnumbers.pdf',0,NULL,NULL,NULL,NULL,NULL,NULL,NULL,0,NULL),(753,'450054021660','30',1,1,'2018-09-07 17:33:53',1,'2018_09_07_17_33_52_30_Cardnumbers.pdf',0,NULL,NULL,NULL,NULL,NULL,NULL,NULL,0,NULL),(754,'450054021661','30',1,1,'2018-09-07 17:33:53',1,'2018_09_07_17_33_52_30_Cardnumbers.pdf',0,NULL,NULL,NULL,NULL,NULL,NULL,NULL,0,NULL),(755,'450054021662','30',1,1,'2018-09-07 17:33:53',1,'2018_09_07_17_33_52_30_Cardnumbers.pdf',0,NULL,NULL,NULL,NULL,NULL,NULL,NULL,0,NULL),(756,'450054021663','30',1,1,'2018-09-07 17:33:53',1,'2018_09_07_17_33_52_30_Cardnumbers.pdf',0,NULL,NULL,NULL,NULL,NULL,NULL,NULL,0,NULL),(757,'450054021664','30',1,1,'2018-09-07 17:33:53',1,'2018_09_07_17_33_52_30_Cardnumbers.pdf',0,NULL,NULL,NULL,NULL,NULL,NULL,NULL,0,NULL),(758,'450054021665','30',1,1,'2018-09-07 17:33:53',1,'2018_09_07_17_33_52_30_Cardnumbers.pdf',0,NULL,NULL,NULL,NULL,NULL,NULL,NULL,0,NULL),(759,'450054021666','30',1,1,'2018-09-07 17:33:53',1,'2018_09_07_17_33_52_30_Cardnumbers.pdf',0,NULL,NULL,NULL,NULL,NULL,NULL,NULL,0,NULL),(760,'450054021667','30',1,1,'2018-09-07 17:33:53',1,'2018_09_07_17_33_52_30_Cardnumbers.pdf',0,NULL,NULL,NULL,NULL,NULL,NULL,NULL,0,NULL),(761,'450054021668','30',1,1,'2018-09-07 17:33:53',1,'2018_09_07_17_33_52_30_Cardnumbers.pdf',0,NULL,NULL,NULL,NULL,NULL,NULL,NULL,0,NULL),(762,'450054021669','30',1,1,'2018-09-07 17:33:53',1,'2018_09_07_17_33_52_30_Cardnumbers.pdf',0,NULL,NULL,NULL,NULL,NULL,NULL,NULL,0,NULL),(763,'450054021670','30',1,1,'2018-09-07 17:33:53',1,'2018_09_07_17_33_52_30_Cardnumbers.pdf',0,NULL,NULL,NULL,NULL,NULL,NULL,NULL,0,NULL),(764,'450054021671','30',1,1,'2018-09-07 17:38:14',1,'2018_09_07_17_38_14_30_Cardnumbers.pdf',0,NULL,NULL,NULL,NULL,NULL,NULL,NULL,0,NULL),(765,'450054021672','30',1,1,'2018-09-07 17:38:14',1,'2018_09_07_17_38_14_30_Cardnumbers.pdf',0,NULL,NULL,NULL,NULL,NULL,NULL,NULL,0,NULL),(766,'450054021673','30',1,1,'2018-09-07 17:38:14',1,'2018_09_07_17_38_14_30_Cardnumbers.pdf',0,NULL,NULL,NULL,NULL,NULL,NULL,NULL,0,NULL),(767,'450054021674','30',1,1,'2018-09-07 17:38:14',1,'2018_09_07_17_38_14_30_Cardnumbers.pdf',0,NULL,NULL,NULL,NULL,NULL,NULL,NULL,0,NULL),(768,'450054021675','30',1,1,'2018-09-07 17:38:14',1,'2018_09_07_17_38_14_30_Cardnumbers.pdf',0,NULL,NULL,NULL,NULL,NULL,NULL,NULL,0,NULL),(769,'450054021676','30',1,1,'2018-09-07 17:38:14',1,'2018_09_07_17_38_14_30_Cardnumbers.pdf',0,NULL,NULL,NULL,NULL,NULL,NULL,NULL,0,NULL),(770,'450054021677','30',1,1,'2018-09-07 17:38:14',1,'2018_09_07_17_38_14_30_Cardnumbers.pdf',0,NULL,NULL,NULL,NULL,NULL,NULL,NULL,0,NULL),(771,'450054021678','30',1,1,'2018-09-07 17:38:14',1,'2018_09_07_17_38_14_30_Cardnumbers.pdf',0,NULL,NULL,NULL,NULL,NULL,NULL,NULL,0,NULL),(772,'450054021679','30',1,1,'2018-09-07 17:38:14',1,'2018_09_07_17_38_14_30_Cardnumbers.pdf',0,NULL,NULL,NULL,NULL,NULL,NULL,NULL,0,NULL),(773,'450054021680','30',1,1,'2018-09-07 17:38:14',1,'2018_09_07_17_38_14_30_Cardnumbers.pdf',0,NULL,NULL,NULL,NULL,NULL,NULL,NULL,0,NULL),(774,'450054021681','30',1,1,'2018-09-07 17:38:14',1,'2018_09_07_17_38_14_30_Cardnumbers.pdf',0,NULL,NULL,NULL,NULL,NULL,NULL,NULL,0,NULL),(775,'450054021682','30',1,1,'2018-09-07 17:38:14',1,'2018_09_07_17_38_14_30_Cardnumbers.pdf',0,NULL,NULL,NULL,NULL,NULL,NULL,NULL,0,NULL),(776,'450054021683','30',1,1,'2018-09-07 17:38:14',1,'2018_09_07_17_38_14_30_Cardnumbers.pdf',0,NULL,NULL,NULL,NULL,NULL,NULL,NULL,0,NULL),(777,'450054021684','30',1,1,'2018-09-07 17:38:14',1,'2018_09_07_17_38_14_30_Cardnumbers.pdf',0,NULL,NULL,NULL,NULL,NULL,NULL,NULL,0,NULL),(778,'450054021685','30',1,1,'2018-09-07 17:38:14',1,'2018_09_07_17_38_14_30_Cardnumbers.pdf',0,NULL,NULL,NULL,NULL,NULL,NULL,NULL,0,NULL),(779,'450054021686','30',1,1,'2018-09-07 17:38:14',1,'2018_09_07_17_38_14_30_Cardnumbers.pdf',0,NULL,NULL,NULL,NULL,NULL,NULL,NULL,0,NULL),(780,'450054021687','30',1,1,'2018-09-07 17:38:14',1,'2018_09_07_17_38_14_30_Cardnumbers.pdf',0,NULL,NULL,NULL,NULL,NULL,NULL,NULL,0,NULL),(781,'450054021688','30',1,1,'2018-09-07 17:38:14',1,'2018_09_07_17_38_14_30_Cardnumbers.pdf',0,NULL,NULL,NULL,NULL,NULL,NULL,NULL,0,NULL),(782,'450054021689','30',1,1,'2018-09-07 17:38:14',1,'2018_09_07_17_38_14_30_Cardnumbers.pdf',0,NULL,NULL,NULL,NULL,NULL,NULL,NULL,0,NULL),(783,'450054021690','30',1,1,'2018-09-07 17:38:14',1,'2018_09_07_17_38_14_30_Cardnumbers.pdf',0,NULL,NULL,NULL,NULL,NULL,NULL,NULL,0,NULL),(784,'450054021691','30',1,1,'2018-09-07 17:38:14',1,'2018_09_07_17_38_14_30_Cardnumbers.pdf',0,NULL,NULL,NULL,NULL,NULL,NULL,NULL,0,NULL),(785,'450054021692','30',1,1,'2018-09-07 17:38:14',1,'2018_09_07_17_38_14_30_Cardnumbers.pdf',0,NULL,NULL,NULL,NULL,NULL,NULL,NULL,0,NULL),(786,'450054021693','30',1,1,'2018-09-07 17:38:14',1,'2018_09_07_17_38_14_30_Cardnumbers.pdf',0,NULL,NULL,NULL,NULL,NULL,NULL,NULL,0,NULL),(787,'450054021694','30',1,1,'2018-09-07 17:38:14',1,'2018_09_07_17_38_14_30_Cardnumbers.pdf',0,NULL,NULL,NULL,NULL,NULL,NULL,NULL,0,NULL),(788,'450054021695','30',1,1,'2018-09-07 17:38:14',1,'2018_09_07_17_38_14_30_Cardnumbers.pdf',0,NULL,NULL,NULL,NULL,NULL,NULL,NULL,0,NULL),(789,'450054021696','30',1,1,'2018-09-07 17:38:14',1,'2018_09_07_17_38_14_30_Cardnumbers.pdf',0,NULL,NULL,NULL,NULL,NULL,NULL,NULL,0,NULL),(790,'450054021697','30',1,1,'2018-09-07 17:38:14',1,'2018_09_07_17_38_14_30_Cardnumbers.pdf',0,NULL,NULL,NULL,NULL,NULL,NULL,NULL,0,NULL),(791,'450054021698','30',1,1,'2018-09-07 17:38:14',1,'2018_09_07_17_38_14_30_Cardnumbers.pdf',0,NULL,NULL,NULL,NULL,NULL,NULL,NULL,0,NULL),(792,'450054021699','30',1,1,'2018-09-07 17:38:14',1,'2018_09_07_17_38_14_30_Cardnumbers.pdf',0,NULL,NULL,NULL,NULL,NULL,NULL,NULL,0,NULL),(793,'450054021700','30',1,1,'2018-09-07 17:38:14',1,'2018_09_07_17_38_14_30_Cardnumbers.pdf',0,NULL,NULL,NULL,NULL,NULL,NULL,NULL,0,NULL),(794,'450054021701','30',1,1,'2018-09-07 17:38:35',1,'2018_09_07_17_38_35_30_Cardnumbers.pdf',0,NULL,NULL,NULL,NULL,NULL,NULL,NULL,0,NULL),(795,'450054021702','30',1,1,'2018-09-07 17:38:35',1,'2018_09_07_17_38_35_30_Cardnumbers.pdf',0,NULL,NULL,NULL,NULL,NULL,NULL,NULL,0,NULL),(796,'450054021703','30',1,1,'2018-09-07 17:38:35',1,'2018_09_07_17_38_35_30_Cardnumbers.pdf',0,NULL,NULL,NULL,NULL,NULL,NULL,NULL,0,NULL),(797,'450054021704','30',1,1,'2018-09-07 17:38:35',1,'2018_09_07_17_38_35_30_Cardnumbers.pdf',0,NULL,NULL,NULL,NULL,NULL,NULL,NULL,0,NULL),(798,'450054021705','30',1,1,'2018-09-07 17:38:35',1,'2018_09_07_17_38_35_30_Cardnumbers.pdf',0,NULL,NULL,NULL,NULL,NULL,NULL,NULL,0,NULL),(799,'450054021706','30',1,1,'2018-09-07 17:38:35',1,'2018_09_07_17_38_35_30_Cardnumbers.pdf',0,NULL,NULL,NULL,NULL,NULL,NULL,NULL,0,NULL),(800,'450054021707','30',1,1,'2018-09-07 17:38:35',1,'2018_09_07_17_38_35_30_Cardnumbers.pdf',0,NULL,NULL,NULL,NULL,NULL,NULL,NULL,0,NULL),(801,'450054021708','30',1,1,'2018-09-07 17:38:35',1,'2018_09_07_17_38_35_30_Cardnumbers.pdf',0,NULL,NULL,NULL,NULL,NULL,NULL,NULL,0,NULL),(802,'450054021709','30',1,1,'2018-09-07 17:38:35',1,'2018_09_07_17_38_35_30_Cardnumbers.pdf',0,NULL,NULL,NULL,NULL,NULL,NULL,NULL,0,NULL),(803,'450054021710','30',1,1,'2018-09-07 17:38:35',1,'2018_09_07_17_38_35_30_Cardnumbers.pdf',0,NULL,NULL,NULL,NULL,NULL,NULL,NULL,0,NULL),(804,'450054021711','30',1,1,'2018-09-07 17:38:35',1,'2018_09_07_17_38_35_30_Cardnumbers.pdf',0,NULL,NULL,NULL,NULL,NULL,NULL,NULL,0,NULL),(805,'450054021712','30',1,1,'2018-09-07 17:38:35',1,'2018_09_07_17_38_35_30_Cardnumbers.pdf',0,NULL,NULL,NULL,NULL,NULL,NULL,NULL,0,NULL),(806,'450054021713','30',1,1,'2018-09-07 17:38:35',1,'2018_09_07_17_38_35_30_Cardnumbers.pdf',0,NULL,NULL,NULL,NULL,NULL,NULL,NULL,0,NULL),(807,'450054021714','30',1,1,'2018-09-07 17:38:35',1,'2018_09_07_17_38_35_30_Cardnumbers.pdf',0,NULL,NULL,NULL,NULL,NULL,NULL,NULL,0,NULL),(808,'450054021715','30',1,1,'2018-09-07 17:38:35',1,'2018_09_07_17_38_35_30_Cardnumbers.pdf',0,NULL,NULL,NULL,NULL,NULL,NULL,NULL,0,NULL),(809,'450054021716','30',1,1,'2018-09-07 17:38:35',1,'2018_09_07_17_38_35_30_Cardnumbers.pdf',0,NULL,NULL,NULL,NULL,NULL,NULL,NULL,0,NULL),(810,'450054021717','30',1,1,'2018-09-07 17:38:35',1,'2018_09_07_17_38_35_30_Cardnumbers.pdf',0,NULL,NULL,NULL,NULL,NULL,NULL,NULL,0,NULL),(811,'450054021718','30',1,1,'2018-09-07 17:38:35',1,'2018_09_07_17_38_35_30_Cardnumbers.pdf',0,NULL,NULL,NULL,NULL,NULL,NULL,NULL,0,NULL),(812,'450054021719','30',1,1,'2018-09-07 17:38:35',1,'2018_09_07_17_38_35_30_Cardnumbers.pdf',0,NULL,NULL,NULL,NULL,NULL,NULL,NULL,0,NULL),(813,'450054021720','30',1,1,'2018-09-07 17:38:35',1,'2018_09_07_17_38_35_30_Cardnumbers.pdf',0,NULL,NULL,NULL,NULL,NULL,NULL,NULL,0,NULL),(814,'450054021721','30',1,1,'2018-09-07 17:38:35',1,'2018_09_07_17_38_35_30_Cardnumbers.pdf',0,NULL,NULL,NULL,NULL,NULL,NULL,NULL,0,NULL),(815,'450054021722','30',1,1,'2018-09-07 17:38:35',1,'2018_09_07_17_38_35_30_Cardnumbers.pdf',0,NULL,NULL,NULL,NULL,NULL,NULL,NULL,0,NULL),(816,'450054021723','30',1,1,'2018-09-07 17:38:35',1,'2018_09_07_17_38_35_30_Cardnumbers.pdf',0,NULL,NULL,NULL,NULL,NULL,NULL,NULL,0,NULL),(817,'450054021724','30',1,1,'2018-09-07 17:38:35',1,'2018_09_07_17_38_35_30_Cardnumbers.pdf',0,NULL,NULL,NULL,NULL,NULL,NULL,NULL,0,NULL),(818,'450054021725','30',1,1,'2018-09-07 17:38:35',1,'2018_09_07_17_38_35_30_Cardnumbers.pdf',0,NULL,NULL,NULL,NULL,NULL,NULL,NULL,0,NULL),(819,'450054021726','30',1,1,'2018-09-07 17:38:35',1,'2018_09_07_17_38_35_30_Cardnumbers.pdf',0,NULL,NULL,NULL,NULL,NULL,NULL,NULL,0,NULL),(820,'450054021727','30',1,1,'2018-09-07 17:38:35',1,'2018_09_07_17_38_35_30_Cardnumbers.pdf',0,NULL,NULL,NULL,NULL,NULL,NULL,NULL,0,NULL),(821,'450054021728','30',1,1,'2018-09-07 17:38:35',1,'2018_09_07_17_38_35_30_Cardnumbers.pdf',0,NULL,NULL,NULL,NULL,NULL,NULL,NULL,0,NULL),(822,'450054021729','30',1,1,'2018-09-07 17:38:35',1,'2018_09_07_17_38_35_30_Cardnumbers.pdf',0,NULL,NULL,NULL,NULL,NULL,NULL,NULL,0,NULL),(823,'450054021730','30',1,1,'2018-09-07 17:38:35',1,'2018_09_07_17_38_35_30_Cardnumbers.pdf',0,NULL,NULL,NULL,NULL,NULL,NULL,NULL,0,NULL),(824,'450054021731','30',1,1,'2018-09-07 17:44:50',1,'2018_09_07_17_44_50_30_Cardnumbers.pdf',0,NULL,NULL,NULL,NULL,NULL,NULL,NULL,0,NULL),(825,'450054021732','30',1,1,'2018-09-07 17:44:50',1,'2018_09_07_17_44_50_30_Cardnumbers.pdf',0,NULL,NULL,NULL,NULL,NULL,NULL,NULL,0,NULL),(826,'450054021733','30',1,1,'2018-09-07 17:44:50',1,'2018_09_07_17_44_50_30_Cardnumbers.pdf',0,NULL,NULL,NULL,NULL,NULL,NULL,NULL,0,NULL),(827,'450054021734','30',1,1,'2018-09-07 17:44:50',1,'2018_09_07_17_44_50_30_Cardnumbers.pdf',0,NULL,NULL,NULL,NULL,NULL,NULL,NULL,0,NULL),(828,'450054021735','30',1,1,'2018-09-07 17:44:50',1,'2018_09_07_17_44_50_30_Cardnumbers.pdf',0,NULL,NULL,NULL,NULL,NULL,NULL,NULL,0,NULL),(829,'450054021736','30',1,1,'2018-09-07 17:44:50',1,'2018_09_07_17_44_50_30_Cardnumbers.pdf',0,NULL,NULL,NULL,NULL,NULL,NULL,NULL,0,NULL),(830,'450054021737','30',1,1,'2018-09-07 17:44:50',1,'2018_09_07_17_44_50_30_Cardnumbers.pdf',0,NULL,NULL,NULL,NULL,NULL,NULL,NULL,0,NULL),(831,'450054021738','30',1,1,'2018-09-07 17:44:50',1,'2018_09_07_17_44_50_30_Cardnumbers.pdf',0,NULL,NULL,NULL,NULL,NULL,NULL,NULL,0,NULL),(832,'450054021739','30',1,1,'2018-09-07 17:44:50',1,'2018_09_07_17_44_50_30_Cardnumbers.pdf',0,NULL,NULL,NULL,NULL,NULL,NULL,NULL,0,NULL),(833,'450054021740','30',1,1,'2018-09-07 17:44:50',1,'2018_09_07_17_44_50_30_Cardnumbers.pdf',0,NULL,NULL,NULL,NULL,NULL,NULL,NULL,0,NULL),(834,'450054021741','30',1,1,'2018-09-07 17:44:50',1,'2018_09_07_17_44_50_30_Cardnumbers.pdf',0,NULL,NULL,NULL,NULL,NULL,NULL,NULL,0,NULL),(835,'450054021742','30',1,1,'2018-09-07 17:44:50',1,'2018_09_07_17_44_50_30_Cardnumbers.pdf',0,NULL,NULL,NULL,NULL,NULL,NULL,NULL,0,NULL),(836,'450054021743','30',1,1,'2018-09-07 17:44:50',1,'2018_09_07_17_44_50_30_Cardnumbers.pdf',0,NULL,NULL,NULL,NULL,NULL,NULL,NULL,0,NULL),(837,'450054021744','30',1,1,'2018-09-07 17:44:50',1,'2018_09_07_17_44_50_30_Cardnumbers.pdf',0,NULL,NULL,NULL,NULL,NULL,NULL,NULL,0,NULL),(838,'450054021745','30',1,1,'2018-09-07 17:44:50',1,'2018_09_07_17_44_50_30_Cardnumbers.pdf',0,NULL,NULL,NULL,NULL,NULL,NULL,NULL,0,NULL),(839,'450054021746','30',1,1,'2018-09-07 17:44:50',1,'2018_09_07_17_44_50_30_Cardnumbers.pdf',0,NULL,NULL,NULL,NULL,NULL,NULL,NULL,0,NULL),(840,'450054021747','30',1,1,'2018-09-07 17:44:50',1,'2018_09_07_17_44_50_30_Cardnumbers.pdf',0,NULL,NULL,NULL,NULL,NULL,NULL,NULL,0,NULL),(841,'450054021748','30',1,1,'2018-09-07 17:44:50',1,'2018_09_07_17_44_50_30_Cardnumbers.pdf',0,NULL,NULL,NULL,NULL,NULL,NULL,NULL,0,NULL),(842,'450054021749','30',1,1,'2018-09-07 17:44:50',1,'2018_09_07_17_44_50_30_Cardnumbers.pdf',0,NULL,NULL,NULL,NULL,NULL,NULL,NULL,0,NULL),(843,'450054021750','30',1,1,'2018-09-07 17:44:50',1,'2018_09_07_17_44_50_30_Cardnumbers.pdf',0,NULL,NULL,NULL,NULL,NULL,NULL,NULL,0,NULL),(844,'450054021751','30',1,1,'2018-09-07 17:44:50',1,'2018_09_07_17_44_50_30_Cardnumbers.pdf',0,NULL,NULL,NULL,NULL,NULL,NULL,NULL,0,NULL),(845,'450054021752','30',1,1,'2018-09-07 17:44:50',1,'2018_09_07_17_44_50_30_Cardnumbers.pdf',0,NULL,NULL,NULL,NULL,NULL,NULL,NULL,0,NULL),(846,'450054021753','30',1,1,'2018-09-07 17:44:50',1,'2018_09_07_17_44_50_30_Cardnumbers.pdf',0,NULL,NULL,NULL,NULL,NULL,NULL,NULL,0,NULL),(847,'450054021754','30',1,1,'2018-09-07 17:44:50',1,'2018_09_07_17_44_50_30_Cardnumbers.pdf',0,NULL,NULL,NULL,NULL,NULL,NULL,NULL,0,NULL),(848,'450054021755','30',1,1,'2018-09-07 17:44:50',1,'2018_09_07_17_44_50_30_Cardnumbers.pdf',0,NULL,NULL,NULL,NULL,NULL,NULL,NULL,0,NULL),(849,'450054021756','30',1,1,'2018-09-07 17:44:50',1,'2018_09_07_17_44_50_30_Cardnumbers.pdf',0,NULL,NULL,NULL,NULL,NULL,NULL,NULL,0,NULL),(850,'450054021757','30',1,1,'2018-09-07 17:44:50',1,'2018_09_07_17_44_50_30_Cardnumbers.pdf',0,NULL,NULL,NULL,NULL,NULL,NULL,NULL,0,NULL),(851,'450054021758','30',1,1,'2018-09-07 17:44:50',1,'2018_09_07_17_44_50_30_Cardnumbers.pdf',0,NULL,NULL,NULL,NULL,NULL,NULL,NULL,0,NULL),(852,'450054021759','30',1,1,'2018-09-07 17:44:50',1,'2018_09_07_17_44_50_30_Cardnumbers.pdf',0,NULL,NULL,NULL,NULL,NULL,NULL,NULL,0,NULL),(853,'450054021760','30',1,1,'2018-09-07 17:44:50',1,'2018_09_07_17_44_50_30_Cardnumbers.pdf',0,NULL,NULL,NULL,NULL,NULL,NULL,NULL,0,NULL),(854,'450054021761','30',1,1,'2018-09-08 12:55:06',1,'2018_09_08_12_55_06_30_Cardnumbers.pdf',0,NULL,NULL,NULL,NULL,NULL,NULL,NULL,0,NULL),(855,'450054021762','30',1,1,'2018-09-08 12:55:06',1,'2018_09_08_12_55_06_30_Cardnumbers.pdf',0,NULL,NULL,NULL,NULL,NULL,NULL,NULL,0,NULL),(856,'450054021763','30',1,1,'2018-09-08 12:55:06',1,'2018_09_08_12_55_06_30_Cardnumbers.pdf',0,NULL,NULL,NULL,NULL,NULL,NULL,NULL,0,NULL),(857,'450054021764','30',1,1,'2018-09-08 12:55:06',1,'2018_09_08_12_55_06_30_Cardnumbers.pdf',0,NULL,NULL,NULL,NULL,NULL,NULL,NULL,0,NULL),(858,'450054021765','30',1,1,'2018-09-08 12:55:06',1,'2018_09_08_12_55_06_30_Cardnumbers.pdf',0,NULL,NULL,NULL,NULL,NULL,NULL,NULL,0,NULL),(859,'450054021766','30',1,1,'2018-09-08 12:55:06',1,'2018_09_08_12_55_06_30_Cardnumbers.pdf',0,NULL,NULL,NULL,NULL,NULL,NULL,NULL,0,NULL),(860,'450054021767','30',1,1,'2018-09-08 12:55:06',1,'2018_09_08_12_55_06_30_Cardnumbers.pdf',0,NULL,NULL,NULL,NULL,NULL,NULL,NULL,0,NULL),(861,'450054021768','30',1,1,'2018-09-08 12:55:06',1,'2018_09_08_12_55_06_30_Cardnumbers.pdf',0,NULL,NULL,NULL,NULL,NULL,NULL,NULL,0,NULL),(862,'450054021769','30',1,1,'2018-09-08 12:55:06',1,'2018_09_08_12_55_06_30_Cardnumbers.pdf',0,NULL,NULL,NULL,NULL,NULL,NULL,NULL,0,NULL),(863,'450054021770','30',1,1,'2018-09-08 12:55:06',1,'2018_09_08_12_55_06_30_Cardnumbers.pdf',0,NULL,NULL,NULL,NULL,NULL,NULL,NULL,0,NULL),(864,'450054021771','30',1,1,'2018-09-08 12:55:06',1,'2018_09_08_12_55_06_30_Cardnumbers.pdf',0,NULL,NULL,NULL,NULL,NULL,NULL,NULL,0,NULL),(865,'450054021772','30',1,1,'2018-09-08 12:55:06',1,'2018_09_08_12_55_06_30_Cardnumbers.pdf',0,NULL,NULL,NULL,NULL,NULL,NULL,NULL,0,NULL),(866,'450054021773','30',1,1,'2018-09-08 12:55:06',1,'2018_09_08_12_55_06_30_Cardnumbers.pdf',0,NULL,NULL,NULL,NULL,NULL,NULL,NULL,0,NULL),(867,'450054021774','30',1,1,'2018-09-08 12:55:06',1,'2018_09_08_12_55_06_30_Cardnumbers.pdf',0,NULL,NULL,NULL,NULL,NULL,NULL,NULL,0,NULL),(868,'450054021775','30',1,1,'2018-09-08 12:55:06',1,'2018_09_08_12_55_06_30_Cardnumbers.pdf',0,NULL,NULL,NULL,NULL,NULL,NULL,NULL,0,NULL),(869,'450054021776','30',1,1,'2018-09-08 12:55:06',1,'2018_09_08_12_55_06_30_Cardnumbers.pdf',0,NULL,NULL,NULL,NULL,NULL,NULL,NULL,0,NULL),(870,'450054021777','30',1,1,'2018-09-08 12:55:06',1,'2018_09_08_12_55_06_30_Cardnumbers.pdf',0,NULL,NULL,NULL,NULL,NULL,NULL,NULL,0,NULL),(871,'450054021778','30',1,1,'2018-09-08 12:55:06',1,'2018_09_08_12_55_06_30_Cardnumbers.pdf',0,NULL,NULL,NULL,NULL,NULL,NULL,NULL,0,NULL),(872,'450054021779','30',1,1,'2018-09-08 12:55:06',1,'2018_09_08_12_55_06_30_Cardnumbers.pdf',0,NULL,NULL,NULL,NULL,NULL,NULL,NULL,0,NULL),(873,'450054021780','30',1,1,'2018-09-08 12:55:06',1,'2018_09_08_12_55_06_30_Cardnumbers.pdf',0,NULL,NULL,NULL,NULL,NULL,NULL,NULL,0,NULL),(874,'450054021781','30',1,1,'2018-09-08 12:55:06',1,'2018_09_08_12_55_06_30_Cardnumbers.pdf',0,NULL,NULL,NULL,NULL,NULL,NULL,NULL,0,NULL),(875,'450054021782','30',1,1,'2018-09-08 12:55:06',1,'2018_09_08_12_55_06_30_Cardnumbers.pdf',0,NULL,NULL,NULL,NULL,NULL,NULL,NULL,0,NULL),(876,'450054021783','30',1,1,'2018-09-08 12:55:06',1,'2018_09_08_12_55_06_30_Cardnumbers.pdf',0,NULL,NULL,NULL,NULL,NULL,NULL,NULL,0,NULL),(877,'450054021784','30',1,1,'2018-09-08 12:55:06',1,'2018_09_08_12_55_06_30_Cardnumbers.pdf',0,NULL,NULL,NULL,NULL,NULL,NULL,NULL,0,NULL),(878,'450054021785','30',1,1,'2018-09-08 12:55:06',1,'2018_09_08_12_55_06_30_Cardnumbers.pdf',0,NULL,NULL,NULL,NULL,NULL,NULL,NULL,0,NULL),(879,'450054021786','30',1,1,'2018-09-08 12:55:06',1,'2018_09_08_12_55_06_30_Cardnumbers.pdf',0,NULL,NULL,NULL,NULL,NULL,NULL,NULL,0,NULL),(880,'450054021787','30',1,1,'2018-09-08 12:55:06',1,'2018_09_08_12_55_06_30_Cardnumbers.pdf',0,NULL,NULL,NULL,NULL,NULL,NULL,NULL,0,NULL),(881,'450054021788','30',1,1,'2018-09-08 12:55:06',1,'2018_09_08_12_55_06_30_Cardnumbers.pdf',0,NULL,NULL,NULL,NULL,NULL,NULL,NULL,0,NULL),(882,'450054021789','30',1,1,'2018-09-08 12:55:06',1,'2018_09_08_12_55_06_30_Cardnumbers.pdf',0,NULL,NULL,NULL,NULL,NULL,NULL,NULL,0,NULL),(883,'450054021790','30',1,1,'2018-09-08 12:55:06',1,'2018_09_08_12_55_06_30_Cardnumbers.pdf',0,NULL,NULL,NULL,NULL,NULL,NULL,NULL,0,NULL),(884,'450054021791','30',1,1,'2018-09-08 12:57:17',1,'2018_09_08_12_57_17_30_Cardnumbers.pdf',0,NULL,NULL,NULL,NULL,NULL,NULL,NULL,0,NULL),(885,'450054021792','30',1,1,'2018-09-08 12:57:17',1,'2018_09_08_12_57_17_30_Cardnumbers.pdf',0,NULL,NULL,NULL,NULL,NULL,NULL,NULL,0,NULL),(886,'450054021793','30',1,1,'2018-09-08 12:57:17',1,'2018_09_08_12_57_17_30_Cardnumbers.pdf',0,NULL,NULL,NULL,NULL,NULL,NULL,NULL,0,NULL),(887,'450054021794','30',1,1,'2018-09-08 12:57:17',1,'2018_09_08_12_57_17_30_Cardnumbers.pdf',0,NULL,NULL,NULL,NULL,NULL,NULL,NULL,0,NULL),(888,'450054021795','30',1,1,'2018-09-08 12:57:17',1,'2018_09_08_12_57_17_30_Cardnumbers.pdf',0,NULL,NULL,NULL,NULL,NULL,NULL,NULL,0,NULL),(889,'450054021796','30',1,1,'2018-09-08 12:57:17',1,'2018_09_08_12_57_17_30_Cardnumbers.pdf',0,NULL,NULL,NULL,NULL,NULL,NULL,NULL,0,NULL),(890,'450054021797','30',1,1,'2018-09-08 12:57:17',1,'2018_09_08_12_57_17_30_Cardnumbers.pdf',0,NULL,NULL,NULL,NULL,NULL,NULL,NULL,0,NULL),(891,'450054021798','30',1,1,'2018-09-08 12:57:17',1,'2018_09_08_12_57_17_30_Cardnumbers.pdf',0,NULL,NULL,NULL,NULL,NULL,NULL,NULL,0,NULL),(892,'450054021799','30',1,1,'2018-09-08 12:57:17',1,'2018_09_08_12_57_17_30_Cardnumbers.pdf',0,NULL,NULL,NULL,NULL,NULL,NULL,NULL,0,NULL),(893,'450054021800','30',1,1,'2018-09-08 12:57:17',1,'2018_09_08_12_57_17_30_Cardnumbers.pdf',0,NULL,NULL,NULL,NULL,NULL,NULL,NULL,0,NULL),(894,'450054021801','30',1,1,'2018-09-08 12:57:17',1,'2018_09_08_12_57_17_30_Cardnumbers.pdf',0,NULL,NULL,NULL,NULL,NULL,NULL,NULL,0,NULL),(895,'450054021802','30',1,1,'2018-09-08 12:57:17',1,'2018_09_08_12_57_17_30_Cardnumbers.pdf',0,NULL,NULL,NULL,NULL,NULL,NULL,NULL,0,NULL),(896,'450054021803','30',1,1,'2018-09-08 12:57:17',1,'2018_09_08_12_57_17_30_Cardnumbers.pdf',0,NULL,NULL,NULL,NULL,NULL,NULL,NULL,0,NULL),(897,'450054021804','30',1,1,'2018-09-08 12:57:17',1,'2018_09_08_12_57_17_30_Cardnumbers.pdf',0,NULL,NULL,NULL,NULL,NULL,NULL,NULL,0,NULL),(898,'450054021805','30',1,1,'2018-09-08 12:57:17',1,'2018_09_08_12_57_17_30_Cardnumbers.pdf',0,NULL,NULL,NULL,NULL,NULL,NULL,NULL,0,NULL),(899,'450054021806','30',1,1,'2018-09-08 12:57:17',1,'2018_09_08_12_57_17_30_Cardnumbers.pdf',0,NULL,NULL,NULL,NULL,NULL,NULL,NULL,0,NULL),(900,'450054021807','30',1,1,'2018-09-08 12:57:17',1,'2018_09_08_12_57_17_30_Cardnumbers.pdf',0,NULL,NULL,NULL,NULL,NULL,NULL,NULL,0,NULL),(901,'450054021808','30',1,1,'2018-09-08 12:57:17',1,'2018_09_08_12_57_17_30_Cardnumbers.pdf',0,NULL,NULL,NULL,NULL,NULL,NULL,NULL,0,NULL),(902,'450054021809','30',1,1,'2018-09-08 12:57:17',1,'2018_09_08_12_57_17_30_Cardnumbers.pdf',0,NULL,NULL,NULL,NULL,NULL,NULL,NULL,0,NULL),(903,'450054021810','30',1,1,'2018-09-08 12:57:17',1,'2018_09_08_12_57_17_30_Cardnumbers.pdf',0,NULL,NULL,NULL,NULL,NULL,NULL,NULL,0,NULL),(904,'450054021811','30',1,1,'2018-09-08 12:57:17',1,'2018_09_08_12_57_17_30_Cardnumbers.pdf',0,NULL,NULL,NULL,NULL,NULL,NULL,NULL,0,NULL),(905,'450054021812','30',1,1,'2018-09-08 12:57:17',1,'2018_09_08_12_57_17_30_Cardnumbers.pdf',0,NULL,NULL,NULL,NULL,NULL,NULL,NULL,0,NULL),(906,'450054021813','30',1,1,'2018-09-08 12:57:17',1,'2018_09_08_12_57_17_30_Cardnumbers.pdf',0,NULL,NULL,NULL,NULL,NULL,NULL,NULL,0,NULL),(907,'450054021814','30',1,1,'2018-09-08 12:57:17',1,'2018_09_08_12_57_17_30_Cardnumbers.pdf',0,NULL,NULL,NULL,NULL,NULL,NULL,NULL,0,NULL),(908,'450054021815','30',1,1,'2018-09-08 12:57:17',1,'2018_09_08_12_57_17_30_Cardnumbers.pdf',0,NULL,NULL,NULL,NULL,NULL,NULL,NULL,0,NULL),(909,'450054021816','30',1,1,'2018-09-08 12:57:17',1,'2018_09_08_12_57_17_30_Cardnumbers.pdf',0,NULL,NULL,NULL,NULL,NULL,NULL,NULL,0,NULL),(910,'450054021817','30',1,1,'2018-09-08 12:57:17',1,'2018_09_08_12_57_17_30_Cardnumbers.pdf',0,NULL,NULL,NULL,NULL,NULL,NULL,NULL,0,NULL),(911,'450054021818','30',1,1,'2018-09-08 12:57:17',1,'2018_09_08_12_57_17_30_Cardnumbers.pdf',0,NULL,NULL,NULL,NULL,NULL,NULL,NULL,0,NULL),(912,'450054021819','30',1,1,'2018-09-08 12:57:17',1,'2018_09_08_12_57_17_30_Cardnumbers.pdf',0,NULL,NULL,NULL,NULL,NULL,NULL,NULL,0,NULL),(913,'450054021820','30',1,1,'2018-09-08 12:57:17',1,'2018_09_08_12_57_17_30_Cardnumbers.pdf',0,NULL,NULL,NULL,NULL,NULL,NULL,NULL,0,NULL),(914,'450054021821','30',1,1,'2018-09-11 10:36:21',1,'2018_09_11_10_36_21_30_Cardnumbers.pdf',0,NULL,NULL,NULL,NULL,NULL,NULL,NULL,0,NULL),(915,'450054021822','30',1,1,'2018-09-11 10:36:21',1,'2018_09_11_10_36_21_30_Cardnumbers.pdf',0,NULL,NULL,NULL,NULL,NULL,NULL,NULL,0,NULL),(916,'450054021823','30',1,1,'2018-09-11 10:36:21',1,'2018_09_11_10_36_21_30_Cardnumbers.pdf',0,NULL,NULL,NULL,NULL,NULL,NULL,NULL,0,NULL),(917,'450054021824','30',1,1,'2018-09-11 10:36:21',1,'2018_09_11_10_36_21_30_Cardnumbers.pdf',0,NULL,NULL,NULL,NULL,NULL,NULL,NULL,0,NULL),(918,'450054021825','30',1,1,'2018-09-11 10:36:21',1,'2018_09_11_10_36_21_30_Cardnumbers.pdf',0,NULL,NULL,NULL,NULL,NULL,NULL,NULL,0,NULL),(919,'450054021826','30',1,1,'2018-09-11 10:36:21',1,'2018_09_11_10_36_21_30_Cardnumbers.pdf',0,NULL,NULL,NULL,NULL,NULL,NULL,NULL,0,NULL),(920,'450054021827','30',1,1,'2018-09-11 10:36:21',1,'2018_09_11_10_36_21_30_Cardnumbers.pdf',0,NULL,NULL,NULL,NULL,NULL,NULL,NULL,0,NULL),(921,'450054021828','30',1,1,'2018-09-11 10:36:21',1,'2018_09_11_10_36_21_30_Cardnumbers.pdf',0,NULL,NULL,NULL,NULL,NULL,NULL,NULL,0,NULL),(922,'450054021829','30',1,1,'2018-09-11 10:36:21',1,'2018_09_11_10_36_21_30_Cardnumbers.pdf',0,NULL,NULL,NULL,NULL,NULL,NULL,NULL,0,NULL),(923,'450054021830','30',1,1,'2018-09-11 10:36:21',1,'2018_09_11_10_36_21_30_Cardnumbers.pdf',0,NULL,NULL,NULL,NULL,NULL,NULL,NULL,0,NULL),(924,'450054021831','30',1,1,'2018-09-11 10:36:21',1,'2018_09_11_10_36_21_30_Cardnumbers.pdf',0,NULL,NULL,NULL,NULL,NULL,NULL,NULL,0,NULL),(925,'450054021832','30',1,1,'2018-09-11 10:36:21',1,'2018_09_11_10_36_21_30_Cardnumbers.pdf',0,NULL,NULL,NULL,NULL,NULL,NULL,NULL,0,NULL),(926,'450054021833','30',1,1,'2018-09-11 10:36:21',1,'2018_09_11_10_36_21_30_Cardnumbers.pdf',0,NULL,NULL,NULL,NULL,NULL,NULL,NULL,0,NULL),(927,'450054021834','30',1,1,'2018-09-11 10:36:21',1,'2018_09_11_10_36_21_30_Cardnumbers.pdf',0,NULL,NULL,NULL,NULL,NULL,NULL,NULL,0,NULL),(928,'450054021835','30',1,1,'2018-09-11 10:36:21',1,'2018_09_11_10_36_21_30_Cardnumbers.pdf',0,NULL,NULL,NULL,NULL,NULL,NULL,NULL,0,NULL),(929,'450054021836','30',1,1,'2018-09-11 10:36:21',1,'2018_09_11_10_36_21_30_Cardnumbers.pdf',0,NULL,NULL,NULL,NULL,NULL,NULL,NULL,0,NULL),(930,'450054021837','30',1,1,'2018-09-11 10:36:21',1,'2018_09_11_10_36_21_30_Cardnumbers.pdf',0,NULL,NULL,NULL,NULL,NULL,NULL,NULL,0,NULL),(931,'450054021838','30',1,1,'2018-09-11 10:36:21',1,'2018_09_11_10_36_21_30_Cardnumbers.pdf',0,NULL,NULL,NULL,NULL,NULL,NULL,NULL,0,NULL),(932,'450054021839','30',1,1,'2018-09-11 10:36:21',1,'2018_09_11_10_36_21_30_Cardnumbers.pdf',0,NULL,NULL,NULL,NULL,NULL,NULL,NULL,0,NULL),(933,'450054021840','30',1,1,'2018-09-11 10:36:21',1,'2018_09_11_10_36_21_30_Cardnumbers.pdf',0,NULL,NULL,NULL,NULL,NULL,NULL,NULL,0,NULL),(934,'450054021841','30',1,1,'2018-09-11 10:36:21',1,'2018_09_11_10_36_21_30_Cardnumbers.pdf',0,NULL,NULL,NULL,NULL,NULL,NULL,NULL,0,NULL),(935,'450054021842','30',1,1,'2018-09-11 10:36:21',1,'2018_09_11_10_36_21_30_Cardnumbers.pdf',0,NULL,NULL,NULL,NULL,NULL,NULL,NULL,0,NULL),(936,'450054021843','30',1,1,'2018-09-11 10:36:21',1,'2018_09_11_10_36_21_30_Cardnumbers.pdf',0,NULL,NULL,NULL,NULL,NULL,NULL,NULL,0,NULL),(937,'450054021844','30',1,1,'2018-09-11 10:36:21',1,'2018_09_11_10_36_21_30_Cardnumbers.pdf',0,NULL,NULL,NULL,NULL,NULL,NULL,NULL,0,NULL),(938,'450054021845','30',1,1,'2018-09-11 10:36:21',1,'2018_09_11_10_36_21_30_Cardnumbers.pdf',0,NULL,NULL,NULL,NULL,NULL,NULL,NULL,0,NULL),(939,'450054021846','30',1,1,'2018-09-11 10:36:21',1,'2018_09_11_10_36_21_30_Cardnumbers.pdf',0,NULL,NULL,NULL,NULL,NULL,NULL,NULL,0,NULL),(940,'450054021847','30',1,1,'2018-09-11 10:36:21',1,'2018_09_11_10_36_21_30_Cardnumbers.pdf',0,NULL,NULL,NULL,NULL,NULL,NULL,NULL,0,NULL),(941,'450054021848','30',1,1,'2018-09-11 10:36:21',1,'2018_09_11_10_36_21_30_Cardnumbers.pdf',0,NULL,NULL,NULL,NULL,NULL,NULL,NULL,0,NULL),(942,'450054021849','30',1,1,'2018-09-11 10:36:21',1,'2018_09_11_10_36_21_30_Cardnumbers.pdf',0,NULL,NULL,NULL,NULL,NULL,NULL,NULL,0,NULL),(943,'450054021850','30',1,1,'2018-09-11 10:36:21',1,'2018_09_11_10_36_21_30_Cardnumbers.pdf',0,NULL,NULL,NULL,NULL,NULL,NULL,NULL,0,NULL),(944,'450054021851','10',1,1,'2018-09-21 10:25:03',1,'2018_09_21_10_25_03_10_Cardnumbers.pdf',0,NULL,NULL,NULL,NULL,NULL,NULL,NULL,0,NULL),(945,'450054021852','10',1,1,'2018-09-21 10:25:03',1,'2018_09_21_10_25_03_10_Cardnumbers.pdf',0,NULL,NULL,NULL,NULL,NULL,NULL,NULL,0,NULL),(946,'450054021853','10',1,1,'2018-09-21 10:25:03',1,'2018_09_21_10_25_03_10_Cardnumbers.pdf',0,NULL,NULL,NULL,NULL,NULL,NULL,NULL,0,NULL),(947,'450054021854','10',1,1,'2018-09-21 10:25:03',1,'2018_09_21_10_25_03_10_Cardnumbers.pdf',0,NULL,NULL,NULL,NULL,NULL,NULL,NULL,0,NULL),(948,'450054021855','10',1,1,'2018-09-21 10:25:03',1,'2018_09_21_10_25_03_10_Cardnumbers.pdf',0,NULL,NULL,NULL,NULL,NULL,NULL,NULL,0,NULL),(949,'450054021856','10',1,1,'2018-09-21 10:25:03',1,'2018_09_21_10_25_03_10_Cardnumbers.pdf',0,NULL,NULL,NULL,NULL,NULL,NULL,NULL,0,NULL),(950,'450054021857','10',1,1,'2018-09-21 10:25:03',1,'2018_09_21_10_25_03_10_Cardnumbers.pdf',0,NULL,NULL,NULL,NULL,NULL,NULL,NULL,0,NULL),(951,'450054021858','10',1,1,'2018-09-21 10:25:03',1,'2018_09_21_10_25_03_10_Cardnumbers.pdf',0,NULL,NULL,NULL,NULL,NULL,NULL,NULL,0,NULL),(952,'450054021859','10',1,1,'2018-09-21 10:25:03',1,'2018_09_21_10_25_03_10_Cardnumbers.pdf',0,NULL,NULL,NULL,NULL,NULL,NULL,NULL,0,NULL),(953,'450054021860','10',1,1,'2018-09-21 10:25:03',1,'2018_09_21_10_25_03_10_Cardnumbers.pdf',0,NULL,NULL,NULL,NULL,NULL,NULL,NULL,0,NULL),(954,'450054021861','10',1,1,'2018-09-21 10:27:42',1,'2018_09_21_10_27_42_10_Cardnumbers.pdf',0,NULL,NULL,NULL,NULL,NULL,NULL,NULL,0,NULL),(955,'450054021862','10',1,1,'2018-09-21 10:27:42',1,'2018_09_21_10_27_42_10_Cardnumbers.pdf',0,NULL,NULL,NULL,NULL,NULL,NULL,NULL,0,NULL),(956,'450054021863','10',1,1,'2018-09-21 10:27:42',1,'2018_09_21_10_27_42_10_Cardnumbers.pdf',0,NULL,NULL,NULL,NULL,NULL,NULL,NULL,0,NULL),(957,'450054021864','10',1,1,'2018-09-21 10:27:42',1,'2018_09_21_10_27_42_10_Cardnumbers.pdf',0,NULL,NULL,NULL,NULL,NULL,NULL,NULL,0,NULL),(958,'450054021865','10',1,1,'2018-09-21 10:27:42',1,'2018_09_21_10_27_42_10_Cardnumbers.pdf',0,NULL,NULL,NULL,NULL,NULL,NULL,NULL,0,NULL),(959,'450054021866','10',1,1,'2018-09-21 10:27:42',1,'2018_09_21_10_27_42_10_Cardnumbers.pdf',0,NULL,NULL,NULL,NULL,NULL,NULL,NULL,0,NULL),(960,'450054021867','10',1,1,'2018-09-21 10:27:42',1,'2018_09_21_10_27_42_10_Cardnumbers.pdf',0,NULL,NULL,NULL,NULL,NULL,NULL,NULL,0,NULL),(961,'450054021868','10',1,1,'2018-09-21 10:27:42',1,'2018_09_21_10_27_42_10_Cardnumbers.pdf',0,NULL,NULL,NULL,NULL,NULL,NULL,NULL,0,NULL),(962,'450054021869','10',1,1,'2018-09-21 10:27:42',1,'2018_09_21_10_27_42_10_Cardnumbers.pdf',0,NULL,NULL,NULL,NULL,NULL,NULL,NULL,0,NULL),(963,'450054021870','10',1,1,'2018-09-21 10:27:42',1,'2018_09_21_10_27_42_10_Cardnumbers.pdf',0,NULL,NULL,NULL,NULL,NULL,NULL,NULL,0,NULL),(964,'450054021871','30',1,1,'2018-09-21 10:30:21',1,'2018_09_21_10_30_21_30_Cardnumbers.pdf',0,NULL,NULL,NULL,NULL,NULL,NULL,NULL,0,NULL),(965,'450054021872','30',1,1,'2018-09-21 10:30:21',1,'2018_09_21_10_30_21_30_Cardnumbers.pdf',0,NULL,NULL,NULL,NULL,NULL,NULL,NULL,0,NULL),(966,'450054021873','30',1,1,'2018-09-21 10:30:21',1,'2018_09_21_10_30_21_30_Cardnumbers.pdf',0,NULL,NULL,NULL,NULL,NULL,NULL,NULL,0,NULL),(967,'450054021874','30',1,1,'2018-09-21 10:30:21',1,'2018_09_21_10_30_21_30_Cardnumbers.pdf',0,NULL,NULL,NULL,NULL,NULL,NULL,NULL,0,NULL),(968,'450054021875','30',1,1,'2018-09-21 10:30:21',1,'2018_09_21_10_30_21_30_Cardnumbers.pdf',0,NULL,NULL,NULL,NULL,NULL,NULL,NULL,0,NULL),(969,'450054021876','30',1,1,'2018-09-21 10:30:21',1,'2018_09_21_10_30_21_30_Cardnumbers.pdf',0,NULL,NULL,NULL,NULL,NULL,NULL,NULL,0,NULL),(970,'450054021877','30',1,1,'2018-09-21 10:30:21',1,'2018_09_21_10_30_21_30_Cardnumbers.pdf',0,NULL,NULL,NULL,NULL,NULL,NULL,NULL,0,NULL),(971,'450054021878','30',1,1,'2018-09-21 10:30:21',1,'2018_09_21_10_30_21_30_Cardnumbers.pdf',0,NULL,NULL,NULL,NULL,NULL,NULL,NULL,0,NULL),(972,'450054021879','30',1,1,'2018-09-21 10:30:21',1,'2018_09_21_10_30_21_30_Cardnumbers.pdf',0,NULL,NULL,NULL,NULL,NULL,NULL,NULL,0,NULL),(973,'450054021880','30',1,1,'2018-09-21 10:30:21',1,'2018_09_21_10_30_21_30_Cardnumbers.pdf',0,NULL,NULL,NULL,NULL,NULL,NULL,NULL,0,NULL),(974,'450054021881','30',1,1,'2018-09-21 10:30:21',1,'2018_09_21_10_30_21_30_Cardnumbers.pdf',0,NULL,NULL,NULL,NULL,NULL,NULL,NULL,0,NULL),(975,'450054021882','30',1,1,'2018-09-21 10:30:21',1,'2018_09_21_10_30_21_30_Cardnumbers.pdf',0,NULL,NULL,NULL,NULL,NULL,NULL,NULL,0,NULL),(976,'450054021883','30',1,1,'2018-09-21 10:30:21',1,'2018_09_21_10_30_21_30_Cardnumbers.pdf',0,NULL,NULL,NULL,NULL,NULL,NULL,NULL,0,NULL),(977,'450054021884','30',1,1,'2018-09-21 10:30:21',1,'2018_09_21_10_30_21_30_Cardnumbers.pdf',0,NULL,NULL,NULL,NULL,NULL,NULL,NULL,0,NULL),(978,'450054021885','30',1,1,'2018-09-21 10:30:21',1,'2018_09_21_10_30_21_30_Cardnumbers.pdf',0,NULL,NULL,NULL,NULL,NULL,NULL,NULL,0,NULL),(979,'450054021886','30',1,1,'2018-09-21 10:30:21',1,'2018_09_21_10_30_21_30_Cardnumbers.pdf',0,NULL,NULL,NULL,NULL,NULL,NULL,NULL,0,NULL),(980,'450054021887','30',1,1,'2018-09-21 10:30:21',1,'2018_09_21_10_30_21_30_Cardnumbers.pdf',0,NULL,NULL,NULL,NULL,NULL,NULL,NULL,0,NULL),(981,'450054021888','30',1,1,'2018-09-21 10:30:21',1,'2018_09_21_10_30_21_30_Cardnumbers.pdf',0,NULL,NULL,NULL,NULL,NULL,NULL,NULL,0,NULL),(982,'450054021889','30',1,1,'2018-09-21 10:30:21',1,'2018_09_21_10_30_21_30_Cardnumbers.pdf',0,NULL,NULL,NULL,NULL,NULL,NULL,NULL,0,NULL),(983,'450054021890','30',1,1,'2018-09-21 10:30:21',1,'2018_09_21_10_30_21_30_Cardnumbers.pdf',0,NULL,NULL,NULL,NULL,NULL,NULL,NULL,0,NULL),(984,'450054021891','30',1,1,'2018-09-21 10:30:21',1,'2018_09_21_10_30_21_30_Cardnumbers.pdf',0,NULL,NULL,NULL,NULL,NULL,NULL,NULL,0,NULL),(985,'450054021892','30',1,1,'2018-09-21 10:30:21',1,'2018_09_21_10_30_21_30_Cardnumbers.pdf',0,NULL,NULL,NULL,NULL,NULL,NULL,NULL,0,NULL),(986,'450054021893','30',1,1,'2018-09-21 10:30:21',1,'2018_09_21_10_30_21_30_Cardnumbers.pdf',0,NULL,NULL,NULL,NULL,NULL,NULL,NULL,0,NULL),(987,'450054021894','30',1,1,'2018-09-21 10:30:21',1,'2018_09_21_10_30_21_30_Cardnumbers.pdf',0,NULL,NULL,NULL,NULL,NULL,NULL,NULL,0,NULL),(988,'450054021895','30',1,1,'2018-09-21 10:30:21',1,'2018_09_21_10_30_21_30_Cardnumbers.pdf',0,NULL,NULL,NULL,NULL,NULL,NULL,NULL,0,NULL),(989,'450054021896','30',1,1,'2018-09-21 10:30:21',1,'2018_09_21_10_30_21_30_Cardnumbers.pdf',0,NULL,NULL,NULL,NULL,NULL,NULL,NULL,0,NULL),(990,'450054021897','30',1,1,'2018-09-21 10:30:21',1,'2018_09_21_10_30_21_30_Cardnumbers.pdf',0,NULL,NULL,NULL,NULL,NULL,NULL,NULL,0,NULL),(991,'450054021898','30',1,1,'2018-09-21 10:30:21',1,'2018_09_21_10_30_21_30_Cardnumbers.pdf',0,NULL,NULL,NULL,NULL,NULL,NULL,NULL,0,NULL),(992,'450054021899','30',1,1,'2018-09-21 10:30:21',1,'2018_09_21_10_30_21_30_Cardnumbers.pdf',0,NULL,NULL,NULL,NULL,NULL,NULL,NULL,0,NULL),(993,'450054021900','30',1,1,'2018-09-21 10:30:21',1,'2018_09_21_10_30_21_30_Cardnumbers.pdf',0,NULL,NULL,NULL,NULL,NULL,NULL,NULL,0,NULL),(994,'450054021901','30',1,1,'2018-11-03 13:37:01',1,'2018_11_03_13_37_01_30_Cardnumbers.pdf',0,NULL,NULL,NULL,NULL,NULL,NULL,NULL,0,NULL),(995,'450054021902','30',1,1,'2018-11-03 13:37:01',1,'2018_11_03_13_37_01_30_Cardnumbers.pdf',0,NULL,NULL,NULL,NULL,NULL,NULL,NULL,0,NULL),(996,'450054021903','30',1,1,'2018-11-03 13:37:01',1,'2018_11_03_13_37_01_30_Cardnumbers.pdf',0,NULL,NULL,NULL,NULL,NULL,NULL,NULL,0,NULL),(997,'450054021904','30',1,1,'2018-11-03 13:37:01',1,'2018_11_03_13_37_01_30_Cardnumbers.pdf',0,NULL,NULL,NULL,NULL,NULL,NULL,NULL,0,NULL),(998,'450054021905','30',1,1,'2018-11-03 13:37:01',1,'2018_11_03_13_37_01_30_Cardnumbers.pdf',0,NULL,NULL,NULL,NULL,NULL,NULL,NULL,0,NULL),(999,'450054021906','30',1,1,'2018-11-03 13:37:01',1,'2018_11_03_13_37_01_30_Cardnumbers.pdf',0,NULL,NULL,NULL,NULL,NULL,NULL,NULL,0,NULL),(1000,'450054021907','30',1,1,'2018-11-03 13:37:01',1,'2018_11_03_13_37_01_30_Cardnumbers.pdf',0,NULL,NULL,NULL,NULL,NULL,NULL,NULL,0,NULL),(1001,'450054021908','30',1,1,'2018-11-03 13:37:01',1,'2018_11_03_13_37_01_30_Cardnumbers.pdf',0,NULL,NULL,NULL,NULL,NULL,NULL,NULL,0,NULL),(1002,'450054021909','30',1,1,'2018-11-03 13:37:01',1,'2018_11_03_13_37_01_30_Cardnumbers.pdf',0,NULL,NULL,NULL,NULL,NULL,NULL,NULL,0,NULL),(1003,'450054021910','30',1,1,'2018-11-03 13:37:01',1,'2018_11_03_13_37_01_30_Cardnumbers.pdf',0,NULL,NULL,NULL,NULL,NULL,NULL,NULL,0,NULL),(1004,'450054021911','30',1,1,'2018-11-03 13:37:01',1,'2018_11_03_13_37_01_30_Cardnumbers.pdf',0,NULL,NULL,NULL,NULL,NULL,NULL,NULL,0,NULL),(1005,'450054021912','30',1,1,'2018-11-03 13:37:01',1,'2018_11_03_13_37_01_30_Cardnumbers.pdf',0,NULL,NULL,NULL,NULL,NULL,NULL,NULL,0,NULL),(1006,'450054021913','30',1,1,'2018-11-03 13:37:01',1,'2018_11_03_13_37_01_30_Cardnumbers.pdf',0,NULL,NULL,NULL,NULL,NULL,NULL,NULL,0,NULL),(1007,'450054021914','30',1,1,'2018-11-03 13:37:01',1,'2018_11_03_13_37_01_30_Cardnumbers.pdf',0,NULL,NULL,NULL,NULL,NULL,NULL,NULL,0,NULL),(1008,'450054021915','30',1,1,'2018-11-03 13:37:01',1,'2018_11_03_13_37_01_30_Cardnumbers.pdf',0,NULL,NULL,NULL,NULL,NULL,NULL,NULL,0,NULL),(1009,'450054021916','30',1,1,'2018-11-03 13:37:01',1,'2018_11_03_13_37_01_30_Cardnumbers.pdf',0,NULL,NULL,NULL,NULL,NULL,NULL,NULL,0,NULL),(1010,'450054021917','30',1,1,'2018-11-03 13:37:01',1,'2018_11_03_13_37_01_30_Cardnumbers.pdf',0,NULL,NULL,NULL,NULL,NULL,NULL,NULL,0,NULL),(1011,'450054021918','30',1,1,'2018-11-03 13:37:01',1,'2018_11_03_13_37_01_30_Cardnumbers.pdf',0,NULL,NULL,NULL,NULL,NULL,NULL,NULL,0,NULL),(1012,'450054021919','30',1,1,'2018-11-03 13:37:01',1,'2018_11_03_13_37_01_30_Cardnumbers.pdf',0,NULL,NULL,NULL,NULL,NULL,NULL,NULL,0,NULL),(1013,'450054021920','30',1,1,'2018-11-03 13:37:01',1,'2018_11_03_13_37_01_30_Cardnumbers.pdf',0,NULL,NULL,NULL,NULL,NULL,NULL,NULL,0,NULL),(1014,'450054021921','30',1,1,'2018-11-03 13:37:01',1,'2018_11_03_13_37_01_30_Cardnumbers.pdf',0,NULL,NULL,NULL,NULL,NULL,NULL,NULL,0,NULL),(1015,'450054021922','30',1,1,'2018-11-03 13:37:01',1,'2018_11_03_13_37_01_30_Cardnumbers.pdf',0,NULL,NULL,NULL,NULL,NULL,NULL,NULL,0,NULL),(1016,'450054021923','30',1,1,'2018-11-03 13:37:01',1,'2018_11_03_13_37_01_30_Cardnumbers.pdf',0,NULL,NULL,NULL,NULL,NULL,NULL,NULL,0,NULL),(1017,'450054021924','30',1,1,'2018-11-03 13:37:01',1,'2018_11_03_13_37_01_30_Cardnumbers.pdf',0,NULL,NULL,NULL,NULL,NULL,NULL,NULL,0,NULL),(1018,'450054021925','30',1,1,'2018-11-03 13:37:01',1,'2018_11_03_13_37_01_30_Cardnumbers.pdf',0,NULL,NULL,NULL,NULL,NULL,NULL,NULL,0,NULL),(1019,'450054021926','30',1,1,'2018-11-03 13:37:01',1,'2018_11_03_13_37_01_30_Cardnumbers.pdf',0,NULL,NULL,NULL,NULL,NULL,NULL,NULL,0,NULL),(1020,'450054021927','30',1,1,'2018-11-03 13:37:01',1,'2018_11_03_13_37_01_30_Cardnumbers.pdf',0,NULL,NULL,NULL,NULL,NULL,NULL,NULL,0,NULL),(1021,'450054021928','30',1,1,'2018-11-03 13:37:01',1,'2018_11_03_13_37_01_30_Cardnumbers.pdf',0,NULL,NULL,NULL,NULL,NULL,NULL,NULL,0,NULL),(1022,'450054021929','30',1,1,'2018-11-03 13:37:01',1,'2018_11_03_13_37_01_30_Cardnumbers.pdf',0,NULL,NULL,NULL,NULL,NULL,NULL,NULL,0,NULL),(1023,'450054021930','30',1,1,'2018-11-03 13:37:01',1,'2018_11_03_13_37_01_30_Cardnumbers.pdf',0,NULL,NULL,NULL,NULL,NULL,NULL,NULL,0,NULL),(1024,'450054021931','100',1,1,'2018-11-16 14:36:28',1,'2018_11_16_14_36_28_100_Cardnumbers.pdf',0,NULL,NULL,NULL,NULL,NULL,NULL,NULL,0,NULL),(1025,'450054021932','100',1,1,'2018-11-16 14:36:28',1,'2018_11_16_14_36_28_100_Cardnumbers.pdf',0,NULL,NULL,NULL,NULL,NULL,NULL,NULL,0,NULL),(1026,'450054021933','100',1,1,'2018-11-16 14:36:28',1,'2018_11_16_14_36_28_100_Cardnumbers.pdf',0,NULL,NULL,NULL,NULL,NULL,NULL,NULL,0,NULL),(1027,'450054021934','100',1,1,'2018-11-16 14:36:28',1,'2018_11_16_14_36_28_100_Cardnumbers.pdf',0,NULL,NULL,NULL,NULL,NULL,NULL,NULL,0,NULL),(1028,'450054021935','100',1,1,'2018-11-16 14:36:28',1,'2018_11_16_14_36_28_100_Cardnumbers.pdf',0,NULL,NULL,NULL,NULL,NULL,NULL,NULL,0,NULL),(1029,'450054021936','100',1,1,'2018-11-16 14:36:28',1,'2018_11_16_14_36_28_100_Cardnumbers.pdf',0,NULL,NULL,NULL,NULL,NULL,NULL,NULL,0,NULL),(1030,'450054021937','100',1,1,'2018-11-16 14:36:28',1,'2018_11_16_14_36_28_100_Cardnumbers.pdf',0,NULL,NULL,NULL,NULL,NULL,NULL,NULL,0,NULL),(1031,'450054021938','100',1,1,'2018-11-16 14:36:28',1,'2018_11_16_14_36_28_100_Cardnumbers.pdf',0,NULL,NULL,NULL,NULL,NULL,NULL,NULL,0,NULL),(1032,'450054021939','100',1,1,'2018-11-16 14:36:28',1,'2018_11_16_14_36_28_100_Cardnumbers.pdf',0,NULL,NULL,NULL,NULL,NULL,NULL,NULL,0,NULL),(1033,'450054021940','100',1,1,'2018-11-16 14:36:28',1,'2018_11_16_14_36_28_100_Cardnumbers.pdf',0,NULL,NULL,NULL,NULL,NULL,NULL,NULL,0,NULL),(1034,'450054021941','100',1,1,'2018-11-16 14:36:28',1,'2018_11_16_14_36_28_100_Cardnumbers.pdf',0,NULL,NULL,NULL,NULL,NULL,NULL,NULL,0,NULL),(1035,'450054021942','100',1,1,'2018-11-16 14:36:28',1,'2018_11_16_14_36_28_100_Cardnumbers.pdf',0,NULL,NULL,NULL,NULL,NULL,NULL,NULL,0,NULL),(1036,'450054021943','100',1,1,'2018-11-16 14:36:28',1,'2018_11_16_14_36_28_100_Cardnumbers.pdf',0,NULL,NULL,NULL,NULL,NULL,NULL,NULL,0,NULL),(1037,'450054021944','100',1,1,'2018-11-16 14:36:28',1,'2018_11_16_14_36_28_100_Cardnumbers.pdf',0,NULL,NULL,NULL,NULL,NULL,NULL,NULL,0,NULL),(1038,'450054021945','100',1,1,'2018-11-16 14:36:28',1,'2018_11_16_14_36_28_100_Cardnumbers.pdf',0,NULL,NULL,NULL,NULL,NULL,NULL,NULL,0,NULL),(1039,'450054021946','100',1,1,'2018-11-16 14:36:28',1,'2018_11_16_14_36_28_100_Cardnumbers.pdf',0,NULL,NULL,NULL,NULL,NULL,NULL,NULL,0,NULL),(1040,'450054021947','100',1,1,'2018-11-16 14:36:28',1,'2018_11_16_14_36_28_100_Cardnumbers.pdf',0,NULL,NULL,NULL,NULL,NULL,NULL,NULL,0,NULL),(1041,'450054021948','100',1,1,'2018-11-16 14:36:28',1,'2018_11_16_14_36_28_100_Cardnumbers.pdf',0,NULL,NULL,NULL,NULL,NULL,NULL,NULL,0,NULL),(1042,'450054021949','100',1,1,'2018-11-16 14:36:28',1,'2018_11_16_14_36_28_100_Cardnumbers.pdf',0,NULL,NULL,NULL,NULL,NULL,NULL,NULL,0,NULL),(1043,'450054021950','100',1,1,'2018-11-16 14:36:28',1,'2018_11_16_14_36_28_100_Cardnumbers.pdf',0,NULL,NULL,NULL,NULL,NULL,NULL,NULL,0,NULL),(1044,'450054021951','100',1,1,'2018-11-16 14:36:28',1,'2018_11_16_14_36_28_100_Cardnumbers.pdf',0,NULL,NULL,NULL,NULL,NULL,NULL,NULL,0,NULL),(1045,'450054021952','100',1,1,'2018-11-16 14:36:28',1,'2018_11_16_14_36_28_100_Cardnumbers.pdf',0,NULL,NULL,NULL,NULL,NULL,NULL,NULL,0,NULL),(1046,'450054021953','100',1,1,'2018-11-16 14:36:28',1,'2018_11_16_14_36_28_100_Cardnumbers.pdf',0,NULL,NULL,NULL,NULL,NULL,NULL,NULL,0,NULL),(1047,'450054021954','100',1,1,'2018-11-16 14:36:28',1,'2018_11_16_14_36_28_100_Cardnumbers.pdf',0,NULL,NULL,NULL,NULL,NULL,NULL,NULL,0,NULL),(1048,'450054021955','100',1,1,'2018-11-16 14:36:28',1,'2018_11_16_14_36_28_100_Cardnumbers.pdf',0,NULL,NULL,NULL,NULL,NULL,NULL,NULL,0,NULL),(1049,'450054021956','100',1,1,'2018-11-16 14:36:28',1,'2018_11_16_14_36_28_100_Cardnumbers.pdf',0,NULL,NULL,NULL,NULL,NULL,NULL,NULL,0,NULL),(1050,'450054021957','100',1,1,'2018-11-16 14:36:28',1,'2018_11_16_14_36_28_100_Cardnumbers.pdf',0,NULL,NULL,NULL,NULL,NULL,NULL,NULL,0,NULL),(1051,'450054021958','100',1,1,'2018-11-16 14:36:28',1,'2018_11_16_14_36_28_100_Cardnumbers.pdf',0,NULL,NULL,NULL,NULL,NULL,NULL,NULL,0,NULL),(1052,'450054021959','100',1,1,'2018-11-16 14:36:28',1,'2018_11_16_14_36_28_100_Cardnumbers.pdf',0,NULL,NULL,NULL,NULL,NULL,NULL,NULL,0,NULL),(1053,'450054021960','100',1,1,'2018-11-16 14:36:28',1,'2018_11_16_14_36_28_100_Cardnumbers.pdf',0,NULL,NULL,NULL,NULL,NULL,NULL,NULL,0,NULL),(1054,'450054021961','100',1,1,'2018-11-16 14:36:28',1,'2018_11_16_14_36_28_100_Cardnumbers.pdf',0,NULL,NULL,NULL,NULL,NULL,NULL,NULL,0,NULL),(1055,'450054021962','100',1,1,'2018-11-16 14:36:28',1,'2018_11_16_14_36_28_100_Cardnumbers.pdf',0,NULL,NULL,NULL,NULL,NULL,NULL,NULL,0,NULL),(1056,'450054021963','100',1,1,'2018-11-16 14:36:28',1,'2018_11_16_14_36_28_100_Cardnumbers.pdf',0,NULL,NULL,NULL,NULL,NULL,NULL,NULL,0,NULL),(1057,'450054021964','100',1,1,'2018-11-16 14:36:28',1,'2018_11_16_14_36_28_100_Cardnumbers.pdf',0,NULL,NULL,NULL,NULL,NULL,NULL,NULL,0,NULL),(1058,'450054021965','100',1,1,'2018-11-16 14:36:28',1,'2018_11_16_14_36_28_100_Cardnumbers.pdf',0,NULL,NULL,NULL,NULL,NULL,NULL,NULL,0,NULL),(1059,'450054021966','100',1,1,'2018-11-16 14:36:28',1,'2018_11_16_14_36_28_100_Cardnumbers.pdf',0,NULL,NULL,NULL,NULL,NULL,NULL,NULL,0,NULL),(1060,'450054021967','100',1,1,'2018-11-16 14:36:28',1,'2018_11_16_14_36_28_100_Cardnumbers.pdf',0,NULL,NULL,NULL,NULL,NULL,NULL,NULL,0,NULL),(1061,'450054021968','100',1,1,'2018-11-16 14:36:28',1,'2018_11_16_14_36_28_100_Cardnumbers.pdf',0,NULL,NULL,NULL,NULL,NULL,NULL,NULL,0,NULL),(1062,'450054021969','100',1,1,'2018-11-16 14:36:28',1,'2018_11_16_14_36_28_100_Cardnumbers.pdf',0,NULL,NULL,NULL,NULL,NULL,NULL,NULL,0,NULL),(1063,'450054021970','100',1,1,'2018-11-16 14:36:28',1,'2018_11_16_14_36_28_100_Cardnumbers.pdf',0,NULL,NULL,NULL,NULL,NULL,NULL,NULL,0,NULL),(1064,'450054021971','100',1,1,'2018-11-16 14:36:28',1,'2018_11_16_14_36_28_100_Cardnumbers.pdf',0,NULL,NULL,NULL,NULL,NULL,NULL,NULL,0,NULL),(1065,'450054021972','100',1,1,'2018-11-16 14:36:28',1,'2018_11_16_14_36_28_100_Cardnumbers.pdf',0,NULL,NULL,NULL,NULL,NULL,NULL,NULL,0,NULL),(1066,'450054021973','100',1,1,'2018-11-16 14:36:28',1,'2018_11_16_14_36_28_100_Cardnumbers.pdf',0,NULL,NULL,NULL,NULL,NULL,NULL,NULL,0,NULL),(1067,'450054021974','100',1,1,'2018-11-16 14:36:28',1,'2018_11_16_14_36_28_100_Cardnumbers.pdf',0,NULL,NULL,NULL,NULL,NULL,NULL,NULL,0,NULL),(1068,'450054021975','100',1,1,'2018-11-16 14:36:28',1,'2018_11_16_14_36_28_100_Cardnumbers.pdf',0,NULL,NULL,NULL,NULL,NULL,NULL,NULL,0,NULL),(1069,'450054021976','100',1,1,'2018-11-16 14:36:28',1,'2018_11_16_14_36_28_100_Cardnumbers.pdf',0,NULL,NULL,NULL,NULL,NULL,NULL,NULL,0,NULL),(1070,'450054021977','100',1,1,'2018-11-16 14:36:28',1,'2018_11_16_14_36_28_100_Cardnumbers.pdf',0,NULL,NULL,NULL,NULL,NULL,NULL,NULL,0,NULL),(1071,'450054021978','100',1,1,'2018-11-16 14:36:28',1,'2018_11_16_14_36_28_100_Cardnumbers.pdf',0,NULL,NULL,NULL,NULL,NULL,NULL,NULL,0,NULL),(1072,'450054021979','100',1,1,'2018-11-16 14:36:28',1,'2018_11_16_14_36_28_100_Cardnumbers.pdf',0,NULL,NULL,NULL,NULL,NULL,NULL,NULL,0,NULL),(1073,'450054021980','100',1,1,'2018-11-16 14:36:28',1,'2018_11_16_14_36_28_100_Cardnumbers.pdf',0,NULL,NULL,NULL,NULL,NULL,NULL,NULL,0,NULL),(1074,'450054021981','100',1,1,'2018-11-16 14:36:28',1,'2018_11_16_14_36_28_100_Cardnumbers.pdf',0,NULL,NULL,NULL,NULL,NULL,NULL,NULL,0,NULL),(1075,'450054021982','100',1,1,'2018-11-16 14:36:28',1,'2018_11_16_14_36_28_100_Cardnumbers.pdf',0,NULL,NULL,NULL,NULL,NULL,NULL,NULL,0,NULL),(1076,'450054021983','100',1,1,'2018-11-16 14:36:28',1,'2018_11_16_14_36_28_100_Cardnumbers.pdf',0,NULL,NULL,NULL,NULL,NULL,NULL,NULL,0,NULL),(1077,'450054021984','100',1,1,'2018-11-16 14:36:28',1,'2018_11_16_14_36_28_100_Cardnumbers.pdf',0,NULL,NULL,NULL,NULL,NULL,NULL,NULL,0,NULL),(1078,'450054021985','100',1,1,'2018-11-16 14:36:28',1,'2018_11_16_14_36_28_100_Cardnumbers.pdf',0,NULL,NULL,NULL,NULL,NULL,NULL,NULL,0,NULL),(1079,'450054021986','100',1,1,'2018-11-16 14:36:28',1,'2018_11_16_14_36_28_100_Cardnumbers.pdf',0,NULL,NULL,NULL,NULL,NULL,NULL,NULL,0,NULL),(1080,'450054021987','100',1,1,'2018-11-16 14:36:28',1,'2018_11_16_14_36_28_100_Cardnumbers.pdf',0,NULL,NULL,NULL,NULL,NULL,NULL,NULL,0,NULL),(1081,'450054021988','100',1,1,'2018-11-16 14:36:28',1,'2018_11_16_14_36_28_100_Cardnumbers.pdf',0,NULL,NULL,NULL,NULL,NULL,NULL,NULL,0,NULL),(1082,'450054021989','100',1,1,'2018-11-16 14:36:28',1,'2018_11_16_14_36_28_100_Cardnumbers.pdf',0,NULL,NULL,NULL,NULL,NULL,NULL,NULL,0,NULL),(1083,'450054021990','100',1,1,'2018-11-16 14:36:28',1,'2018_11_16_14_36_28_100_Cardnumbers.pdf',0,NULL,NULL,NULL,NULL,NULL,NULL,NULL,0,NULL),(1084,'450054021991','100',1,1,'2018-11-16 14:36:28',1,'2018_11_16_14_36_28_100_Cardnumbers.pdf',0,NULL,NULL,NULL,NULL,NULL,NULL,NULL,0,NULL),(1085,'450054021992','100',1,1,'2018-11-16 14:36:28',1,'2018_11_16_14_36_28_100_Cardnumbers.pdf',0,NULL,NULL,NULL,NULL,NULL,NULL,NULL,0,NULL),(1086,'450054021993','100',1,1,'2018-11-16 14:36:28',1,'2018_11_16_14_36_28_100_Cardnumbers.pdf',0,NULL,NULL,NULL,NULL,NULL,NULL,NULL,0,NULL),(1087,'450054021994','100',1,1,'2018-11-16 14:36:28',1,'2018_11_16_14_36_28_100_Cardnumbers.pdf',0,NULL,NULL,NULL,NULL,NULL,NULL,NULL,0,NULL),(1088,'450054021995','100',1,1,'2018-11-16 14:36:28',1,'2018_11_16_14_36_28_100_Cardnumbers.pdf',0,NULL,NULL,NULL,NULL,NULL,NULL,NULL,0,NULL),(1089,'450054021996','100',1,1,'2018-11-16 14:36:28',1,'2018_11_16_14_36_28_100_Cardnumbers.pdf',0,NULL,NULL,NULL,NULL,NULL,NULL,NULL,0,NULL),(1090,'450054021997','100',1,1,'2018-11-16 14:36:28',1,'2018_11_16_14_36_28_100_Cardnumbers.pdf',0,NULL,NULL,NULL,NULL,NULL,NULL,NULL,0,NULL),(1091,'450054021998','100',1,1,'2018-11-16 14:36:28',1,'2018_11_16_14_36_28_100_Cardnumbers.pdf',0,NULL,NULL,NULL,NULL,NULL,NULL,NULL,0,NULL),(1092,'450054021999','100',1,1,'2018-11-16 14:36:28',1,'2018_11_16_14_36_28_100_Cardnumbers.pdf',0,NULL,NULL,NULL,NULL,NULL,NULL,NULL,0,NULL),(1093,'450054022000','100',1,1,'2018-11-16 14:36:28',1,'2018_11_16_14_36_28_100_Cardnumbers.pdf',0,NULL,NULL,NULL,NULL,NULL,NULL,NULL,0,NULL),(1094,'450054022001','100',1,1,'2018-11-16 14:36:28',1,'2018_11_16_14_36_28_100_Cardnumbers.pdf',0,NULL,NULL,NULL,NULL,NULL,NULL,NULL,0,NULL),(1095,'450054022002','100',1,1,'2018-11-16 14:36:28',1,'2018_11_16_14_36_28_100_Cardnumbers.pdf',0,NULL,NULL,NULL,NULL,NULL,NULL,NULL,0,NULL),(1096,'450054022003','100',1,1,'2018-11-16 14:36:28',1,'2018_11_16_14_36_28_100_Cardnumbers.pdf',0,NULL,NULL,NULL,NULL,NULL,NULL,NULL,0,NULL),(1097,'450054022004','100',1,1,'2018-11-16 14:36:28',1,'2018_11_16_14_36_28_100_Cardnumbers.pdf',0,NULL,NULL,NULL,NULL,NULL,NULL,NULL,0,NULL),(1098,'450054022005','100',1,1,'2018-11-16 14:36:28',1,'2018_11_16_14_36_28_100_Cardnumbers.pdf',0,NULL,NULL,NULL,NULL,NULL,NULL,NULL,0,NULL),(1099,'450054022006','100',1,1,'2018-11-16 14:36:28',1,'2018_11_16_14_36_28_100_Cardnumbers.pdf',0,NULL,NULL,NULL,NULL,NULL,NULL,NULL,0,NULL),(1100,'450054022007','100',1,1,'2018-11-16 14:36:28',1,'2018_11_16_14_36_28_100_Cardnumbers.pdf',0,NULL,NULL,NULL,NULL,NULL,NULL,NULL,0,NULL),(1101,'450054022008','100',1,1,'2018-11-16 14:36:28',1,'2018_11_16_14_36_28_100_Cardnumbers.pdf',0,NULL,NULL,NULL,NULL,NULL,NULL,NULL,0,NULL),(1102,'450054022009','100',1,1,'2018-11-16 14:36:28',1,'2018_11_16_14_36_28_100_Cardnumbers.pdf',0,NULL,NULL,NULL,NULL,NULL,NULL,NULL,0,NULL),(1103,'450054022010','100',1,1,'2018-11-16 14:36:28',1,'2018_11_16_14_36_28_100_Cardnumbers.pdf',0,NULL,NULL,NULL,NULL,NULL,NULL,NULL,0,NULL),(1104,'450054022011','100',1,1,'2018-11-16 14:36:28',1,'2018_11_16_14_36_28_100_Cardnumbers.pdf',0,NULL,NULL,NULL,NULL,NULL,NULL,NULL,0,NULL),(1105,'450054022012','100',1,1,'2018-11-16 14:36:28',1,'2018_11_16_14_36_28_100_Cardnumbers.pdf',0,NULL,NULL,NULL,NULL,NULL,NULL,NULL,0,NULL),(1106,'450054022013','100',1,1,'2018-11-16 14:36:28',1,'2018_11_16_14_36_28_100_Cardnumbers.pdf',0,NULL,NULL,NULL,NULL,NULL,NULL,NULL,0,NULL),(1107,'450054022014','100',1,1,'2018-11-16 14:36:28',1,'2018_11_16_14_36_28_100_Cardnumbers.pdf',0,NULL,NULL,NULL,NULL,NULL,NULL,NULL,0,NULL),(1108,'450054022015','100',1,1,'2018-11-16 14:36:28',1,'2018_11_16_14_36_28_100_Cardnumbers.pdf',0,NULL,NULL,NULL,NULL,NULL,NULL,NULL,0,NULL),(1109,'450054022016','100',1,1,'2018-11-16 14:36:28',1,'2018_11_16_14_36_28_100_Cardnumbers.pdf',0,NULL,NULL,NULL,NULL,NULL,NULL,NULL,0,NULL),(1110,'450054022017','100',1,1,'2018-11-16 14:36:28',1,'2018_11_16_14_36_28_100_Cardnumbers.pdf',0,NULL,NULL,NULL,NULL,NULL,NULL,NULL,0,NULL),(1111,'450054022018','100',1,1,'2018-11-16 14:36:28',1,'2018_11_16_14_36_28_100_Cardnumbers.pdf',0,NULL,NULL,NULL,NULL,NULL,NULL,NULL,0,NULL),(1112,'450054022019','100',1,1,'2018-11-16 14:36:28',1,'2018_11_16_14_36_28_100_Cardnumbers.pdf',0,NULL,NULL,NULL,NULL,NULL,NULL,NULL,0,NULL),(1113,'450054022020','100',1,1,'2018-11-16 14:36:28',1,'2018_11_16_14_36_28_100_Cardnumbers.pdf',0,NULL,NULL,NULL,NULL,NULL,NULL,NULL,0,NULL),(1114,'450054022021','100',1,1,'2018-11-16 14:36:28',1,'2018_11_16_14_36_28_100_Cardnumbers.pdf',0,NULL,NULL,NULL,NULL,NULL,NULL,NULL,0,NULL),(1115,'450054022022','100',1,1,'2018-11-16 14:36:28',1,'2018_11_16_14_36_28_100_Cardnumbers.pdf',0,NULL,NULL,NULL,NULL,NULL,NULL,NULL,0,NULL),(1116,'450054022023','100',1,1,'2018-11-16 14:36:28',1,'2018_11_16_14_36_28_100_Cardnumbers.pdf',0,NULL,NULL,NULL,NULL,NULL,NULL,NULL,0,NULL),(1117,'450054022024','100',1,1,'2018-11-16 14:36:28',1,'2018_11_16_14_36_28_100_Cardnumbers.pdf',0,NULL,NULL,NULL,NULL,NULL,NULL,NULL,0,NULL),(1118,'450054022025','100',1,1,'2018-11-16 14:36:28',1,'2018_11_16_14_36_28_100_Cardnumbers.pdf',0,NULL,NULL,NULL,NULL,NULL,NULL,NULL,0,NULL),(1119,'450054022026','100',1,1,'2018-11-16 14:36:28',1,'2018_11_16_14_36_28_100_Cardnumbers.pdf',0,NULL,NULL,NULL,NULL,NULL,NULL,NULL,0,NULL),(1120,'450054022027','100',1,1,'2018-11-16 14:36:28',1,'2018_11_16_14_36_28_100_Cardnumbers.pdf',0,NULL,NULL,NULL,NULL,NULL,NULL,NULL,0,NULL),(1121,'450054022028','100',1,1,'2018-11-16 14:36:28',1,'2018_11_16_14_36_28_100_Cardnumbers.pdf',0,NULL,NULL,NULL,NULL,NULL,NULL,NULL,0,NULL),(1122,'450054022029','100',1,1,'2018-11-16 14:36:28',1,'2018_11_16_14_36_28_100_Cardnumbers.pdf',0,NULL,NULL,NULL,NULL,NULL,NULL,NULL,0,NULL),(1123,'450054022030','100',1,1,'2018-11-16 14:36:28',1,'2018_11_16_14_36_28_100_Cardnumbers.pdf',0,NULL,NULL,NULL,NULL,NULL,NULL,NULL,0,NULL);

/*Table structure for table `card_sellers` */

DROP TABLE IF EXISTS `card_sellers`;

CREATE TABLE `card_sellers` (
  `s_id` int(11) NOT NULL AUTO_INCREMENT,
  `name` varchar(250) DEFAULT NULL,
  `mobile` varchar(250) DEFAULT NULL,
  `email_id` varchar(250) DEFAULT NULL,
  `password` varchar(250) DEFAULT NULL,
  `org_password` varchar(250) DEFAULT NULL,
  `address` text,
  `bank_account` varchar(250) DEFAULT NULL,
  `bank_name` varchar(250) DEFAULT NULL,
  `ifsccode` varchar(250) DEFAULT NULL,
  `bank_holder_name` varchar(250) DEFAULT NULL,
  `kyc` varchar(250) DEFAULT NULL,
  `profile_pic` varchar(250) DEFAULT NULL,
  `token` text,
  `status` int(11) DEFAULT NULL,
  `created_at` datetime DEFAULT NULL,
  `updated_at` datetime DEFAULT NULL,
  `created_by` int(11) DEFAULT NULL,
  PRIMARY KEY (`s_id`)
) ENGINE=InnoDB AUTO_INCREMENT=15 DEFAULT CHARSET=latin1;

/*Data for the table `card_sellers` */

insert  into `card_sellers`(`s_id`,`name`,`mobile`,`email_id`,`password`,`org_password`,`address`,`bank_account`,`bank_name`,`ifsccode`,`bank_holder_name`,`kyc`,`profile_pic`,`token`,`status`,`created_at`,`updated_at`,`created_by`) values (1,'vasudevareddy','8500050944','vasu@gmail.com','e10adc3949ba59abbe56e057f20f883e','123456','kothapalli village','32473655713','SBI','SBIN0002671','vasudevareddy REDDEM','0.074320001534763418IMG-20180820-WA0003.jpg','0.222788001534765983IMG-20180820-WA0003.jpg','1234',1,'2018-08-17 12:57:16','2018-08-21 15:08:46',1),(2,'reddem','8019345212','vasudevareddy549@gmail.com','25d55ad283aa400af464c76d713c07ad','12345678','kadapa','32473655713','reddem','SBIN0002671','VAsudevareddyReddem','1534490959.pdf',NULL,'123456',1,'2018-08-17 12:59:19','2018-08-18 10:25:59',1),(3,'narashimha','9700354835','nara@gmail.com','e10adc3949ba59abbe56e057f20f883e','123456','tpt','','','','','',NULL,NULL,1,'2018-08-20 09:33:26','2018-08-20 09:33:26',1),(4,'raghu','9581758358','raghuram7577@gmail.com','e10adc3949ba59abbe56e057f20f883e','123456','hyd','','','','','',NULL,NULL,2,'2018-08-21 10:58:39','2018-08-21 11:21:05',1),(5,'raghu','8328579782','raghu@gmail.com','88ce6d8ee19520d7f5e69547c354fc46','raghuram123','hyd','','','','','',NULL,'12345',2,'2018-08-21 11:21:47','2018-10-17 22:55:29',1),(6,'babu','9949905189','babuchdwr@gmail.com','e10adc3949ba59abbe56e057f20f883e','123456','tirupathi','','','','','',NULL,NULL,2,'2018-08-22 17:11:14','2018-08-22 17:49:04',1),(7,'babu','9949905189','babuchdwr@gmail.com','25d55ad283aa400af464c76d713c07ad','12345678','tirupathi','','','','','','','12345',2,'2018-11-01 12:04:31','2018-11-01 15:24:07',1),(8,'Arya','9550252384','bijumolarya@gmail.com','e10adc3949ba59abbe56e057f20f883e','123456','7-58, kphb, hyderabad','8556565523','SBI','sdek1245728','arya','1537434810.docx','','123456',2,'2018-10-26 12:03:31','2018-10-26 12:04:42',1),(9,'Raghu','9581758358','Raghuram@gmail.com','25d55ad283aa400af464c76d713c07ad','12345678','Hyderabad','','','','','',NULL,NULL,2,'2018-10-17 22:57:10','2018-10-31 18:00:13',1),(10,'Navya','9895654846','anu.kulkarni3592@gmail.com','e10adc3949ba59abbe56e057f20f883e','123456','kukatpally','','','','','','0.8212490015410699211541069921142.jpg','123456',1,'2018-11-16 14:46:02','2018-11-16 14:46:02',1),(11,'Arya','9550252384','bijumolarya@gmail.com','e10adc3949ba59abbe56e057f20f883e','123456','kphb','','','','','','0.897091001541069952FB_IMG_1520753974067.jpg','123456',1,'2018-10-26 12:05:24','2018-11-08 15:11:37',1),(12,'raghu 5','8787878787','raghu5@gmail.com','e10adc3949ba59abbe56e057f20f883e','123456','hyd 5','','','','','','0.332431001541140158IMG-20181101-WA0005.jpg','123456',1,'2018-10-31 18:00:45','2018-11-01 15:07:17',1),(13,'raghu 6','8778787878','raghu6@gmail.com','433e9f75a647687387eb607c821c6fc8','raghu123','hyd ','','','','','','0.069957001541068827IMG-20181101-WA0005.jpg','123456',1,'2018-11-01 12:00:18','2018-11-01 16:10:59',1),(14,'raghu','9581758358','raghu10@gmail.com','e10adc3949ba59abbe56e057f20f883e','123456','hyd','','','','','',NULL,'123456',1,'2018-11-01 15:25:03','2018-11-01 15:43:59',1);

/*Table structure for table `coupon_code_history` */

DROP TABLE IF EXISTS `coupon_code_history`;

CREATE TABLE `coupon_code_history` (
  `h_id` int(11) NOT NULL AUTO_INCREMENT,
  `p_id` int(11) DEFAULT NULL,
  `b_id` int(11) DEFAULT NULL,
  `type` varchar(250) DEFAULT NULL,
  `amount` varchar(250) DEFAULT NULL,
  `coupon_code` varchar(250) DEFAULT NULL,
  `coupon_code_amount` varchar(250) DEFAULT NULL,
  `purpose` text,
  `created_at` timestamp NOT NULL DEFAULT CURRENT_TIMESTAMP ON UPDATE CURRENT_TIMESTAMP,
  `created_by` int(11) DEFAULT NULL,
  `appointment_user_id` int(11) DEFAULT NULL,
  `type_id` int(11) DEFAULT NULL,
  PRIMARY KEY (`h_id`)
) ENGINE=InnoDB AUTO_INCREMENT=71 DEFAULT CHARSET=latin1;

/*Data for the table `coupon_code_history` */

insert  into `coupon_code_history`(`h_id`,`p_id`,`b_id`,`type`,`amount`,`coupon_code`,`coupon_code_amount`,`purpose`,`created_at`,`created_by`,`appointment_user_id`,`type_id`) values (35,167,321,'Ip','2000','SU58Ip1545982911','300','Ip billing Purpose','2018-12-28 13:13:23',215,15,2),(36,167,321,'Ip','1000','SU58Ip1545982911','150','Ip billing Purpose','2018-12-28 14:28:20',215,15,2),(37,167,321,'Ip','1000','SU58Ip1545982911','150','Ip billing Purpose','2018-12-28 14:28:20',215,15,2),(38,166,320,'Lab','2000','SU58Lab1545992158','200','Ip billing Purpose','2018-12-28 15:50:39',215,7,3),(39,166,320,'Lab','2000','SU58Lab1545992158','200','Ip billing Purpose','2018-12-28 15:50:39',215,7,3),(40,166,320,'Lab','2000','SU58Lab1545992158','200','Ip billing Purpose','2018-12-28 15:50:39',215,7,3),(41,166,320,'Lab','2000','SU58Lab1545992158','200','Ip billing Purpose','2018-12-28 15:50:39',215,7,3),(42,166,320,'Lab','2000','SU58Lab1545992158','200','Ip billing Purpose','2018-12-28 15:50:41',215,7,3),(43,171,325,'Op','1500','SU58op348','150','Op appointment Purpose','2018-12-28 16:47:06',215,51,1),(44,172,327,'Op','500','SU58op364','50','Op appointment Purpose','2018-12-31 12:08:24',215,55,1),(45,2147483647,0,'Ip','300','SU58ip1546237640','45','Ip billing Purpose','2018-12-31 12:24:19',215,55,2),(46,2147483647,0,'Ip','300','SU58ip1546237640','45','Ip billing Purpose','2018-12-31 12:24:19',215,55,2),(47,2147483647,0,'Ip','200','SU58Ip1546239958','30','Ip billing Purpose','2018-12-31 12:38:20',215,55,2),(48,2147483647,0,'Lab','150','su58lab1546238870','15','Ip billing Purpose','2018-12-31 12:44:26',215,55,3),(49,2147483647,0,'IP','250','SU58Ip1546247855','37.5','Ip billing Purpose','2018-12-31 14:49:05',215,16,2),(50,2147483647,0,'Lab','300','SU58Lab1546248116','30','Ip billing Purpose','2018-12-31 14:58:41',215,16,3),(51,174,329,'IP','200','SU58Ip1546247855','30','Ip billing Purpose','2018-12-31 15:47:30',215,16,2),(52,176,331,'Op','200','SU58op365','0','Op appointment Purpose','2019-01-02 12:52:53',215,0,1),(53,177,332,'Op','200','SU58op365','20','Op appointment Purpose','2019-01-02 13:06:08',215,56,1),(54,177,332,'IP','500','SU58Ip1546417410','100','Ip billing Purpose','2019-01-02 14:01:04',215,56,2),(55,177,332,'Lab','300','SU58Lab1546418009','45','Ip billing Purpose','2019-01-02 14:07:53',215,56,3),(56,178,333,'Op','150','RE70op366','12','Op appointment Purpose','2019-01-02 14:16:45',251,56,1),(57,178,333,'IP','350','RE70Ip1546418910','52.5','Ip billing Purpose','2019-01-02 14:19:20',251,56,2),(58,178,333,'Lab','600','RE70Lab1546419094','60','Ip billing Purpose','2019-01-02 14:25:29',251,56,3),(59,179,334,'Lab','4000','su58lab1546513089','0','Ip billing Purpose','2019-01-03 16:36:59',215,57,3),(60,179,334,'Lab','4000','su58lab1546514192','0','Ip billing Purpose','2019-01-03 16:49:05',215,57,3),(61,179,334,'Lab','2500','RE70Lab1546517699','250','Ip billing Purpose','2019-01-03 18:05:32',251,57,3),(62,177,332,'IP','200','SU58ip1546520324','40','Ip billing Purpose','2019-01-03 18:30:30',215,58,2),(63,170,324,'IP','200','SU58ip1546579624','40','Ip billing Purpose','2019-01-04 11:04:24',215,58,2),(64,171,326,'Lab','5000','su58lab1546580444','750','Ip billing Purpose','2019-01-04 11:11:14',215,58,3),(65,181,336,'Op','300','SU58op371','30','Op appointment Purpose','2019-01-04 11:25:00',215,58,1),(66,142,309,'Lab','350','SU58Lab1546583269','52.5','Ip billing Purpose','2019-01-04 11:58:29',215,58,3),(67,154,292,'Lab','300','RE70Lab1546581488','30','Ip billing Purpose','2019-01-04 12:08:29',251,59,3),(68,179,337,'Op','500','','0','Op appointment Purpose','2019-01-08 09:16:42',215,0,1),(69,182,338,'Op','500','','0','Op appointment Purpose','2019-01-10 12:45:56',215,0,1),(70,182,339,'Op','500','','50','Op appointment Purpose','2019-01-10 12:47:32',215,0,1);

/*Table structure for table `coupon_code_list` */

DROP TABLE IF EXISTS `coupon_code_list`;

CREATE TABLE `coupon_code_list` (
  `c_c_l_id` int(11) NOT NULL AUTO_INCREMENT,
  `hos_id` int(11) DEFAULT NULL,
  `appointment_id` int(11) DEFAULT NULL,
  `couponcode_name` varchar(250) DEFAULT NULL,
  `statu` int(11) DEFAULT '1',
  `created_at` timestamp NOT NULL DEFAULT CURRENT_TIMESTAMP ON UPDATE CURRENT_TIMESTAMP,
  `created_by` int(11) DEFAULT NULL,
  `ip_amount_percentage` varchar(250) DEFAULT NULL,
  `op_amount_percentage` varchar(250) DEFAULT NULL,
  `lab_amount_percentage` varchar(250) DEFAULT NULL,
  `type` int(11) DEFAULT '1' COMMENT '1=0p;2=ip;3=lab',
  PRIMARY KEY (`c_c_l_id`)
) ENGINE=InnoDB AUTO_INCREMENT=4611 DEFAULT CHARSET=latin1;

/*Data for the table `coupon_code_list` */

insert  into `coupon_code_list`(`c_c_l_id`,`hos_id`,`appointment_id`,`couponcode_name`,`statu`,`created_at`,`created_by`,`ip_amount_percentage`,`op_amount_percentage`,`lab_amount_percentage`,`type`) values (10,57,335,'SK57op335',1,'2018-12-18 18:24:49',48,'10','20','10',1),(11,58,340,'SU58op340',1,'2018-12-18 18:27:14',48,'10','20','10',1),(12,58,341,'SU58op341',1,'2018-12-26 11:10:16',48,'10','20','10',1),(13,58,342,'SU58op342',1,'2018-12-26 12:50:12',48,'10','20','10',1),(14,58,343,'SU58op343',1,'2018-12-26 14:35:17',48,'10','20','10',1),(15,58,0,'SU58Ip1545820551',1,'2018-12-27 14:05:51',48,'10','20','10',2),(16,57,0,'SK57Ip1545820621',1,'2018-12-26 16:07:01',48,'10','20','10',2),(17,66,0,'AM66Ip1545821281',1,'2018-12-26 16:18:01',48,'10','20','10',3),(18,57,0,'SK57Ip1545823404',1,'2018-12-26 16:53:24',48,'10','20','10',3),(19,58,0,'SU58Ip1545823923',1,'2018-12-26 17:02:03',48,'10','20','10',2),(20,68,0,'BL68Ip1545824057',1,'2018-12-26 17:04:17',48,'10','20','10',3),(21,58,0,'SU58Ip1545901615',1,'2018-12-27 14:36:56',48,'10','20','10',3),(22,58,337,'SU58op337',1,'2018-12-27 15:00:17',47,'10','20','10',1),(23,58,338,'SU58op338',1,'2018-12-27 15:15:05',48,'15','10','10',1),(24,58,0,'SU58Ip1545904604',1,'2018-12-27 15:26:44',48,'15','10','10',2),(25,58,339,'SU58op339',1,'2018-12-27 15:28:14',49,'15','10','10',1),(26,0,0,'Ip1545911890',1,'2018-12-27 17:28:10',51,'15','10','10',2),(27,0,0,'Ip1545911909',1,'2018-12-27 17:28:29',51,'15','10','10',2),(28,58,0,'SU58Ip1545912048',1,'2018-12-27 17:30:48',51,'15','10','10',2),(29,0,0,'Ip1545912185',1,'2018-12-27 17:33:05',51,'15','10','10',3),(30,0,0,'Ip1545912188',1,'2018-12-27 17:33:08',51,'15','10','10',3),(31,59,0,'BL59Ip1545912214',1,'2018-12-27 17:33:34',51,'15','10','10',3),(32,57,0,'SK57Ip1545912297',1,'2018-12-27 17:34:57',49,'15','10','10',2),(33,79,0,'SR79Ip1545912313',1,'2018-12-27 17:35:13',49,'15','10','10',2),(34,0,0,'Select HospitalIp1545912445',1,'2018-12-27 17:37:25',51,'15','10','10',3),(35,0,0,'Select HospitalIp1545912464',1,'2018-12-27 17:37:44',51,'15','10','10',3),(36,0,0,'Select HospitalIp1545912546',1,'2018-12-27 17:39:06',51,'15','10','10',2),(37,67,0,'SR67Ip1545912923',1,'2018-12-27 17:45:23',49,'15','10','10',2),(38,59,0,'BL59Ip1545914797',1,'2018-12-27 18:16:37',51,'15','10','10',2),(39,0,344,'op344',1,'2018-12-27 18:25:42',48,'15','10','10',1),(40,58,0,'SU58Ip1545915707',1,'2018-12-27 18:31:47',51,'15','10','10',3),(41,0,344,'op344',1,'2018-12-28 05:46:51',48,'15','10','10',1),(42,0,344,'op344',1,'2018-12-28 05:56:20',8,'15','10','10',1),(43,0,34,'op34',1,'2018-12-28 05:56:31',8,'15','10','10',1),(44,0,34,'op34',1,'2018-12-28 05:56:39',8,'15','10','10',1),(45,0,34,'op34',1,'2018-12-28 05:56:51',1,'15','10','10',1),(46,0,4,'op4',1,'2018-12-28 05:57:01',1,'15','10','10',1),(47,58,333,'SU58op333',1,'2018-12-28 06:03:45',52,'15','10','10',1),(48,58,332,'SU58op332',1,'2018-12-28 06:03:50',52,'15','10','10',1),(49,57,329,'SK57op329',1,'2018-12-28 06:04:09',52,'15','10','10',1),(50,0,0,'Ip1545957494',1,'2018-12-28 06:08:14',49,'15','10','10',2),(51,58,0,'SU58Ip1545960861',1,'2018-12-28 07:04:21',48,'15','10','10',3),(52,58,0,'SU58Ip1545974281',1,'2018-12-28 10:48:01',51,'15','10','10',2),(53,58,0,'SU58Lab1545976028',1,'2018-12-28 11:17:08',48,'15','10','10',3),(54,58,0,'SU58Ip1545976642',1,'2018-12-28 11:27:22',48,'15','10','10',2),(55,58,344,'SU58op344',1,'2018-12-28 11:27:45',51,'15','10','10',1),(56,70,0,'RE70Ip1545976743',1,'2018-12-28 11:29:03',48,'15','10','10',2),(57,58,0,'SU58Lab1545977502',1,'2018-12-28 11:41:42',48,'15','10','10',3),(58,59,0,'BL59Ip1545977876',1,'2018-12-28 11:47:56',51,'15','10','10',2),(59,79,0,'SR79Lab1545978294',1,'2018-12-28 11:54:54',49,'15','10','10',3),(60,66,0,'AM66Ip1545980262',1,'2018-12-28 12:27:42',48,'15','10','10',2),(61,67,0,'SR67Ip1545981259',1,'2018-12-28 12:44:19',48,'15','10','10',2),(62,67,0,'SR67Ip1545981277',1,'2018-12-28 12:44:37',48,'15','10','10',2),(63,68,0,'BL68Ip1545981283',1,'2018-12-28 12:44:43',48,'15','10','10',2),(64,79,0,'SR79Ip1545981378',1,'2018-12-28 12:46:18',48,'15','10','10',2),(65,79,0,'SR79Lab1545981452',1,'2018-12-28 12:47:32',48,'15','10','10',3),(66,79,0,'SR79Ip1545981588',1,'2018-12-28 12:49:48',48,'15','10','10',2),(67,58,0,'SU58Ip1545982911',1,'2018-12-28 13:11:51',15,'15','10','10',2),(68,79,0,'SR79Ip1545990266',1,'2018-12-28 15:14:26',7,'15','10','10',2),(69,79,345,'SR79op345',1,'2018-12-28 15:19:23',7,'15','10','10',1),(70,59,347,'BL59op347',1,'2018-12-28 15:31:28',51,'15','10','10',1),(71,58,0,'SU58Lab1545991696',1,'2018-12-28 15:38:16',51,'15','10','10',3),(72,58,0,'SU58Lab1545992158',1,'2018-12-28 15:45:58',7,'15','10','10',3),(73,58,0,'SU58Lab1545992293',1,'2018-12-28 15:48:13',51,'15','10','10',3),(74,58,348,'SU58op348',1,'2018-12-28 16:43:12',51,'15','10','10',1),(75,58,0,'SU58Ip1545999531',1,'2018-12-28 17:48:51',51,'15','10','10',2),(76,0,0,'Select HospitalIp1546000039',1,'2018-12-28 17:57:19',51,'15','10','10',2),(77,57,0,'SK57Lab1546002782',1,'2018-12-28 18:43:02',51,'15','10','10',3),(78,0,0,'Select HospitalLab1546003426',1,'2018-12-28 18:53:46',51,'15','10','10',3),(79,70,0,'RE70Ip1546011259',1,'2018-12-28 21:04:19',54,'15','10','10',2),(80,71,0,'KO71Lab1546011300',1,'2018-12-28 21:05:00',54,'15','10','10',3),(81,70,349,'RE70op349',1,'2018-12-28 21:06:25',54,'15','10','10',1),(82,57,350,'SK57op350',1,'2018-12-28 21:10:20',54,'15','10','10',1),(83,68,0,'BL68Ip1546012075',1,'2018-12-28 21:17:55',54,'15','10','10',2),(84,70,0,'RE70Ip1546012088',1,'2018-12-28 21:18:08',54,'15','10','10',2),(85,66,0,'AM66Ip1546012097',1,'2018-12-28 21:18:17',54,'15','10','10',2),(86,58,351,'SU58op351',1,'2018-12-28 21:18:38',7,'15','10','10',1),(87,70,0,'RE70Lab1546012124',1,'2018-12-28 21:18:44',54,'15','10','10',3),(88,79,352,'SR79op352',1,'2018-12-28 22:20:26',54,'15','10','10',1),(89,59,0,'BL59Ip1546079264',1,'2018-12-29 15:57:44',54,'15','10','10',2),(90,79,0,'SR79Lab1546079292',1,'2018-12-29 15:58:12',54,'15','10','10',3),(91,79,0,'SR79Lab1546079294',1,'2018-12-29 15:58:14',54,'15','10','10',3),(92,79,0,'SR79Lab1546079297',1,'2018-12-29 15:58:17',54,'15','10','10',3),(93,79,0,'SR79Lab1546079298',1,'2018-12-29 15:58:18',54,'15','10','10',3),(94,79,0,'SR79Lab1546079304',1,'2018-12-29 15:58:24',54,'15','10','10',3),(95,71,0,'KO71Ip1546079472',1,'2018-12-29 16:01:12',54,'15','10','10',2),(96,71,0,'KO71Ip1546079473',1,'2018-12-29 16:01:13',54,'15','10','10',2),(97,57,358,'SK57op358',1,'2018-12-29 16:08:09',54,'15','10','10',1),(98,57,0,'SK57Ip1546080210',1,'2018-12-29 16:13:30',54,'15','10','10',2),(99,70,356,'RE70op356',1,'2018-12-29 20:58:27',54,'15','10','10',1),(100,59,0,'BL59Lab1546148391',1,'2018-12-30 11:09:51',54,'15','10','10',3),(101,58,360,'SU58op360',1,'2018-12-30 12:12:03',54,'15','10','10',1),(102,59,0,'BL59Ip1546152195',1,'2018-12-30 12:13:15',54,'15','10','10',2),(103,70,0,'RE70Lab1546152218',1,'2018-12-30 12:13:38',54,'15','10','10',3),(104,58,362,'SU58op362',1,'2018-12-31 10:01:49',7,'15','10','10',1),(105,58,0,'SU58Ip1546235061',1,'2018-12-31 11:14:21',50,'15','10','10',2),(106,59,0,'BL59Ip1546235077',1,'2018-12-31 11:14:37',50,'15','10','10',2),(107,58,0,'SU58Ip1546237640',1,'2018-12-31 11:57:20',55,'15','10','10',2),(108,58,364,'SU58op364',1,'2018-12-31 12:02:25',55,'15','10','10',1),(109,58,0,'SU58Lab1546238870',1,'2018-12-31 12:17:50',55,'15','10','10',3),(110,58,0,'SU58Ip1546239958',1,'2018-12-31 12:35:58',55,'15','10','10',2),(4552,NULL,NULL,NULL,1,'2018-12-31 00:49:54',NULL,NULL,NULL,NULL,1),(4553,58,328,'SU58op328',1,'2018-12-31 14:32:17',16,'15','10','10',1),(4554,58,331,'SU58op331',1,'2018-12-31 14:42:45',16,'15','10','10',1),(4555,70,0,'RE70Lab1546247663',1,'2018-12-31 14:44:23',16,'15','10','10',3),(4556,58,0,'SU58Ip1546247855',1,'2018-12-31 14:47:35',16,'15','10','10',2),(4557,58,0,'SU58Lab1546248116',1,'2018-12-31 14:51:56',16,'15','10','10',3),(4558,58,361,'SU58op361',1,'2018-12-31 15:22:01',15,'15','10','10',1),(4559,57,0,'SK57Ip1546409855',1,'2019-01-02 11:47:35',1,'','','',2),(4560,59,0,'BL59Lab1546409861',1,'2019-01-02 11:47:41',1,'','','',3),(4561,58,365,'SU58op365',1,'2019-01-02 12:45:39',56,'20','10','15',1),(4562,58,0,'SU58Ip1546417410',1,'2019-01-02 13:53:30',56,'20','10','15',2),(4563,58,0,'SU58Lab1546418009',1,'2019-01-02 14:03:29',56,'20','10','15',3),(4564,70,0,'RE70Ip1546418463',1,'2019-01-02 14:11:03',56,'15','8','10',2),(4565,70,366,'RE70op366',1,'2019-01-02 14:16:22',56,'15','8','10',1),(4566,70,0,'RE70Ip1546418910',1,'2019-01-02 14:18:30',56,'15','8','10',2),(4567,70,0,'RE70Lab1546419094',1,'2019-01-02 14:21:34',56,'15','8','10',3),(4568,58,346,'SU58op346',1,'2019-01-03 12:13:13',7,'20','10','15',1),(4569,58,367,'SU58op367',1,'2019-01-03 16:20:38',57,'20','10','15',1),(4570,58,0,'SU58Lab1546513089',1,'2019-01-03 16:28:09',57,'','','',3),(4571,58,0,'SU58Lab1546514192',1,'2019-01-03 16:46:32',57,'','','',3),(4572,58,0,'SU58Ip1546514843',1,'2019-01-03 16:57:23',57,'20','10','15',2),(4573,58,0,'SU58Lab1546516571',1,'2019-01-03 17:26:11',57,'','','',3),(4574,58,368,'SU58op368',1,'2019-01-03 17:34:03',57,'20','10','15',1),(4575,58,0,'SU58Lab1546517072',1,'2019-01-03 17:34:32',57,'20','10','15',3),(4576,58,0,'SU58Ip1546517097',1,'2019-01-03 17:34:57',57,'20','10','15',2),(4577,70,0,'RE70Lab1546517699',1,'2019-01-03 17:44:59',57,'15','8','10',3),(4578,67,0,'SR67Ip1546519278',1,'2019-01-03 18:11:18',58,'','','',2),(4579,67,0,'SR67Ip1546519291',1,'2019-01-03 18:11:31',58,'','','',2),(4580,67,0,'SR67Ip1546519319',1,'2019-01-03 18:11:59',58,'','','',2),(4581,57,0,'SK57Ip1546519449',1,'2019-01-03 18:14:09',16,'10','12','13',2),(4582,58,0,'SU58Ip1546519680',1,'2019-01-03 18:18:00',58,'20','10','15',2),(4583,58,0,'SU58Ip1546519690',1,'2019-01-03 18:18:10',58,'20','10','15',2),(4584,59,0,'BL59Ip1546519704',1,'2019-01-03 18:18:24',58,'','','',2),(4585,68,0,'BL68Ip1546519712',1,'2019-01-03 18:18:32',58,'','','',2),(4586,74,0,'sr74Ip1546519719',1,'2019-01-03 18:18:39',58,'','','',2),(4587,67,0,'SR67Ip1546520287',1,'2019-01-03 18:28:07',58,'','','',2),(4588,58,0,'SU58Ip1546520290',1,'2019-01-03 18:28:10',58,'20','10','15',2),(4589,58,0,'SU58Ip1546520294',1,'2019-01-03 18:28:14',58,'20','10','15',2),(4590,58,0,'SU58Ip1546520296',1,'2019-01-03 18:28:16',58,'20','10','15',2),(4591,58,0,'SU58Ip1546520298',1,'2019-01-03 18:28:18',58,'20','10','15',2),(4592,68,0,'BL68Ip1546520312',1,'2019-01-03 18:28:32',58,'','','',2),(4593,58,0,'SU58Ip1546520324',1,'2019-01-03 18:28:44',58,'20','10','15',2),(4594,79,370,'SR79op370',1,'2019-01-03 20:15:13',54,'','','',1),(4595,58,371,'SU58op371',1,'2019-01-04 10:51:38',58,'20','10','15',1),(4596,58,0,'SU58Ip1546579624',1,'2019-01-04 10:57:04',58,'20','10','15',2),(4597,67,0,'SR67Lab1546579653',1,'2019-01-04 10:57:33',58,'','','',3),(4598,67,0,'SR67Lab1546579656',1,'2019-01-04 10:57:36',58,'','','',3),(4599,67,0,'SR67Lab1546579657',1,'2019-01-04 10:57:37',58,'','','',3),(4600,67,0,'SR67Lab1546579659',1,'2019-01-04 10:57:39',58,'','','',3),(4601,67,0,'SR67Lab1546579680',1,'2019-01-04 10:58:00',58,'','','',3),(4602,66,0,'AM66Lab1546579776',1,'2019-01-04 10:59:36',58,'','','',3),(4603,66,0,'AM66Lab1546579786',1,'2019-01-04 10:59:46',58,'','','',3),(4604,58,0,'SU58Lab1546580444',1,'2019-01-04 11:10:44',58,'20','10','15',3),(4605,70,0,'RE70Ip1546581425',1,'2019-01-04 11:27:05',59,'15','8','10',2),(4606,70,0,'RE70Lab1546581488',1,'2019-01-04 11:28:09',59,'15','8','10',3),(4607,58,0,'SU58Lab1546583269',1,'2019-01-04 11:57:49',58,'20','10','15',3),(4608,57,0,'SK57Ip1546588215',1,'2019-01-04 13:20:15',54,'10','12','13',2),(4609,57,0,'SK57Ip1546595446',1,'2019-01-04 15:20:46',7,'10','12','13',2),(4610,70,0,'RE70Ip1546598554',1,'2019-01-04 16:12:34',7,'15','8','10',2);

/*Table structure for table `coupon_codes` */

DROP TABLE IF EXISTS `coupon_codes`;

CREATE TABLE `coupon_codes` (
  `id` int(11) NOT NULL AUTO_INCREMENT,
  `hospital_id` int(11) DEFAULT NULL,
  `coupon_code` varchar(250) DEFAULT NULL,
  `type` varchar(250) DEFAULT NULL,
  `percentage_amount` varchar(250) DEFAULT NULL,
  `create_at` datetime DEFAULT NULL,
  `create_by` int(11) DEFAULT NULL,
  `status` int(11) DEFAULT '1',
  `updated_time` datetime DEFAULT NULL,
  PRIMARY KEY (`id`)
) ENGINE=InnoDB AUTO_INCREMENT=35 DEFAULT CHARSET=latin1;

/*Data for the table `coupon_codes` */

insert  into `coupon_codes`(`id`,`hospital_id`,`coupon_code`,`type`,`percentage_amount`,`create_at`,`create_by`,`status`,`updated_time`) values (2,58,'sun10','Percentage','10','2018-07-30 10:50:02',1,1,NULL),(5,61,'blk10','Percentage','10','2018-07-30 10:52:42',1,1,NULL),(14,66,' amr','Percentage','10','2018-09-19 13:14:10',1,1,NULL),(18,57,'fg','Amount','100','2018-10-15 16:45:40',1,1,NULL),(20,57,'hf','Amount','100','2018-10-15 16:52:54',1,1,NULL),(21,57,'pp','Amount','150','2018-10-15 16:53:08',1,1,NULL),(22,57,'fgg','Amount','150','2018-10-15 16:53:21',1,1,NULL),(23,58,'fg','Percentage','100','2018-10-15 17:23:43',1,1,NULL),(24,67,'sri','Percentage','15','2018-10-31 15:41:35',1,1,NULL),(25,67,'srih','Amount','50','2018-10-31 15:41:58',1,1,NULL),(26,60,'bgs','Percentage','12','2018-10-31 15:42:51',1,1,NULL),(27,60,'bgsh','Amount','100','2018-10-31 15:43:20',1,1,NULL),(29,70,'remd','Amount','200','2018-10-31 15:46:17',1,1,NULL),(30,59,'op25','Amount','25','2018-11-02 13:09:05',1,1,NULL),(31,59,'ip15','Percentage','15','2018-11-02 13:09:30',1,1,NULL),(32,70,'rem','Percentage','20','2018-11-16 12:16:07',1,1,'2018-11-16 12:16:47'),(34,74,'BLANK','Percentage','10','2018-11-16 12:55:47',1,1,NULL);

/*Table structure for table `customers` */

DROP TABLE IF EXISTS `customers`;

CREATE TABLE `customers` (
  `cust_id` int(11) NOT NULL AUTO_INCREMENT,
  `role_id` int(11) DEFAULT NULL,
  `cust_email_id` varchar(250) DEFAULT NULL,
  `cust_password` varchar(250) DEFAULT NULL,
  `cust_org_password` varchar(250) DEFAULT NULL,
  `cust_name` varchar(250) DEFAULT NULL,
  `cust_mobile` varchar(250) DEFAULT NULL,
  `cust_status` int(11) DEFAULT '0',
  `cust_create_at` datetime DEFAULT NULL,
  PRIMARY KEY (`cust_id`)
) ENGINE=InnoDB DEFAULT CHARSET=latin1;

/*Data for the table `customers` */

/*Table structure for table `executive_list` */

DROP TABLE IF EXISTS `executive_list`;

CREATE TABLE `executive_list` (
  `e_id` int(11) NOT NULL AUTO_INCREMENT,
  `name` varchar(250) DEFAULT NULL,
  `mobile` varchar(250) DEFAULT NULL,
  `email_id` varchar(250) DEFAULT NULL,
  `password` varchar(250) DEFAULT NULL,
  `org_password` varchar(250) DEFAULT NULL,
  `address` varchar(250) DEFAULT NULL,
  `bank_account` varchar(250) DEFAULT NULL,
  `bank_name` varchar(250) DEFAULT NULL,
  `ifsccode` varchar(250) DEFAULT NULL,
  `bank_holder_name` varchar(250) DEFAULT NULL,
  `kyc` varchar(250) DEFAULT NULL,
  `profile_pic` varchar(250) DEFAULT NULL,
  `location` varchar(250) DEFAULT NULL,
  `status` int(11) DEFAULT '1' COMMENT 'status=1;delete=2;',
  `create_at` datetime DEFAULT NULL,
  `updated_at` datetime DEFAULT NULL,
  `added_by` int(11) DEFAULT NULL,
  PRIMARY KEY (`e_id`)
) ENGINE=InnoDB AUTO_INCREMENT=8 DEFAULT CHARSET=latin1;

/*Data for the table `executive_list` */

insert  into `executive_list`(`e_id`,`name`,`mobile`,`email_id`,`password`,`org_password`,`address`,`bank_account`,`bank_name`,`ifsccode`,`bank_holder_name`,`kyc`,`profile_pic`,`location`,`status`,`create_at`,`updated_at`,`added_by`) values (1,'reddem vasudevareddy','8500050944','vasudevareddy@gmail.com','e10adc3949ba59abbe56e057f20f883e','123456','hyderabad','','','','','','1539147953.jpg','CHITTOR',1,'2018-10-10 10:30:35','2018-10-10 10:30:35',1),(2,'raghuu','9581758358','raghu@gmail.com','e10adc3949ba59abbe56e057f20f883e','123456','hyderabad','','','','','','','Hyderabad',1,'2018-10-10 10:38:37','2018-10-10 10:38:37',1),(3,'sankar','7013319036','kavya@gmail.com','e10adc3949ba59abbe56e057f20f883e','123456','kadapa','1111111111','sbi','SBIN0000830','sbi','','1540461460.jpg','HYDERABAD',1,'2018-10-10 11:58:41','2018-10-10 11:58:41',1),(4,'anu','9502710179','anu@gmail.com','e10adc3949ba59abbe56e057f20f883e','123456','nagole','','','','','','','hyderabad',1,'2018-10-10 13:45:04','2018-10-10 13:45:04',1),(5,'kali','7013319036','kali@gmail.com','e10adc3949ba59abbe56e057f20f883e','123456','kadapa','1111111111','sbi','SBIN0000830','sbi','1519212661.docx','1527833183.jpg','CHITTOR',1,'2018-10-23 11:42:00','2018-10-23 11:42:00',1),(6,'sudha','9874563145','sudha@gmail.com','e10adc3949ba59abbe56e057f20f883e','123456','srd','','','','','','','karimnagar',1,'2018-11-20 09:51:26','2018-11-20 09:51:26',1),(7,'raghu','9898878789','raghuram@gmail.com','e10adc3949ba59abbe56e057f20f883e','123456','hyd','','','','','','','kphb',1,'2018-10-24 16:13:22','2018-10-24 16:13:22',1);

/*Table structure for table `hospital` */

DROP TABLE IF EXISTS `hospital`;

CREATE TABLE `hospital` (
  `hos_id` int(11) NOT NULL AUTO_INCREMENT,
  `a_id` int(11) DEFAULT NULL,
  `hos_con_number` varchar(250) DEFAULT NULL,
  `reschedule_date` varchar(250) DEFAULT NULL,
  `hos_email_id` varchar(250) DEFAULT NULL,
  `hos_representative` varchar(250) DEFAULT NULL,
  `hos_rep_contact` varchar(250) DEFAULT NULL,
  `mob_country_code` varchar(250) DEFAULT NULL,
  `hos_rep_mobile` varchar(250) DEFAULT NULL,
  `hos_rep_email` varchar(250) DEFAULT NULL,
  `hos_rep_nationali_id` varchar(250) DEFAULT NULL,
  `hos_rep_add1` varchar(250) DEFAULT NULL,
  `hos_rep_add2` varchar(250) DEFAULT NULL,
  `hos_rep_zipcode` varchar(250) DEFAULT NULL,
  `hos_rep_city` varchar(250) DEFAULT NULL,
  `hos_rep_state` varchar(250) DEFAULT NULL,
  `hos_rep_country` varchar(250) DEFAULT NULL,
  `hos_bas_name` varchar(250) DEFAULT NULL,
  `hos_bas_contact` varchar(250) DEFAULT NULL,
  `hos_bas_email` varchar(250) DEFAULT NULL,
  `hos_bas_nationali_id` varchar(250) DEFAULT NULL,
  `hos_bas_add1` varchar(250) DEFAULT NULL,
  `hos_bas_add2` varchar(250) DEFAULT NULL,
  `hos_bas_zipcode` varchar(250) DEFAULT NULL,
  `hos_bas_city` varchar(250) DEFAULT NULL,
  `hos_bas_state` varchar(250) DEFAULT NULL,
  `hos_bas_country` varchar(250) DEFAULT NULL,
  `hos_bas_document` varchar(250) DEFAULT NULL,
  `hos_bas_logo` varchar(250) DEFAULT NULL,
  `bank_holder_name` varchar(250) DEFAULT NULL,
  `bank_acc_no` varchar(250) DEFAULT NULL,
  `bank_name` varchar(250) DEFAULT NULL,
  `bank_ifsc` varchar(250) DEFAULT NULL,
  `bank_document` varchar(250) DEFAULT NULL,
  `kyc_doc1` varchar(250) DEFAULT NULL,
  `kyc_doc2` varchar(250) DEFAULT NULL,
  `kyc_doc3` varchar(250) DEFAULT NULL,
  `kyc_file1` varchar(250) DEFAULT NULL,
  `kyc_file2` varchar(250) DEFAULT NULL,
  `kyc_file3` varchar(250) DEFAULT NULL,
  `hos_status` int(11) DEFAULT '1',
  `hos_created` datetime DEFAULT NULL,
  `hos_updated_at` datetime DEFAULT NULL,
  `hos_curent_login` int(11) DEFAULT '0',
  `hos_undo` int(11) DEFAULT '0',
  `out_source_lab` int(11) DEFAULT '0',
  `barcode` varchar(250) DEFAULT NULL,
  `appointment_fee` varchar(250) DEFAULT NULL,
  PRIMARY KEY (`hos_id`)
) ENGINE=InnoDB AUTO_INCREMENT=82 DEFAULT CHARSET=latin1;

/*Data for the table `hospital` */

insert  into `hospital`(`hos_id`,`a_id`,`hos_con_number`,`reschedule_date`,`hos_email_id`,`hos_representative`,`hos_rep_contact`,`mob_country_code`,`hos_rep_mobile`,`hos_rep_email`,`hos_rep_nationali_id`,`hos_rep_add1`,`hos_rep_add2`,`hos_rep_zipcode`,`hos_rep_city`,`hos_rep_state`,`hos_rep_country`,`hos_bas_name`,`hos_bas_contact`,`hos_bas_email`,`hos_bas_nationali_id`,`hos_bas_add1`,`hos_bas_add2`,`hos_bas_zipcode`,`hos_bas_city`,`hos_bas_state`,`hos_bas_country`,`hos_bas_document`,`hos_bas_logo`,`bank_holder_name`,`bank_acc_no`,`bank_name`,`bank_ifsc`,`bank_document`,`kyc_doc1`,`kyc_doc2`,`kyc_doc3`,`kyc_file1`,`kyc_file2`,`kyc_file3`,`hos_status`,`hos_created`,`hos_updated_at`,`hos_curent_login`,`hos_undo`,`out_source_lab`,`barcode`,`appointment_fee`) values (57,197,'8584244976','2 days','skrnursinghome@gmail.com','S.K.R HOSPITAL','08584244976','+91','8584244976','skrnursinghome@gmail.com','884937171370','D.NO.2-1715/1, S.V.Deluxe Road, Piler-517214, chittor(dt),A.P.','','517214','Chittoor','Andhra Pradesh','INDIA','SKR HOSPITAL','08584244976','skrnursinghome@gmail.com','884937171370','D.NO.2-1715/1, S.V.Deluxe Road, Piler-517214, chittor(dt),A.P.','','517214','CHITTOOR','Andhra Pradesh','INDIA','',NULL,'SKR HOSPITAL','044111100001398','ANDHRA BANK','ANDB0000441','','PANCARD','','','1531733864.docx','','',1,'2018-07-16 14:43:17','2018-10-31 15:42:42',0,0,0,'1531732397197.png','400'),(58,203,'9550252384','5 days','raghuram7577@gmail.com','Arya','04512488575','+91','9550232384','arya@gmail.com','856475265987','7-45','KPHB COLONY','502245','Hyderabad','Telangana','India','SUNRISE HOSPITAL','9550232384','arya@gmail.com','856974235623','7-57','KPHB COLONY','502458','HYDERABAD','Telangana','India','',NULL,'Arya','952241234567','SBI','asde1234568','','ade','bce','abc','1531910887.docx','','',1,'2018-07-18 16:10:57','2018-10-31 14:49:03',0,0,0,'1531910457203.png','300'),(59,204,'9502710179','4 days','sravya@gmail.com','Anu','01234567894','+91','9502710179','radha@gmail.com','12345678912345','nagole','nagole','500035','warangal','Telangana','India','BLUEMOON HOSPITAL','9502710179','radha@gmail.com','12345678912345','nagole','nagole','500035','HYDERABAD','Telangana','India','',NULL,'anu','123456789','SBI','sbi12345678','','anu','','','1531910888.docx','','',1,'2018-07-18 16:11:51','2018-11-05 15:03:52',0,0,0,'1531910511204.png','100'),(60,205,'8019518339','2 days','bhavya@gmail.com','BHAVYA','02147125587','+91','8019563771','bhavya1@gmail.com','854213785412','4-25','SR NAGAR','5022474','Guntur','Andhra Pradesh','India','BGS HOSPTAL','8023642369','bhavya@gmail.com','89526652623','4-52','SR NGAR','5022481','Kunool','Telangana','India','',NULL,'Bhavya','89652323226','ICICI','sder1225553','','bhavya','fgh','klm','1531911287.docx','','',1,'2018-07-18 16:21:22','2018-11-14 11:51:03',0,1,0,'1531911082205.png','200'),(61,206,'9502710178','5 days','sow@gmail.com','sow','12356475555','+91','9502710178','sow@gmail.com','12345689745','kphb','kphb','500032','karimnagar','Telangana','India','BLK HOSPITAL','9502710178','sow@gmail.com','12345678912333','kphb','kphb','500032','HYDERABAD','Telangana','India','',NULL,'sow','5678912325555647','sbi','sbi78945612','','sow','','','1531911278.docx','','',1,'2018-07-18 16:21:29','2018-11-16 11:56:11',1,1,0,'1531911089206.png',NULL),(62,224,'01234567898',NULL,'abc@gmail.com',NULL,NULL,NULL,NULL,NULL,NULL,NULL,NULL,NULL,NULL,NULL,NULL,NULL,NULL,NULL,NULL,NULL,NULL,NULL,NULL,NULL,NULL,NULL,NULL,NULL,NULL,NULL,NULL,NULL,NULL,NULL,NULL,NULL,NULL,NULL,1,'2018-08-16 17:18:27','2018-09-06 11:24:27',1,1,0,'1534420107224.png',NULL),(63,225,'1234512345',NULL,'ravi@gmail.com',NULL,NULL,NULL,NULL,NULL,NULL,NULL,NULL,NULL,NULL,NULL,NULL,NULL,NULL,NULL,NULL,NULL,NULL,NULL,NULL,NULL,NULL,NULL,NULL,NULL,NULL,NULL,NULL,NULL,NULL,NULL,NULL,NULL,NULL,NULL,1,'2018-08-18 12:42:35','2018-09-10 11:38:59',0,1,0,'1534576355225.png',NULL),(64,228,'95502547562',NULL,'hosp@gmail.com','Sharadha','042142447585','+91','9550214756','hosp@gmail.com','2542123555','H.No - 241','SR Nagar','502247','hyderabad','Telangana','india','sharadha','05472422587','hosp@gmail.com','853123556635','785','kukatpally','521475','hyderabad','Telangana','india','',NULL,'sharadha','2021355551','ICICI','icic1223355','','hyt','','','1535959613.docx','','',1,'2018-09-03 12:43:33','2018-10-15 17:10:42',0,1,0,'1535958813228.png',NULL),(65,229,'9999999999','7 days','teju@gmail.com','TEJU','9874233524','+91','9999999999','teju@gmail.com','9874563215','srd','srd','5022145','Hyderabad','Maharashtra','India','MERIDIAN','9999999999','teju@gmail.com','9999999999','srd','srd','541254','Kphb','Meghalaya','India','',NULL,'rainbow','9999999999','SBI','SBIN0002361','','resume','','','1536128058.pdf','','',1,'2018-09-05 11:39:43','2018-11-16 12:04:46',0,1,0,'1536127783229.png','350'),(66,233,'9550252384','1 day','ram1@gmail.com','KEERTHI','04712547854','+91','9550252384','hsp@gmail.com','854523258954','H.No-8-25','Chandanagar','502248','Tirupathi','Andhra Pradesh','India','AMRITHA HOSPITAL','9550252384','ram@gmail.com','856974523133','H.No-25-14','Chandanagar','5022547','kphb','Telangana','India','',NULL,'Keerthi','85621245646','SBI','sbic1234565','','hyt','','','1536212734.docx','','',1,'2018-09-06 10:59:17','2018-10-31 15:40:35',1,0,0,'1536211757233.png','200'),(67,239,'9502710179','4 days','sri@gmail.com','SRI','9502710179','+91','9502710179','sri@gmail.com','12345678912345','uppal','uppal','500035','Hyderabad','Telangana','India','SRI','9502710179','sri@gmail.com','12345678912','uppal','uppal','500035','Hyderabad','Telangana','India','',NULL,'anu','123456789102000','sbi','sbi12345678','','sri','','','1539156206.xls','','',1,'2018-10-10 12:39:24','2018-11-14 11:48:19',0,0,0,'1539155364239.png','700'),(68,240,'9898788789','4 days','arya@GMAIL.COM','RAHU','8878787787','+91','7787878787','sow@GMAIL.COM','12233556655','hyd','','500072','Hyderabad','Andhra Pradesh','India','BLK','8787878787','sow@gmail.com','6767676676','hyd','','500072','Hyderabad','Andhra Pradesh','India','',NULL,'raghu','32988867565','ghgg','ghhy7767655','','','','','','','',1,'2018-10-13 11:14:36','2018-11-19 12:46:57',0,0,0,'1539409476240.png','540'),(69,246,'7013319036','5 days','k@gmail.com','VASU','1234564555','+91','7013319036','vasu@gmail.com','1234656652','gfd','fghfd','516203','Kadapa','Andhra Pradesh','India','FFF','4524120112','ksr@gmail.com','1234555555','dfds','gfdg','516203','City','Andhra Pradesh','Fgd','',NULL,'rfg','1233204444','df','SBIN0000830','',NULL,NULL,NULL,NULL,NULL,NULL,1,'2018-10-15 15:53:29','2018-10-31 15:39:41',0,0,0,'1539599008246.png','600'),(70,248,'7865895685','7 days','aryasatheesan12345@gmail.com','ANUPAMA','8452316556','+91','9520054545','aryasatheesan12345@gmail.com','78976555455','sanath nagar','','500526','Hyderabad','Telangana','India','REMEDY HOSPIAL','9665545424','aryasatheesan12345@gmail.com','851454661542','sanathnagar','','502452','karimnagar','Telangana','India','',NULL,'anupama','85656565656','SBI','cdef4652858','','kyc','','','','','',1,'2018-10-16 09:25:31','2018-11-02 15:09:27',0,0,0,'1539662131248.png','250'),(71,256,'4241321325','4 days','kasi@gmail.com','KASI','75743253253','+91','45245646356','kasi@gmail.com','45266663','fh','gfhg','516203','Kadapa','Madhya Pradesh','India','KOMA GHGHOSPITAL','6536536666','kasi@gmail.com','255523522555','dfgf','dgvd','516203','City','Maharashtra','Fgd','',NULL,'ghjmnh','1222222222','fgbhgf','SBIN0000830','','gh','gh','gfhg','','','',1,'2018-10-29 14:15:24','2018-11-05 14:48:31',0,0,0,'1540802724256.png','500'),(72,257,'7013319036',NULL,'kaka@gmail.com','KAKA','1112222222','+91','74547254444','kaka@gmail.com','1234561121111111','jyh','fdgd','516203','Kadapa','Manipur','India','GJH','42245545255','kaka@gmail.com','45242542445','ufjfgj','ghngj','516023','City','Manipur','Kadapa','',NULL,'siva','1233204444','df','SBIN0000830','','','','','','','',1,'2018-11-06 10:50:50','2018-11-06 10:56:45',0,0,0,'1541481650257.png',NULL),(73,258,'9502710177',NULL,'rehana@gmail.com',NULL,NULL,NULL,NULL,NULL,NULL,NULL,NULL,NULL,NULL,NULL,NULL,NULL,NULL,NULL,NULL,NULL,NULL,NULL,NULL,NULL,NULL,NULL,NULL,NULL,NULL,NULL,NULL,NULL,'','','','','','',1,'2018-11-16 12:21:24','2018-11-16 12:22:42',0,1,0,'1542351084258.png',NULL),(74,259,'5395222256','7 days','rehana@gmail.com','sreya','5853333222','+91','12564555555','sreya@gmail.com','2355555522','kphb','kphb','500035','hyd','Telangana','india','srisowre hospital','9535454622','rehana@gmail.com','98434565654','Gangaram','','502152','hyderabad','Telangana','India',NULL,NULL,'sreya','1535485665','sbi','sbi15255666',NULL,'doc1','','','1542364488.xlsx','','',1,'2018-11-16 12:24:23','2018-11-19 12:05:41',0,0,0,'1542351263259.png','250'),(75,263,'5598333332',NULL,'aryanu@gmail.com',NULL,NULL,NULL,NULL,NULL,NULL,NULL,NULL,NULL,NULL,NULL,NULL,NULL,NULL,NULL,NULL,NULL,NULL,NULL,NULL,NULL,NULL,NULL,NULL,NULL,NULL,NULL,NULL,NULL,'','','','','','',1,'2018-11-16 15:40:19','2018-11-16 15:43:29',0,0,0,'1542363019263.png',NULL),(76,267,'9589462368',NULL,'ank@gmail.com','ANKITHA','9505654454','+91','9502715622','ankr@gmail.com','5558562262','nagole','nagole','500035','Warangal','Telangana','India','ANKURA HOSPITAL','55665649552','ankr@gmail.com','3576763777','gjmfh','ghffh','5662322','Warangal','Telangana','India','',NULL,'ankitha','456623233','sbi','sbi01255555','','djguj','','','1542707642.xlsx','','',1,'2018-11-20 15:14:53','2018-11-20 15:28:46',1,1,0,'1542707093267.png',NULL),(77,268,'8584244976',NULL,'bhavya2@gmail.com',NULL,NULL,NULL,NULL,NULL,NULL,NULL,NULL,NULL,NULL,NULL,NULL,NULL,NULL,NULL,NULL,NULL,NULL,NULL,NULL,NULL,NULL,NULL,NULL,NULL,NULL,NULL,NULL,NULL,NULL,NULL,NULL,NULL,NULL,NULL,1,'2018-11-26 15:12:17','2018-11-26 15:12:17',0,0,0,'1543225337268.png',NULL),(78,270,'7842431830',NULL,'saradhi@gmail.com','SARADHI','8500050944','+91','8500050944','saradhi@gmail.com','123456789','ongoal','ongoal','516172','Ongoal','Andhra Pradesh','India','PIDUGU','8528528522','saradhi@gmail.com','1234567890','test','test','516172','City','Andhra Pradesh','India','',NULL,'vasudevareddy','32473655713','SBI','SBIN0002671','','test','','','1543502864.jpg','','',1,'2018-11-29 20:14:27','2018-11-29 20:17:44',0,0,0,'1543502667270.png',NULL),(79,275,'1234567890',NULL,'sravan@gmail.com','SRAVAN','8522852222','+91','8528528520','sravan@gmail.com','1234567890','test','test','500072','Hyd','Andhra Pradesh','India','SRAVAN HOSPITAL','8528528520','sravan@gmail.com','1234567890','test','test','500072','Hyd','Andhra Pradesh','India','',NULL,'SBI','32473655713','Sbi','sbin0002671','','test','','','1543752233.xlsx','','',1,'2018-12-02 17:31:37','2018-12-02 17:34:18',0,0,0,'1543752097275.png',NULL),(80,295,'9845151254',NULL,'hosp@gmail.com','ARYA',NULL,'+91','9550252384','hosp@gmail.com','845612398745','SR Nagar',NULL,'502412','Hyderabad','Telangana','India','SGR','9550252384','hosp@gmail.com','854123654712','SR Nagar',NULL,'502123','Hyderabad','Telangana','India','',NULL,'Arya','84525445485','SBI','sbih4123544','','','','','1547560870.pdf','','',1,'2019-01-15 19:23:11','2019-01-17 12:46:16',0,0,0,'1547560391295.png',NULL),(81,302,'8500050944',NULL,'reddemhos@gmail.com','REDDEM',NULL,'+91','8500050944','reddemhos@gmail.com','1234567890','kadapa',NULL,'516172','Kadapa','Andhra Pradesh','India','REDDEM','8500050944','reddemhos@gmail.com','123456789012','kadapa',NULL,'516172','Kadapa','Andhra Pradesh','India','',NULL,'vasudevareddy','32473655713','SBI','SBIN0002671','','','','','','','',1,'2019-01-18 21:36:56','2019-01-18 21:38:29',0,0,0,'1547827616302.png',NULL);

/*Table structure for table `hospital_admin_chating` */

DROP TABLE IF EXISTS `hospital_admin_chating`;

CREATE TABLE `hospital_admin_chating` (
  `id` int(11) NOT NULL AUTO_INCREMENT,
  `user_id` int(11) DEFAULT NULL,
  `replay_user_id` int(11) DEFAULT NULL,
  `from` int(11) DEFAULT NULL,
  `comment` text,
  `image` varchar(250) DEFAULT NULL,
  `type` enum('Replay','Replayed') DEFAULT NULL,
  `create_at` datetime DEFAULT NULL,
  `updated_by` datetime DEFAULT NULL,
  `hos_id` int(11) DEFAULT NULL,
  PRIMARY KEY (`id`)
) ENGINE=InnoDB AUTO_INCREMENT=26 DEFAULT CHARSET=latin1;

/*Data for the table `hospital_admin_chating` */

insert  into `hospital_admin_chating`(`id`,`user_id`,`replay_user_id`,`from`,`comment`,`image`,`type`,`create_at`,`updated_by`,`hos_id`) values (1,215,203,203,'hiii','','Replayed','2018-07-26 17:50:11','2018-07-26 17:50:11',58),(2,215,203,203,'hello','','Replayed','2018-07-26 17:50:28','2018-07-26 17:50:28',NULL),(3,209,203,203,'hi kavya ','','Replayed','2018-08-28 16:32:36','2018-08-28 16:32:36',58),(4,209,203,203,'hi kavya ','','Replayed','2018-08-28 16:32:36','2018-08-28 16:32:36',58),(5,216,203,203,'please cheek me','1535454367.xlsx','Replayed','2018-08-28 16:36:07','2018-08-28 16:36:07',58),(6,216,203,203,'please cheek me','1535454367.xlsx','Replayed','2018-08-28 16:36:07','2018-08-28 16:36:07',58),(7,216,203,203,'please cheek me','1535454368.xlsx','Replayed','2018-08-28 16:36:08','2018-08-28 16:36:08',58),(8,216,203,203,'please cheek me','1535454368.xlsx','Replayed','2018-08-28 16:36:08','2018-08-28 16:36:08',58),(9,215,203,203,'hi sai','1535463245.jpg','Replayed','2018-08-28 19:04:05','2018-08-28 19:04:05',58),(10,209,203,203,'hi','','Replayed','2018-09-01 13:28:00','2018-09-01 13:28:00',58),(11,216,0,0,'Hello','','Replay','2018-10-10 16:48:58','2018-10-10 16:48:58',58),(12,209,203,203,'HII','','Replayed','2018-10-16 15:46:43','2018-10-16 15:46:43',NULL),(13,252,248,248,'hii','','Replayed','2018-10-17 11:52:12','2018-10-17 11:52:12',70),(14,252,0,0,'hiii','','Replay','2018-10-17 11:52:42','2018-10-17 11:52:42',70),(15,216,203,203,'hii','','Replayed','2018-10-17 15:52:34','2018-10-17 15:52:34',58),(16,216,203,203,'hello','','Replayed','2018-10-17 15:53:30','2018-10-17 15:53:30',58),(17,217,203,203,'hello','','Replayed','2018-10-17 15:53:30','2018-10-17 15:53:30',58),(18,251,0,0,'hello','','Replay','2018-10-22 14:40:49','2018-10-22 14:40:49',70),(19,215,0,0,'hii','','Replay','2018-10-24 12:15:52','2018-10-24 12:15:52',58),(20,215,0,0,'hello','','Replay','2018-10-24 12:20:08','2018-10-24 12:20:08',58),(21,208,204,204,'hi','','Replayed','2018-11-02 12:07:12','2018-11-02 12:07:12',59),(22,209,203,203,'hi','','Replayed','2018-11-03 12:20:35','2018-11-03 12:20:35',58),(23,209,203,203,'fghggh','','Replayed','2019-01-10 12:58:16','2019-01-10 12:58:16',NULL),(24,215,203,203,'hiii','','Replayed','2019-01-10 13:01:09','2019-01-10 13:01:09',58),(25,215,0,0,'hello','','Replay','2019-01-10 13:02:10','2019-01-10 13:02:10',58);

/*Table structure for table `hospital_announcements` */

DROP TABLE IF EXISTS `hospital_announcements`;

CREATE TABLE `hospital_announcements` (
  `int_id` int(11) NOT NULL AUTO_INCREMENT,
  `res_id` int(11) DEFAULT NULL,
  `comment` text,
  `create_at` datetime DEFAULT NULL,
  `status` int(11) DEFAULT '1',
  `sent_by` int(11) DEFAULT NULL,
  `readcount` int(11) DEFAULT '1',
  PRIMARY KEY (`int_id`)
) ENGINE=InnoDB AUTO_INCREMENT=6 DEFAULT CHARSET=latin1;

/*Data for the table `hospital_announcements` */

insert  into `hospital_announcements`(`int_id`,`res_id`,`comment`,`create_at`,`status`,`sent_by`,`readcount`) values (1,279,'hlo  hi  every one','2018-12-02 17:51:25',1,275,1),(2,280,'hlo  hi  every one','2018-12-02 17:51:25',1,275,1),(3,278,'hlo  hi  every one','2018-12-02 17:51:25',1,275,1),(4,277,'hlo  hi  every one','2018-12-02 17:51:25',1,275,1),(5,276,'hlo  hi  every one','2018-12-02 17:51:25',1,275,1);

/*Table structure for table `investigation_patient_list` */

DROP TABLE IF EXISTS `investigation_patient_list`;

CREATE TABLE `investigation_patient_list` (
  `id` int(11) NOT NULL AUTO_INCREMENT,
  `p_id` int(11) DEFAULT NULL,
  `b_id` int(11) DEFAULT NULL,
  `investigation_type` varchar(250) DEFAULT NULL,
  `countrycode` varchar(250) DEFAULT NULL,
  `contact_number` varchar(250) DEFAULT NULL,
  `frequency` varchar(250) DEFAULT NULL,
  `priority` varchar(250) DEFAULT NULL,
  `investigation_formdate` varchar(250) DEFAULT NULL,
  `investigation_todate` varchar(250) DEFAULT NULL,
  `associate_diagnosis` varchar(250) DEFAULT NULL,
  `associate_problems` varchar(250) DEFAULT NULL,
  `create_at` datetime DEFAULT NULL,
  `create_by` int(11) DEFAULT NULL,
  `date` date DEFAULT NULL,
  PRIMARY KEY (`id`)
) ENGINE=InnoDB AUTO_INCREMENT=101 DEFAULT CHARSET=latin1;

/*Data for the table `investigation_patient_list` */

insert  into `investigation_patient_list`(`id`,`p_id`,`b_id`,`investigation_type`,`countrycode`,`contact_number`,`frequency`,`priority`,`investigation_formdate`,`investigation_todate`,`associate_diagnosis`,`associate_problems`,`create_at`,`create_by`,`date`) values (78,134,231,'lab','','','6 hours','Medium','','','','','2018-07-16 16:37:25',198,'2018-07-16'),(79,144,243,'lab','','','6 hours','Low','','','','','2018-09-10 12:27:07',209,'2018-09-10'),(80,144,253,'lab','','','6 hours','Low','','','','','2018-09-25 11:49:45',207,'2018-09-25'),(81,142,262,'lab','','','12 hours','Medium','','','','','2018-10-08 10:15:24',209,'2018-10-08'),(82,147,263,'lab','','','12 hours','Medium','','','','','2018-10-08 10:28:33',209,'2018-10-08'),(83,144,265,'lab','','','6 hours','Low','','','','','2018-10-08 14:32:34',207,'2018-10-08'),(84,136,264,'lab','','','24 hours','Low','','','','','2018-10-08 15:02:43',207,'2018-10-08'),(85,147,267,'','','','24 hours','Low','','','','','2018-10-15 09:45:35',209,'2018-10-15'),(86,136,278,'','','','12 hours','Low','','','','','2018-10-15 10:07:57',209,'2018-10-15'),(87,141,275,'','','','24 hours','Low','','','','','2018-10-15 10:15:06',209,'2018-10-15'),(88,140,279,'','','','4 hours','Low','','','','','2018-10-15 16:18:07',209,'2018-10-15'),(89,139,280,'','','','6 hours','Medium','','','','','2018-10-15 16:20:48',209,'2018-10-15'),(90,139,280,'','','','6 hours','Low','','','','','2018-10-15 16:21:49',209,'2018-10-15'),(91,144,281,'','','','4 hours','Low','','','','','2018-10-15 17:16:09',209,'2018-10-15'),(92,139,280,'','','','6 hours','Low','','','','','2018-10-15 17:19:01',209,'2018-10-15'),(93,148,283,'','','','6 hours','Medium','','','','','2018-10-15 17:42:15',209,'2018-10-15'),(94,151,284,'','','','6 hours','Medium','','','','','2018-10-16 11:05:35',252,'2018-10-16'),(95,152,285,'','','','12 hours','Low','','','','','2018-10-16 11:36:56',252,'2018-10-16'),(96,153,287,'','','','24 hours','Low','','','','','2018-10-31 17:44:01',207,'2018-10-31'),(97,155,293,'','','','4 hours','Medium','','','','','2018-11-16 16:18:16',209,'2018-11-16'),(98,161,312,'','','','4 hours','Low','','','','','2018-11-29 20:51:15',274,'2018-11-29'),(99,163,315,'','','','6 hours','Medium','','','','','2018-12-02 18:26:08',280,'2018-12-02'),(100,160,310,'','','','4 hours','Medium','','','','','2018-12-10 19:31:56',198,'2018-12-10');

/*Table structure for table `lab_detailes` */

DROP TABLE IF EXISTS `lab_detailes`;

CREATE TABLE `lab_detailes` (
  `l_id` int(11) NOT NULL AUTO_INCREMENT,
  `hos_id` int(11) DEFAULT NULL,
  `l_investigation` varchar(250) DEFAULT NULL,
  `l_code` varchar(250) DEFAULT NULL,
  `l_name` varchar(250) DEFAULT NULL,
  `l_assistent_id` int(11) DEFAULT NULL,
  `l_status` int(11) DEFAULT NULL,
  `l_create_at` datetime DEFAULT NULL,
  `l_updated_at` datetime DEFAULT NULL,
  `l_create_by` int(11) DEFAULT NULL,
  PRIMARY KEY (`l_id`)
) ENGINE=InnoDB DEFAULT CHARSET=latin1;

/*Data for the table `lab_detailes` */

/*Table structure for table `lab_test_list` */

DROP TABLE IF EXISTS `lab_test_list`;

CREATE TABLE `lab_test_list` (
  `t_id` int(11) NOT NULL AUTO_INCREMENT,
  `hos_id` int(11) DEFAULT NULL,
  `t_name` varchar(250) DEFAULT NULL,
  `test_type` varchar(250) DEFAULT NULL,
  `type` varchar(250) DEFAULT NULL,
  `modality` varchar(250) DEFAULT NULL,
  `duration` varchar(250) DEFAULT NULL,
  `amuont` varchar(250) DEFAULT NULL,
  `t_short_form` varchar(250) DEFAULT NULL,
  `t_description` varchar(250) DEFAULT NULL,
  `t_department` varchar(250) DEFAULT NULL,
  `create_at` datetime DEFAULT NULL,
  `status` int(11) DEFAULT NULL,
  `create_by` int(11) DEFAULT NULL,
  `update_by` datetime DEFAULT NULL,
  `out_source` int(11) DEFAULT '0',
  PRIMARY KEY (`t_id`)
) ENGINE=InnoDB AUTO_INCREMENT=183 DEFAULT CHARSET=latin1;

/*Data for the table `lab_test_list` */

insert  into `lab_test_list`(`t_id`,`hos_id`,`t_name`,`test_type`,`type`,`modality`,`duration`,`amuont`,`t_short_form`,`t_description`,`t_department`,`create_at`,`status`,`create_by`,`update_by`,`out_source`) values (117,57,'serum bilurubin total ','72','Lab','','30 ','150','','','','2018-07-16 16:20:06',1,201,NULL,0),(118,58,'ELBOW','57','Radiology','MRI','22','120','','','','2018-07-20 15:07:35',1,217,NULL,0),(119,58,'FACE','53','Radiology','CT3D','22','125','','','','2018-07-20 15:08:43',1,217,NULL,0),(120,58,'Iron Studies','69','Lab','','15','100','','','','2018-07-20 15:09:57',1,217,'0000-00-00 00:00:00',0),(121,58,'Vitamin B12','68','Lab','','30','100','','','','2018-07-20 15:11:50',1,217,NULL,0),(122,0,'Calcium','77','Lab','','10','120','','','','2018-07-20 17:06:53',1,218,NULL,1),(123,0,'Kidney Function Test','76','Lab','','15','125','','','','2018-07-20 17:08:02',1,218,NULL,1),(124,0,'NECK','53','Radiology','ULTRASOUND','15','200','','','','2018-07-20 17:09:06',1,218,NULL,1),(125,58,'abc','71','Lab','','12','50','','','','2018-08-18 12:29:25',1,217,NULL,0),(142,58,'Endoscopy','53','Lab','','10 min','500','','','','2018-09-10 15:18:24',1,217,NULL,0),(143,0,'Calcium','77','Lab','','10 min','200','','','','2018-09-10 15:38:32',1,234,NULL,1),(146,58,'lab','0','totalge',NULL,'30mins','100',NULL,NULL,NULL,'2018-09-19 10:50:34',1,217,NULL,0),(147,58,'lab','0','complete hormonigum',NULL,'20mins','200',NULL,NULL,NULL,'2018-09-19 10:50:34',1,217,NULL,0),(148,58,'Calcium','77','Lab','','5 min','200',NULL,NULL,NULL,'2018-10-10 10:42:13',1,217,NULL,0),(149,58,'Blood Test','73','Lab','','5 min','150',NULL,NULL,NULL,'2018-10-10 10:42:13',1,217,NULL,0),(150,58,'totalige','78','Radiology','model','30mins','100',NULL,NULL,NULL,'2018-10-13 12:44:27',1,217,NULL,0),(151,58,'complete homegram','77','Radiology','model1','20mins','200',NULL,NULL,NULL,'2018-10-13 12:44:27',1,217,NULL,0),(152,58,'blood test','61','lab','','10mins','250',NULL,NULL,NULL,'2018-10-13 12:44:27',1,217,NULL,0),(153,58,'ffff','73','lab','','11mins','100',NULL,NULL,NULL,'2018-10-13 12:44:27',1,217,NULL,0),(154,58,'blood test','77','lab','','10','100',NULL,NULL,NULL,'2018-10-13 12:50:27',1,217,NULL,0),(155,70,'Iron Deficiency','69','Lab','','10','250','','','','2018-10-16 10:27:53',1,249,NULL,0),(156,70,'Coronary Angiography','64','Radiology','Med','30','2000','','','','2018-10-16 10:31:04',1,249,NULL,0),(157,70,'Blood Glucose','73','Lab','','10','100','','','','2018-10-16 10:34:01',1,249,NULL,0),(158,0,'Liver Function Panel','83','Lab','','15','1000','','','','2018-10-16 10:43:08',1,250,NULL,1),(159,0,'Dilution Test','76','Lab','','30','1500','','','','2018-10-16 10:44:19',1,250,NULL,1),(160,0,'tsh','75','Lab','','5','600','','','','2018-10-16 10:45:20',1,250,NULL,1),(161,0,'Blood Glucose','73','Lab','','10','150','','','','2018-10-16 11:35:32',1,250,NULL,1),(162,79,'b1','sravan bld','Lab','','20 min','250','','','','2018-12-02 18:20:07',1,278,NULL,0),(163,79,'s1','sravan sugar','Lab','','20','250','','','','2018-12-02 18:20:40',1,278,NULL,0),(164,80,'Iron Studies','Lab','Lab','','5min','600','','','','2019-01-15 19:56:11',1,298,NULL,0),(165,80,'Endoscopy','ELBOW','Radiology','low','10min','800','','','','2019-01-15 20:00:02',1,298,NULL,0),(166,80,'Blood Test','Lab','Lab','','5 min','250','','','','2019-01-15 20:03:07',1,298,NULL,0),(167,80,'CT Scan','Radiology','Radiology','High','30 min','2000','','','','2019-01-15 20:04:07',1,298,NULL,0),(168,80,'Kidney Function Test','Lab','Lab','','15min','3000','','','','2019-01-15 20:06:27',1,298,NULL,0),(169,80,'boold test','testing for  raghu','Lab','','45 min','512','','','','2019-01-17 12:39:55',1,298,NULL,0),(171,80,'complete homegram','BONE','Radiology','model1','20mins','200',NULL,NULL,NULL,'2019-01-17 18:19:11',1,298,NULL,0),(172,80,'blood test1','CHEST','lab','','10mins','250',NULL,NULL,NULL,'2019-01-17 18:19:11',1,298,NULL,0),(173,80,'blood test2','FEVER','lab','','11mins','100',NULL,NULL,NULL,'2019-01-17 18:19:11',1,298,NULL,0),(174,80,'totalige','VITAMINS','Radiology','model','30mins','100',NULL,NULL,NULL,'2019-01-17 18:20:29',1,298,NULL,0),(175,80,'complete homegram','BONE','Radiology','model1','20mins','200',NULL,NULL,NULL,'2019-01-17 18:20:29',1,298,NULL,0),(176,80,'blood test1','CHEST','lab','m3','10mins','250',NULL,NULL,NULL,'2019-01-17 18:20:29',1,298,NULL,0),(177,80,'blood test2','FEVER','lab','m4','11mins','100',NULL,NULL,NULL,'2019-01-17 18:20:29',1,298,NULL,0),(178,80,'calcium','BONE','lab','','5mins','250',NULL,NULL,NULL,'2019-01-18 10:36:17',1,300,NULL,1),(179,80,'like that','vasu','Lab','','22 min','256','','','','2019-01-18 17:46:18',1,298,NULL,0),(181,0,'reddem out one','reddem','Lab','','120 min','120','','','','2019-01-18 21:52:11',1,307,NULL,1),(182,81,'reddem in one','reddem','Lab','','120 min','120','','','','2019-01-18 21:55:23',1,303,NULL,0);

/*Table structure for table `lab_test_type` */

DROP TABLE IF EXISTS `lab_test_type`;

CREATE TABLE `lab_test_type` (
  `id` int(11) NOT NULL AUTO_INCREMENT,
  `type_name` varchar(250) DEFAULT NULL,
  `type` varchar(250) DEFAULT NULL,
  `create_at` datetime DEFAULT NULL,
  `status` int(11) DEFAULT '1',
  `created_by` int(11) DEFAULT NULL,
  `updated_time` datetime DEFAULT NULL,
  PRIMARY KEY (`id`)
) ENGINE=InnoDB AUTO_INCREMENT=84 DEFAULT CHARSET=latin1;

/*Data for the table `lab_test_type` */

insert  into `lab_test_type`(`id`,`type_name`,`type`,`create_at`,`status`,`created_by`,`updated_time`) values (53,'HEAD AND NECK','Radiology','2018-07-16 14:54:20',1,1,NULL),(54,'BREAST','Radiology','2018-07-16 14:54:40',1,1,NULL),(55,'ABDOMEN','Radiology','2018-07-16 14:56:58',1,1,NULL),(56,'PELVIS','Radiology','2018-07-16 14:57:15',1,1,NULL),(57,'UPPER EXTERMITY','Radiology','2018-07-16 14:57:53',1,1,NULL),(58,'LOWER EXTERMITY','Radiology','2018-07-16 14:58:06',1,1,NULL),(59,'FINE NEEDLE ASPIRATION','Radiology','2018-07-16 14:58:42',1,1,NULL),(60,'SPINE','Radiology','2018-07-16 14:59:07',1,1,NULL),(61,'CHEST','Radiology','2018-07-16 14:59:17',1,1,NULL),(62,'COMBINATIONS EXAMINATIONS','Radiology','2018-07-16 14:59:58',1,1,NULL),(63,'CONTRAST','Radiology','2018-07-16 15:00:12',1,1,NULL),(64,'CT ANGIOGRAPHY','Radiology','2018-07-16 15:01:03',1,1,NULL),(65,'SPINE MYELOGRAM','Radiology','2018-07-16 15:02:00',1,1,NULL),(66,'BARIUM EXAMINATIONS','Radiology','2018-07-16 15:02:20',1,1,NULL),(67,'EXTREMITIES VENOGRAM','Radiology','2018-07-16 15:03:23',1,1,NULL),(68,'OTHERS','Radiology','2018-07-16 15:03:47',1,1,NULL),(69,'ANAEMIA','Lab','2018-07-16 15:16:39',1,1,NULL),(70,'HYPERTENSION','Lab','2018-07-16 15:17:01',1,1,NULL),(71,'ALLERGY','Lab','2018-07-16 15:17:20',2,1,'2018-09-06 11:59:01'),(72,'JAUNDICE','Lab','2018-07-16 15:17:31',1,1,NULL),(73,'FEVER','Lab','2018-07-16 15:18:20',1,1,NULL),(74,'OBESITY','Lab','2018-07-16 15:18:49',1,1,NULL),(75,'THYROID','Lab','2018-07-16 15:19:20',1,1,NULL),(76,'KIDNEY','Lab','2018-07-16 15:20:06',1,1,NULL),(77,'BONE','Lab','2018-07-20 15:49:46',1,1,NULL),(78,'VITAMINS','Lab','2018-07-20 15:50:44',1,1,NULL),(79,'DNA','Lab','2018-09-06 12:24:30',1,1,'0000-00-00 00:00:00'),(80,'blood test','Lab','2018-09-10 11:40:57',2,1,NULL),(81,'typhoid','Lab','2018-10-10 13:11:09',2,1,'0000-00-00 00:00:00'),(82,'typhoid','Lab','2018-10-10 13:12:06',1,1,NULL),(83,'Liver','Lab','2018-10-16 10:42:02',1,1,NULL);

/*Table structure for table `logos_list` */

DROP TABLE IF EXISTS `logos_list`;

CREATE TABLE `logos_list` (
  `l_id` int(11) NOT NULL AUTO_INCREMENT,
  `image` varchar(250) DEFAULT NULL,
  `org_name` varchar(250) DEFAULT NULL,
  `status` int(11) DEFAULT '1',
  `created_at` timestamp NOT NULL DEFAULT CURRENT_TIMESTAMP ON UPDATE CURRENT_TIMESTAMP,
  `updated_at` timestamp NOT NULL DEFAULT CURRENT_TIMESTAMP,
  `created_by` int(11) DEFAULT NULL,
  PRIMARY KEY (`l_id`)
) ENGINE=InnoDB AUTO_INCREMENT=42 DEFAULT CHARSET=latin1;

/*Data for the table `logos_list` */

insert  into `logos_list`(`l_id`,`image`,`org_name`,`status`,`created_at`,`updated_at`,`created_by`) values (5,'1544079938.jpg','gallery-1.jpg',2,'2018-12-06 03:20:51','2018-12-06 15:50:51',1),(6,'1544079947.jpg','gallery-2.jpg',2,'2018-12-06 03:21:01','2018-12-06 15:51:01',1),(7,'1544091303.jpg','img1.jpg',2,'2018-12-06 03:41:45','2018-12-06 16:11:45',1),(8,'1544091327.jpg','img2.jpg',2,'2018-12-06 03:41:53','2018-12-06 16:11:53',1),(9,'1544091343.jpg','img3.jpg',2,'2018-12-06 03:42:00','2018-12-06 16:12:00',1),(10,'1544091357.jpg','img4.jpg',2,'2018-12-06 03:42:06','2018-12-06 16:12:06',1),(11,'1544091385.jpg','img5.jpg',2,'2018-12-06 03:42:11','2018-12-06 16:12:11',1),(12,'1544091401.jpg','img6.jpg',2,'2018-12-06 03:42:17','2018-12-06 16:12:17',1),(13,'1544091428.jpg','img8.jpg',2,'2018-12-06 03:42:22','2018-12-06 16:12:22',1),(14,'1544092974.jpg','img1.jpg',2,'2018-12-06 03:52:51','2018-12-06 16:22:51',1),(15,'1544092990.jpg','img2.jpg',2,'2018-12-06 03:52:58','2018-12-06 16:22:58',1),(16,'1544093047.jpg','img3.jpg',2,'2018-12-06 03:53:08','2018-12-06 16:23:08',1),(17,'1544093063.jpg','img4.jpg',2,'2018-12-06 03:53:14','2018-12-06 16:23:14',1),(18,'1544093092.jpg','img5.jpg',2,'2018-12-06 03:53:21','2018-12-06 16:23:21',1),(19,'1544093122.jpg','img6.jpg',2,'2018-12-06 03:53:27','2018-12-06 16:23:27',1),(20,'1544093136.jpg','img8.jpg',2,'2018-12-06 03:53:34','2018-12-06 16:23:34',1),(21,'1544093641.jpg','img1.jpg',2,'2018-12-06 05:18:39','2018-12-06 17:48:39',1),(22,'1544093650.jpg','img2.jpg',2,'2018-12-06 04:00:34','2018-12-06 16:30:34',1),(23,'1544093657.jpg','img3.jpg',2,'2018-12-06 05:18:47','2018-12-06 17:48:47',1),(24,'1544093666.jpg','img4.jpg',2,'2018-12-06 05:18:53','2018-12-06 17:48:53',1),(25,'1544093678.jpg','img5.jpg',2,'2018-12-06 05:18:57','2018-12-06 17:48:57',1),(26,'1544093686.jpg','img6.jpg',2,'2018-12-06 05:19:02','2018-12-06 17:49:02',1),(27,'1544093694.jpg','img8.jpg',2,'2018-12-06 05:19:08','2018-12-06 17:49:08',1),(28,'1544094054.jpg','img2.jpg',2,'2018-12-06 04:03:01','2018-12-06 16:33:01',1),(29,'1544094221.jpg','rsz_11img2.jpg',2,'2018-12-06 05:19:14','2018-12-06 17:49:14',1),(30,'1544094253.jpg','rsz_1img2.jpg',2,'2018-12-06 05:19:21','2018-12-06 17:49:21',1),(31,'1544099348.jpg','img1.jpg',2,'2018-12-06 05:31:27','2018-12-06 18:01:27',1),(32,'1544099401.jpg','img1.jpg',2,'2018-12-06 05:30:27','2018-12-06 18:00:27',1),(33,'1544099497.jpg','img1.jpg',2,'2018-12-06 05:31:46','2018-12-06 18:01:46',1),(34,'1544099522.jpg','img1.jpg',2,'2018-12-12 23:27:11','2018-12-13 11:57:11',1),(35,'1544099531.jpg','img3.jpg',2,'2018-12-12 23:27:18','2018-12-13 11:57:18',1),(36,'1544099540.jpg','img4.jpg',2,'2018-12-12 23:27:31','2018-12-13 11:57:31',1),(37,'1544099552.jpg','img4.jpg',2,'2018-12-06 05:32:47','2018-12-06 18:02:47',1),(38,'1544099576.jpg','img5.jpg',2,'2018-12-12 23:27:45','2018-12-13 11:57:45',1),(39,'1544099586.jpg','img6.jpg',2,'2018-12-12 23:28:01','2018-12-13 11:58:01',1),(40,'1544099596.jpg','img8.jpg',2,'2018-12-12 23:28:07','2018-12-13 11:58:07',1),(41,'1544099631.jpg','rsz_11img2.jpg',2,'2018-12-12 23:27:54','2018-12-13 11:57:54',1);

/*Table structure for table `manual_prescription_list` */

DROP TABLE IF EXISTS `manual_prescription_list`;

CREATE TABLE `manual_prescription_list` (
  `id` int(11) NOT NULL AUTO_INCREMENT,
  `hos_id` varchar(250) DEFAULT NULL,
  `p_id` int(11) DEFAULT NULL,
  `expirydate` varchar(250) DEFAULT NULL,
  `medicine_name` varchar(250) DEFAULT NULL,
  `dosage` varchar(250) DEFAULT NULL,
  `usage_instructions` text,
  `qty` varchar(250) DEFAULT NULL,
  `amount` varchar(250) DEFAULT NULL,
  `create_at` datetime DEFAULT NULL,
  `status` int(11) DEFAULT NULL,
  `create_by` int(11) DEFAULT NULL,
  PRIMARY KEY (`id`)
) ENGINE=MyISAM AUTO_INCREMENT=46 DEFAULT CHARSET=latin1;

/*Data for the table `manual_prescription_list` */

insert  into `manual_prescription_list`(`id`,`hos_id`,`p_id`,`expirydate`,`medicine_name`,`dosage`,`usage_instructions`,`qty`,`amount`,`create_at`,`status`,`create_by`) values (20,'58',18,'','CROCIN',NULL,'','10','','2018-08-18 12:17:39',1,216),(21,'58',18,'','PRACTEMOL',NULL,'','3','','2018-08-18 12:17:39',1,216),(22,'58',19,'','Robitussin',NULL,'','10','','2018-09-11 12:04:11',1,216),(23,'58',20,'','PRACTEMOL',NULL,'','4','','2018-09-11 12:04:57',1,216),(24,'58',21,'',NULL,NULL,'','4','','2018-09-11 12:10:41',1,216),(25,'58',22,'20/09/2024','Robitussin',NULL,'','10','200','2018-09-11 12:22:58',1,216),(26,'58',23,'','Robitussin',NULL,'','2','','2018-09-19 14:43:41',1,216),(27,'58',24,'','SYRINGES',NULL,'','6','55','2018-10-10 15:19:32',1,216),(28,'58',25,'','Robitussin',NULL,'','','','2018-10-10 16:22:34',1,216),(29,'58',26,'10','Robitussin',NULL,'','10','120','2018-10-12 10:53:17',1,216),(30,'58',27,'10',' Delsym',NULL,'10','20','10','2018-10-12 11:12:10',1,216),(31,'58',27,'10','CROCIN',NULL,'10','10','10','2018-10-12 11:12:11',1,216),(32,'58',28,'10-10-2048',' Delsym',NULL,'test','10','31.2','2018-11-19 17:19:06',1,216),(33,'58',29,'NOV(2022)','EASY FIX BANDAGE',NULL,'test','4','39.2','2018-11-19 17:20:09',1,216),(34,'58',30,'2025','Thyroxin',NULL,'test','10','275','2018-11-19 17:28:55',1,216),(35,'78',31,'10-10-2018','crosine test',NULL,'','2','12','2018-11-29 20:43:41',1,272),(36,'78',31,'10-10-2018','cronsin',NULL,'','10','12','2018-11-29 20:43:41',1,272),(37,'79',32,'10-10-2018','crosin',NULL,'','10','12','2018-12-02 18:30:41',1,277),(38,'58',33,'2019','fvr',NULL,'','1','52.5','2018-12-03 10:42:01',1,216),(39,'58',33,'JUNE(2019)','SYRINGES',NULL,'','1','9.52','2018-12-03 10:42:01',1,216),(40,'58',34,'JUNE(2019)','SYRINGES',NULL,'','','9.52','2019-01-02 16:31:45',1,216),(41,'80',35,'8/2019','Thyronorm',NULL,'mrng','6','1456','2019-01-17 18:28:46',1,297),(42,'80',36,'12/2030','Amlodipin',NULL,'','2','660','2019-01-17 18:32:01',1,297),(43,'58',37,'20/09/2020','Amlodipin',NULL,'','2','880','2019-01-18 10:33:37',1,216),(44,'80',38,'2/2022','Fepanil',NULL,'','2','848','2019-01-18 10:43:49',1,297),(45,'80',39,'9/2024','Cough Syrup',NULL,'tst','6','2220','2019-01-18 15:30:26',1,297);

/*Table structure for table `medicine_list` */

DROP TABLE IF EXISTS `medicine_list`;

CREATE TABLE `medicine_list` (
  `id` int(11) NOT NULL AUTO_INCREMENT,
  `hos_id` int(11) DEFAULT NULL,
  `hsn` varchar(250) DEFAULT NULL,
  `othercode` varchar(250) DEFAULT NULL,
  `batchno` varchar(250) DEFAULT NULL,
  `medicine_name` varchar(250) DEFAULT NULL,
  `medicine_type` varchar(250) DEFAULT NULL,
  `expiry_date` varchar(250) DEFAULT NULL,
  `dosage` varchar(250) DEFAULT NULL,
  `qty` varchar(250) DEFAULT NULL,
  `amount` varchar(250) DEFAULT NULL,
  `total_amount` varchar(250) DEFAULT NULL,
  `sgst` varchar(250) DEFAULT NULL,
  `cgst` varchar(250) DEFAULT NULL,
  `other` varchar(250) DEFAULT NULL,
  `create_at` datetime DEFAULT NULL,
  `status` int(11) DEFAULT '1',
  `added_by` int(11) DEFAULT NULL,
  `updated_at` datetime DEFAULT NULL,
  PRIMARY KEY (`id`)
) ENGINE=InnoDB AUTO_INCREMENT=129 DEFAULT CHARSET=latin1;

/*Data for the table `medicine_list` */

insert  into `medicine_list`(`id`,`hos_id`,`hsn`,`othercode`,`batchno`,`medicine_name`,`medicine_type`,`expiry_date`,`dosage`,`qty`,`amount`,`total_amount`,`sgst`,`cgst`,`other`,`create_at`,`status`,`added_by`,`updated_at`) values (85,57,'','',NULL,'','','','','','','0','','',NULL,'2018-07-16 16:03:29',1,200,NULL),(93,58,'90183930','OND','156','VENFLON 226','TABLET','jan(2023)','20mg','14','100','110','5','5',NULL,'2018-09-05 17:49:54',1,216,'2019-01-09 15:03:11'),(101,58,'30059040','DYNA',NULL,'EASY FIX BANDAGE','BANDAGE','NOV(2022)',NULL,'2','35','39.2','2.1','2.1',NULL,'2018-09-05 17:51:16',1,216,'2018-09-05 17:51:16'),(102,58,'90183100','HIND',NULL,'SYRINGES','DISPOVAL','JUNE(2019)','10ML','-1','8.5','9.52','0.51','0.51',NULL,'2018-09-05 17:51:16',1,216,'2019-01-09 15:02:24'),(109,58,'124','452',NULL,'Amlodipin','Tablet','20/09/2020','20 mg','9','800','880','5','5',NULL,'2018-09-11 12:47:03',1,216,'2018-09-11 13:10:48'),(110,58,'123','456','789','fepanil','tblt','1-10-2019','50mg','15','500','525','2','3','','2018-10-10 17:34:12',1,216,'2019-01-08 09:24:10'),(111,58,'22','444','1b_10','head','head','2018','20ml','3','100','115','5','10',NULL,'2018-10-12 11:49:39',1,216,'2019-01-08 09:24:13'),(113,58,'12','4554','555','fvr','calpal','2019','50','16','50','52.5','2','3','','2018-11-14 13:12:07',1,216,'2019-01-08 09:24:06'),(114,58,'129','66','158','p500','jhhv','2020','20mg','8','50','52.5','2','3','','2018-11-14 13:14:49',1,216,NULL),(115,58,'124','5453','11_c','Thyroxin','TABLET','2025','10','9','50','55','5','5',NULL,'2018-11-14 15:04:25',1,216,'2018-11-21 10:39:31'),(116,58,'22','444','988','PRACTEMOL','TABLET','2018','20MG','30','100','110','5','5',NULL,'2018-11-19 18:51:38',1,216,'2019-01-02 14:59:33'),(117,58,'23','445','12332','cronin','TABLET','2019','10MG','5','70','77','5','5',NULL,'2018-11-19 18:51:38',1,216,'2019-01-02 16:32:55'),(118,78,'12','10','10','cronsin','tab','10-10-2018','10 mg','30','10','12','10','10','','2018-11-29 20:31:19',1,272,NULL),(119,78,'10','10','10','crosine test','tablet','10-10-2018','10mg','3','10','12','10','10','','2018-11-29 20:32:02',1,272,'2018-11-29 20:32:11'),(120,79,'011','1122','123','crosin','tablet','10-10-2018','010 mg','-5','10','12','10','10','','2018-12-02 18:17:35',1,277,NULL),(121,79,'22','123','147','saradhi','123456','10-11-2018','25 mg','140','25','30','10','10','','2018-12-02 18:19:13',1,277,NULL),(122,80,'24','15','45','Crosin','Tablet','2/2025','50mg','4','350','385','5','5','','2019-01-15 19:45:24',1,297,NULL),(125,80,'28','24','46','Amlodipin','Tablet','12/2030','100mg','1','600','660','5','5','','2019-01-15 19:48:11',1,297,NULL),(126,80,'78','57','47','Thyronorm','Tablet','8/2015','10mcg','-1','1300','1456','6','6','','2019-01-15 19:49:20',1,297,NULL),(127,80,'87','74','48','Fepanil','Tablet','2/2022','100mg','5','800','848','3','3','','2019-01-15 19:52:32',1,297,NULL),(128,80,'47','48','49','Cough Syrup','syrup','9/2024','50ml','-2','2000','2220','5','6','','2019-01-15 19:52:32',1,297,NULL);

/*Table structure for table `medicine_name` */

DROP TABLE IF EXISTS `medicine_name`;

CREATE TABLE `medicine_name` (
  `id` int(11) NOT NULL AUTO_INCREMENT,
  `hos_id` int(11) DEFAULT NULL,
  `medicine_name` varchar(250) DEFAULT NULL,
  `added_by` int(11) DEFAULT NULL,
  `create_at` datetime DEFAULT NULL,
  `status` int(11) DEFAULT '1',
  PRIMARY KEY (`id`)
) ENGINE=InnoDB AUTO_INCREMENT=76 DEFAULT CHARSET=latin1;

/*Data for the table `medicine_name` */

insert  into `medicine_name`(`id`,`hos_id`,`medicine_name`,`added_by`,`create_at`,`status`) values (60,57,'',200,'2018-07-16 16:03:29',1),(61,58,'CROCIN',216,'2018-07-20 15:15:51',1),(62,58,'PRACTEMOL',216,'2018-07-20 15:18:57',1),(63,58,'Robitussin',216,'2018-07-20 15:31:36',1),(64,58,' Delsym',216,'2018-07-20 15:31:36',1),(65,58,'Amlodipin',216,'2018-09-11 12:47:03',1),(66,58,'Ativan',216,'2018-09-11 12:47:03',1),(67,58,'fepanil',216,'2018-10-10 17:34:12',1),(68,58,'fvr',216,'2018-11-14 13:12:07',1),(69,58,'p500',216,'2018-11-14 13:14:49',1),(70,78,'cronsin',272,'2018-11-29 20:31:19',1),(71,78,'crosine',272,'2018-11-29 20:32:02',1),(72,79,'crosin',277,'2018-12-02 18:17:35',1),(73,79,'saradhi',277,'2018-12-02 18:19:13',1),(74,80,'Thyronorm',297,'2019-01-15 19:49:20',1),(75,80,'Cough Syrup',297,'2019-01-15 19:52:32',1);

/*Table structure for table `notifications` */

DROP TABLE IF EXISTS `notifications`;

CREATE TABLE `notifications` (
  `int_id` int(11) NOT NULL AUTO_INCREMENT,
  `comment` text,
  `create_at` datetime DEFAULT NULL,
  `status` int(11) DEFAULT '1',
  `create_by` int(11) DEFAULT NULL,
  PRIMARY KEY (`int_id`)
) ENGINE=InnoDB DEFAULT CHARSET=latin1;

/*Data for the table `notifications` */

/*Table structure for table `out_source_lab_chating` */

DROP TABLE IF EXISTS `out_source_lab_chating`;

CREATE TABLE `out_source_lab_chating` (
  `id` int(11) NOT NULL AUTO_INCREMENT,
  `user_id` int(11) DEFAULT NULL,
  `replay_user_id` int(11) DEFAULT NULL,
  `from` int(11) DEFAULT NULL,
  `comment` text,
  `image` varchar(250) DEFAULT NULL,
  `type` enum('Replay','Replayed') DEFAULT NULL,
  `create_at` datetime DEFAULT NULL,
  `updated_by` datetime DEFAULT NULL,
  `lab_id` int(11) DEFAULT NULL,
  PRIMARY KEY (`id`)
) ENGINE=InnoDB AUTO_INCREMENT=3 DEFAULT CHARSET=latin1;

/*Data for the table `out_source_lab_chating` */

insert  into `out_source_lab_chating`(`id`,`user_id`,`replay_user_id`,`from`,`comment`,`image`,`type`,`create_at`,`updated_by`,`lab_id`) values (1,218,1,1,'hi','','Replayed','2018-10-10 13:21:25','2018-10-10 13:21:25',218),(2,230,0,0,'Hello','','Replay','2018-10-22 14:43:57','2018-10-22 14:43:57',230);

/*Table structure for table `out_source_lab_search` */

DROP TABLE IF EXISTS `out_source_lab_search`;

CREATE TABLE `out_source_lab_search` (
  `id` int(11) NOT NULL AUTO_INCREMENT,
  `ip_address` varchar(250) DEFAULT NULL,
  `p_id` int(11) DEFAULT NULL,
  `b_id` int(11) DEFAULT NULL,
  `location` varchar(250) DEFAULT NULL,
  `status` int(11) DEFAULT '1',
  `create_at` datetime DEFAULT NULL,
  `created_by` int(11) DEFAULT NULL,
  PRIMARY KEY (`id`)
) ENGINE=InnoDB AUTO_INCREMENT=4 DEFAULT CHARSET=latin1;

/*Data for the table `out_source_lab_search` */

insert  into `out_source_lab_search`(`id`,`ip_address`,`p_id`,`b_id`,`location`,`status`,`create_at`,`created_by`) values (1,'183.82.197.58',161,312,'hyd',1,'2018-11-29 20:55:14',273),(2,'183.82.197.58',161,312,'hyd',1,'2018-11-29 20:55:14',273),(3,'183.82.197.58',161,312,'tiruapthi',1,'2018-11-29 20:55:15',273);

/*Table structure for table `out_source_lab_test_lists` */

DROP TABLE IF EXISTS `out_source_lab_test_lists`;

CREATE TABLE `out_source_lab_test_lists` (
  `id` int(11) NOT NULL AUTO_INCREMENT,
  `lab_id` int(11) DEFAULT NULL,
  `p_l_t_id` int(11) DEFAULT NULL,
  `p_id` int(11) DEFAULT NULL,
  `b_id` int(11) DEFAULT NULL,
  `status` int(11) DEFAULT '0',
  `create_at` datetime DEFAULT NULL,
  `create_BY` int(11) DEFAULT NULL,
  PRIMARY KEY (`id`)
) ENGINE=InnoDB AUTO_INCREMENT=44 DEFAULT CHARSET=latin1;

/*Data for the table `out_source_lab_test_lists` */

insert  into `out_source_lab_test_lists`(`id`,`lab_id`,`p_l_t_id`,`p_id`,`b_id`,`status`,`create_at`,`create_BY`) values (1,218,122,146,245,1,'2018-09-07 15:12:19',217),(2,218,124,146,245,1,'2018-09-07 15:12:19',217),(3,234,122,144,243,1,'2018-09-10 15:41:28',217),(4,234,212,144,243,0,'2018-09-10 16:38:41',217),(5,234,212,144,243,0,'2018-09-10 16:41:42',217),(6,234,212,144,243,0,'2018-09-10 16:41:52',217),(7,234,212,144,243,0,'2018-09-10 16:46:55',217),(8,234,212,144,243,0,'2018-09-10 16:47:42',217),(9,201,117,144,243,0,'2018-09-27 09:16:41',217),(10,218,122,144,243,0,'2018-10-08 15:12:51',217),(11,218,122,147,263,1,'2018-10-08 17:01:02',217),(12,218,228,142,262,0,'2018-10-12 14:58:21',217),(13,218,122,142,262,0,'2018-10-12 15:11:01',217),(14,218,123,144,243,1,'2018-10-12 16:05:05',217),(15,234,122,136,264,0,'2018-10-12 16:11:25',217),(16,217,122,136,264,0,'2018-10-12 16:12:33',217),(17,218,228,142,262,0,'2018-10-13 13:06:26',217),(18,217,122,142,262,0,'2018-10-15 10:41:27',217),(19,218,234,136,264,0,'2018-10-15 10:42:52',217),(20,218,122,141,275,1,'2018-10-15 16:43:47',217),(21,218,123,141,275,1,'2018-10-15 16:43:47',217),(22,218,270,146,282,0,'2018-10-15 17:36:17',217),(23,218,274,148,283,0,'2018-10-15 17:43:04',217),(24,218,271,148,283,0,'2018-10-15 17:43:04',217),(25,218,123,148,283,0,'2018-10-15 18:34:13',217),(26,218,143,148,283,0,'2018-10-15 18:34:13',217),(27,234,143,148,283,0,'2018-10-15 18:34:13',217),(28,218,274,148,283,0,'2018-10-15 18:37:47',217),(29,217,143,148,283,0,'2018-10-15 18:45:41',217),(30,250,277,151,284,0,'2018-10-16 11:22:55',249),(31,250,159,151,284,0,'2018-10-16 16:07:53',249),(32,218,143,148,283,0,'2018-11-15 10:52:55',217),(33,250,287,155,293,0,'2018-11-16 17:25:39',217),(34,218,228,155,293,0,'2018-11-20 10:28:35',217),(35,218,286,155,293,0,'2018-11-20 16:34:10',217),(36,250,287,155,293,0,'2018-11-20 16:38:19',217),(37,218,122,144,281,1,'2018-11-20 16:51:12',217),(38,218,123,144,281,1,'2018-11-20 16:51:12',217),(39,218,270,146,282,0,'2018-12-03 10:44:53',217),(40,218,228,148,283,0,'2019-01-02 16:42:09',217),(41,217,178,186,353,0,'2019-01-18 20:18:28',300),(42,307,181,196,359,1,'2019-01-18 22:08:25',303),(43,307,181,196,359,1,'2019-01-18 22:08:25',303);

/*Table structure for table `patient_billing` */

DROP TABLE IF EXISTS `patient_billing`;

CREATE TABLE `patient_billing` (
  `b_id` int(11) NOT NULL AUTO_INCREMENT,
  `p_id` int(11) DEFAULT NULL,
  `patient_type` int(11) DEFAULT '1' COMMENT '1=ip;0=op',
  `visit_no` varchar(250) DEFAULT NULL,
  `visit_desc` varchar(250) DEFAULT NULL,
  `service_type` varchar(250) DEFAULT NULL,
  `service` varchar(250) DEFAULT NULL,
  `visit_type` varchar(250) DEFAULT NULL,
  `qty` varchar(250) DEFAULT NULL,
  `amount` varchar(250) DEFAULT NULL,
  `bill` varchar(250) DEFAULT NULL,
  `patient_payer_deposit_amount` varchar(250) DEFAULT NULL,
  `payment_mode` varchar(250) DEFAULT NULL,
  `bill_amount` varchar(250) DEFAULT NULL,
  `received_form` varchar(250) DEFAULT NULL,
  `treatment_id` varchar(250) DEFAULT NULL,
  `doct_id` varchar(250) DEFAULT NULL,
  `specialist_id` int(11) DEFAULT NULL,
  `completed` int(11) DEFAULT '0',
  `create_at` datetime DEFAULT NULL,
  `updated_at` datetime DEFAULT NULL,
  `doctor_status` int(11) DEFAULT '0',
  `assign_doctor_to` int(11) DEFAULT NULL,
  `assign_doctor_by` int(11) DEFAULT NULL,
  `completed_type` int(11) DEFAULT '0',
  `type` varchar(250) DEFAULT NULL,
  `create_by` int(11) DEFAULT NULL,
  `medicine_payment_mode` varchar(250) DEFAULT NULL,
  `payment_updated_by` int(11) DEFAULT '0',
  `payment_createed_by` datetime DEFAULT NULL,
  `report_completed` int(11) DEFAULT '0',
  `sheet_prescription` int(11) DEFAULT '0',
  `sheet_prescription_file` varchar(250) DEFAULT NULL,
  `coupon_code` varchar(250) DEFAULT NULL,
  `coupon_code_amount` varchar(250) DEFAULT NULL,
  `with_out_coupon_code` varchar(250) DEFAULT NULL,
  PRIMARY KEY (`b_id`)
) ENGINE=InnoDB AUTO_INCREMENT=360 DEFAULT CHARSET=latin1;

/*Data for the table `patient_billing` */

insert  into `patient_billing`(`b_id`,`p_id`,`patient_type`,`visit_no`,`visit_desc`,`service_type`,`service`,`visit_type`,`qty`,`amount`,`bill`,`patient_payer_deposit_amount`,`payment_mode`,`bill_amount`,`received_form`,`treatment_id`,`doct_id`,`specialist_id`,`completed`,`create_at`,`updated_at`,`doctor_status`,`assign_doctor_to`,`assign_doctor_by`,`completed_type`,`type`,`create_by`,`medicine_payment_mode`,`payment_updated_by`,`payment_createed_by`,`report_completed`,`sheet_prescription`,`sheet_prescription_file`,`coupon_code`,`coupon_code_amount`,`with_out_coupon_code`) values (231,134,NULL,NULL,NULL,NULL,NULL,NULL,NULL,NULL,NULL,'500','Cash','500','FATHER','119','198',123,1,'2018-07-16 16:23:49','2018-07-16 16:30:19',1,0,0,2,'new',198,NULL,0,NULL,0,0,NULL,NULL,NULL,NULL),(232,134,NULL,NULL,NULL,NULL,NULL,NULL,NULL,NULL,NULL,'500','Cash','500','FATHER','119','198',123,1,'2018-07-16 16:32:10','2018-07-16 16:32:45',1,0,0,1,'Repeated',198,NULL,0,NULL,0,0,NULL,NULL,NULL,NULL),(233,135,NULL,NULL,NULL,NULL,NULL,NULL,NULL,NULL,NULL,'500','Cash','500','raghu','121','208',128,1,'2018-07-26 12:21:30','2018-07-26 12:22:24',0,NULL,NULL,0,'new',NULL,NULL,0,NULL,0,0,NULL,NULL,NULL,NULL),(234,136,NULL,NULL,NULL,NULL,NULL,NULL,NULL,NULL,NULL,'500','Cash','500','RAGHU','129','207',132,1,'2018-07-26 17:46:29','2018-07-26 17:47:16',1,0,0,1,'new',207,'Cash Payment',216,'2018-08-18 12:14:34',0,0,NULL,NULL,NULL,NULL),(235,137,1,NULL,NULL,NULL,NULL,NULL,NULL,NULL,NULL,NULL,NULL,NULL,NULL,NULL,NULL,NULL,0,'2018-07-30 15:41:04',NULL,0,NULL,NULL,0,'new',NULL,NULL,0,NULL,0,0,NULL,NULL,NULL,NULL),(236,138,1,NULL,NULL,NULL,NULL,NULL,NULL,NULL,NULL,'500','Cash','500','raghu','122','209',131,1,'2018-08-01 12:11:34','2018-08-01 12:13:50',1,0,0,1,'new',209,'Cash Payment',216,'2018-09-11 13:35:53',0,0,NULL,NULL,NULL,NULL),(237,139,1,NULL,NULL,NULL,NULL,NULL,NULL,NULL,NULL,'500','Cash','500','raghu','122','209',131,1,'2018-08-06 11:22:35','2018-08-06 11:23:40',1,0,0,2,'new',209,NULL,0,NULL,0,0,NULL,NULL,NULL,NULL),(238,140,1,NULL,NULL,NULL,NULL,NULL,NULL,NULL,NULL,'500','Cash','500','raghu','129','207',132,1,'2018-08-08 10:36:48','2018-08-08 10:38:30',1,0,0,1,'new',207,'Cash Payment',216,'2018-08-28 19:20:58',0,0,NULL,NULL,NULL,NULL),(239,141,0,NULL,NULL,NULL,NULL,NULL,NULL,NULL,NULL,'5000','Cash','5000','RAGHU','122','209',131,1,'2018-08-18 11:31:00','2018-08-18 11:32:39',1,0,0,1,'new',209,'Swipe',216,'2018-09-20 12:45:39',0,1,NULL,NULL,NULL,NULL),(240,142,0,NULL,NULL,NULL,NULL,NULL,NULL,NULL,NULL,'500','Cash','445','RAM','129','207',132,1,'2018-08-18 11:34:27','2018-08-18 11:35:45',1,0,0,2,'new',207,NULL,0,NULL,0,1,NULL,NULL,NULL,NULL),(241,143,0,NULL,NULL,NULL,NULL,NULL,NULL,NULL,NULL,'5000','Cash','5000','raghu','132','214',135,1,'2018-08-18 11:40:49','2018-08-18 11:41:43',0,NULL,NULL,0,'new',NULL,NULL,0,NULL,0,0,NULL,NULL,NULL,NULL),(242,140,0,NULL,NULL,NULL,NULL,NULL,NULL,NULL,NULL,NULL,NULL,NULL,NULL,NULL,NULL,NULL,0,'2018-08-18 12:40:37',NULL,0,NULL,NULL,0,'Repeated',NULL,NULL,0,NULL,0,0,NULL,NULL,NULL,NULL),(243,144,0,NULL,NULL,NULL,NULL,NULL,NULL,NULL,NULL,'500','Cash','500','remya','122','209',131,1,'2018-09-03 14:26:26','2018-09-03 14:31:10',1,0,0,2,'new',209,NULL,0,NULL,1,1,NULL,NULL,NULL,NULL),(244,145,0,NULL,NULL,NULL,NULL,NULL,NULL,NULL,NULL,NULL,NULL,NULL,NULL,NULL,NULL,NULL,0,'2018-09-05 12:34:16',NULL,0,NULL,NULL,0,'new',NULL,NULL,0,NULL,0,0,NULL,NULL,NULL,NULL),(245,146,0,NULL,NULL,NULL,NULL,NULL,NULL,NULL,NULL,'600','Cash','600','ar','122','209',131,1,'2018-09-06 16:55:45','2018-09-06 17:06:29',1,0,0,2,'new',209,NULL,0,NULL,1,0,NULL,NULL,NULL,NULL),(246,146,0,NULL,NULL,NULL,NULL,NULL,NULL,NULL,NULL,'500','Cash','500','raghu','129','207',132,1,'2018-09-10 10:00:39','2018-09-10 10:01:33',1,0,0,1,'Repeated',207,'Cash Payment',216,'2018-09-19 17:17:21',0,0,NULL,NULL,NULL,NULL),(247,144,0,NULL,NULL,NULL,NULL,NULL,NULL,NULL,NULL,'500','Cash','500','anu','129','207',132,1,'2018-09-11 14:12:08','2018-09-11 14:14:22',1,209,207,3,'Reschedule',207,NULL,0,NULL,0,1,NULL,NULL,NULL,NULL),(248,141,0,NULL,NULL,NULL,NULL,NULL,NULL,NULL,NULL,'5000','Cash','5000','raghu','129','207',132,1,'2018-09-11 16:49:01','2018-09-11 16:49:37',1,0,0,1,'Reschedule',207,'Cash Payment',216,'2018-09-19 17:25:53',0,0,NULL,NULL,NULL,NULL),(249,140,0,NULL,NULL,NULL,NULL,NULL,NULL,NULL,NULL,'5000','Cash','5000','raghu','129','select',132,1,'2018-09-11 16:50:22','2018-09-11 16:52:52',0,NULL,NULL,0,'Repeated',NULL,NULL,0,NULL,0,0,NULL,'sun10','4005','4450'),(250,138,0,NULL,NULL,NULL,NULL,NULL,NULL,NULL,NULL,'600','Online','1000','ar','129','207',132,1,'2018-09-20 18:20:59','2018-09-20 18:22:02',1,0,0,1,'Reschedule',207,'Cash Payment',216,'2018-10-12 11:37:30',0,0,NULL,NULL,NULL,NULL),(251,136,0,NULL,NULL,NULL,NULL,NULL,NULL,NULL,NULL,'200','Cash','150','krupa','128','209',145,1,'2018-09-21 15:18:24','2018-09-21 15:19:56',1,0,0,1,'Reschedule',209,'Swipe',216,'2018-09-25 14:37:43',0,1,NULL,'srh','50','200'),(252,146,0,NULL,NULL,NULL,NULL,NULL,NULL,NULL,NULL,'500','Cash','500','raghu','129','207',132,1,'2018-09-25 11:01:50','2018-09-25 11:02:27',1,0,0,1,'Reschedule',207,'Swipe',216,'2018-09-25 11:04:47',0,0,NULL,NULL,NULL,NULL),(253,144,0,NULL,NULL,NULL,NULL,NULL,NULL,NULL,NULL,'400','Cash','400','raghu','129','207',132,1,'2018-09-25 11:44:29','2018-09-25 11:48:19',1,0,0,2,'Repeated',207,NULL,0,NULL,1,0,NULL,NULL,NULL,NULL),(254,144,0,NULL,NULL,NULL,NULL,NULL,NULL,NULL,NULL,'120','Cash','120','raghu','129','207',132,1,'2018-09-25 11:51:26','2018-09-25 11:52:04',1,0,0,1,'Reschedule',207,'Swipe',216,'2018-09-25 16:40:19',0,0,NULL,NULL,NULL,NULL),(255,146,0,NULL,NULL,NULL,NULL,NULL,NULL,NULL,NULL,'500','Cash','400','ar','129','207',132,1,'2018-09-25 16:45:51','2018-09-25 16:46:55',1,0,0,1,'Reschedule',207,'Cash Payment',216,'2018-09-27 09:19:21',0,0,NULL,'srh','50','450'),(256,144,0,NULL,NULL,NULL,NULL,NULL,NULL,NULL,NULL,'200','Cash','200','arya','128','209',145,1,'2018-09-25 17:11:13','2018-09-25 17:11:58',1,0,0,1,'Reschedule',209,'Swipe',216,'2018-09-27 11:40:01',0,0,NULL,NULL,NULL,NULL),(257,142,0,NULL,NULL,NULL,NULL,NULL,NULL,NULL,NULL,'500','Cash','500','raghu','129','207',132,1,'2018-09-26 15:55:10','2018-09-26 15:55:51',1,0,0,1,'Reschedule',207,'Swipe',216,'2018-09-26 16:01:10',0,0,NULL,NULL,NULL,NULL),(258,142,0,NULL,NULL,NULL,NULL,NULL,NULL,NULL,NULL,'500','Cash','500','raghu',NULL,NULL,NULL,1,'2018-09-27 11:21:39','2018-09-27 11:23:33',0,NULL,NULL,0,'Reschedule',NULL,NULL,0,NULL,0,0,NULL,NULL,NULL,NULL),(259,142,0,NULL,NULL,NULL,NULL,NULL,NULL,NULL,NULL,'500','Cash','500','raghu','129','207',132,1,'2018-09-27 11:26:08','2018-09-27 11:26:43',1,0,0,1,'Repeated',207,'Swipe',216,'2018-10-03 15:02:08',0,0,NULL,NULL,NULL,NULL),(260,139,0,NULL,NULL,NULL,NULL,NULL,NULL,NULL,NULL,'500','Cash','500','raghu','129','207',132,1,'2018-10-03 14:58:08','2018-10-03 14:58:40',1,0,0,1,'Reschedule',207,'Swipe',216,'2018-10-03 17:36:38',0,0,NULL,NULL,NULL,NULL),(261,146,0,NULL,NULL,NULL,NULL,NULL,NULL,NULL,NULL,'1000','Online','10','fdfd','129','207',132,1,'2018-10-03 17:33:47','2018-10-03 17:34:13',1,0,0,1,'Reschedule',207,'Swipe',216,'2018-10-03 17:38:39',0,0,NULL,NULL,NULL,NULL),(262,142,0,NULL,NULL,NULL,NULL,NULL,NULL,NULL,NULL,'500','Online','500','as','128','209',145,1,'2018-10-04 18:08:15','2018-10-04 18:09:07',1,0,0,2,'Reschedule',209,NULL,0,NULL,1,0,NULL,NULL,NULL,NULL),(263,147,0,NULL,NULL,NULL,NULL,NULL,NULL,NULL,NULL,'400','Cash','40','renu','128','209',145,1,'2018-10-08 10:24:45','2018-10-08 10:25:41',1,0,0,2,'new',209,NULL,0,NULL,1,0,NULL,NULL,NULL,NULL),(264,136,0,NULL,NULL,NULL,NULL,NULL,NULL,NULL,NULL,'600','Cash','600','sr','129','207',132,1,'2018-10-08 10:45:36','2018-10-08 10:47:38',1,0,0,2,'Repeated',207,NULL,0,NULL,0,0,NULL,NULL,NULL,NULL),(265,144,0,NULL,NULL,NULL,NULL,NULL,NULL,NULL,NULL,'500','Cash','500','raghu','129','207',132,1,'2018-10-08 14:25:31','2018-10-08 14:26:12',1,0,0,2,'Reschedule',207,'Swipe',216,'2018-10-12 11:38:15',0,0,NULL,NULL,NULL,NULL),(266,147,0,NULL,NULL,NULL,NULL,NULL,NULL,NULL,NULL,NULL,NULL,NULL,NULL,'128','209',145,0,'2018-10-08 16:20:13',NULL,1,0,0,1,'Reschedule',209,'Swipe',216,'2018-10-13 11:41:44',0,0,NULL,NULL,NULL,NULL),(267,147,0,NULL,NULL,NULL,NULL,NULL,NULL,NULL,NULL,'500','Cash','-350','anu','128','209',145,1,'2018-10-10 16:13:31','2018-10-10 16:17:01',1,0,0,1,'Reschedule',209,'Other',216,'2018-10-15 18:59:59',0,1,NULL,'srh','50','-300'),(268,146,0,NULL,NULL,NULL,NULL,NULL,NULL,NULL,NULL,'500','Cash','-100','anu','129','207',132,1,'2018-10-10 16:18:17','2018-10-10 16:19:54',1,0,0,1,'Reschedule',207,'Cash Payment',216,'2018-10-13 13:21:48',0,1,NULL,'srh','50','-50'),(269,148,0,NULL,NULL,NULL,NULL,NULL,NULL,NULL,NULL,'600','Cash','500','anu','128','209',145,1,'2018-10-10 17:38:53','2018-10-10 17:40:02',1,0,0,1,'new',209,'Cash Payment',216,'2018-10-10 17:48:43',0,0,NULL,NULL,NULL,NULL),(270,148,0,NULL,NULL,NULL,NULL,NULL,NULL,NULL,NULL,'500','Cash','400','anu','128','209',145,1,'2018-10-10 17:49:44','2018-10-10 17:50:16',1,0,0,1,'Reschedule',209,'Swipe',216,'2018-10-10 17:53:27',0,0,NULL,NULL,NULL,NULL),(271,148,0,NULL,NULL,NULL,NULL,NULL,NULL,NULL,NULL,NULL,NULL,NULL,NULL,'129','207',132,0,'2018-10-11 12:19:32',NULL,1,209,207,3,'Reschedule',207,NULL,0,NULL,0,0,NULL,'srh','50','450'),(272,149,0,NULL,NULL,NULL,NULL,NULL,NULL,NULL,NULL,NULL,NULL,NULL,NULL,'124','211',125,0,'2018-10-12 12:19:29',NULL,0,NULL,NULL,0,'new',NULL,NULL,0,NULL,0,0,NULL,NULL,NULL,NULL),(273,144,0,NULL,NULL,NULL,NULL,NULL,NULL,NULL,NULL,'500','Cash','500','ar','129','207',132,1,'2018-10-12 18:23:30','2018-10-12 18:24:14',1,0,0,1,'Reschedule',207,'Cash Payment',216,'2018-10-15 19:07:26',0,1,NULL,NULL,NULL,NULL),(274,147,0,NULL,NULL,NULL,NULL,NULL,NULL,NULL,NULL,'500','Cash','500','raghu','129','select',132,1,'2018-10-13 11:28:21','2018-10-13 11:32:24',0,NULL,NULL,0,'Reschedule',NULL,NULL,0,NULL,0,0,NULL,'srh','50','500'),(275,141,0,NULL,NULL,NULL,NULL,NULL,NULL,NULL,NULL,NULL,NULL,NULL,NULL,'129','209',132,0,'2018-10-13 11:33:05',NULL,1,0,0,2,'Repeated',209,NULL,0,NULL,0,0,NULL,'sr100','425','500'),(276,150,0,NULL,NULL,NULL,NULL,NULL,NULL,NULL,NULL,NULL,NULL,NULL,NULL,NULL,NULL,NULL,0,'2018-10-13 12:33:06',NULL,0,NULL,NULL,0,'new',NULL,NULL,0,NULL,0,0,NULL,NULL,NULL,NULL),(277,148,0,NULL,NULL,NULL,NULL,NULL,NULL,NULL,NULL,'250','Online','250','ammu','137','select',146,1,'2018-10-15 10:02:26','2018-10-15 10:04:04',0,NULL,NULL,0,'Reschedule',NULL,NULL,0,NULL,0,0,NULL,NULL,NULL,NULL),(278,136,0,NULL,NULL,NULL,NULL,NULL,NULL,NULL,NULL,'400','Cash','400','renu','128','209',145,1,'2018-10-15 10:06:22','2018-10-15 10:06:46',1,0,0,2,'Reschedule',209,NULL,0,NULL,0,0,NULL,NULL,NULL,NULL),(279,140,0,NULL,NULL,NULL,NULL,NULL,NULL,NULL,NULL,'500','Cash','500','ar','128','209',145,1,'2018-10-15 10:35:05','2018-10-15 10:35:31',1,0,0,1,'Repeated',209,'Other',216,'2018-11-14 12:56:53',0,1,'0.254407001542180384Book1.xlsx',NULL,NULL,NULL),(280,139,0,NULL,NULL,NULL,NULL,NULL,NULL,NULL,NULL,'250','Cash','250','ar','137','209',146,1,'2018-10-15 16:19:32','2018-10-15 16:19:55',1,0,0,2,'Reschedule',209,NULL,0,NULL,0,0,NULL,NULL,NULL,NULL),(281,144,0,NULL,NULL,NULL,NULL,NULL,NULL,NULL,NULL,'200','Cash','200','ar','137','209',146,1,'2018-10-15 16:38:26','2018-10-15 16:39:02',1,0,0,2,'Reschedule',209,'Swipe',216,'2018-11-19 17:16:24',0,0,NULL,NULL,NULL,NULL),(282,146,0,NULL,NULL,NULL,NULL,NULL,NULL,NULL,NULL,'500','Cash','500','ar','137','209',146,1,'2018-10-15 17:22:16','2018-10-15 17:22:36',1,0,0,2,'Reschedule',209,NULL,0,NULL,0,0,NULL,NULL,NULL,NULL),(283,148,0,NULL,NULL,NULL,NULL,NULL,NULL,NULL,NULL,'200','Cash','200','ar','128','209',145,1,'2018-10-15 17:39:53','2018-10-15 17:40:13',1,0,0,2,'Reschedule',209,NULL,0,NULL,0,0,NULL,NULL,NULL,NULL),(284,151,0,NULL,NULL,NULL,NULL,NULL,NULL,NULL,NULL,'500','Cash','500','as','143','252',148,1,'2018-10-16 10:59:17','2018-10-16 11:00:54',1,0,0,2,'new',252,NULL,0,NULL,0,0,NULL,NULL,NULL,NULL),(285,152,0,NULL,NULL,NULL,NULL,NULL,NULL,NULL,NULL,'600','Cash','600','renu','142','252',147,1,'2018-10-16 11:33:01','2018-10-16 11:33:42',1,0,0,2,'new',252,NULL,0,NULL,0,0,NULL,NULL,NULL,NULL),(286,148,0,NULL,NULL,NULL,NULL,NULL,NULL,NULL,NULL,'1000','Cash','10','fdfd','129','207',132,1,'2018-10-24 16:35:45','2018-10-24 16:36:38',1,0,0,1,'Reschedule',207,'Cash Payment',216,'2018-10-31 17:29:51',0,0,NULL,NULL,NULL,NULL),(287,153,0,NULL,NULL,NULL,NULL,NULL,NULL,NULL,NULL,'300','Cash','300','bhavya','130','207',133,1,'2018-10-31 17:36:50','2018-10-31 17:38:09',1,0,0,2,'new',207,NULL,0,NULL,1,0,NULL,NULL,NULL,NULL),(288,153,0,NULL,NULL,NULL,NULL,NULL,NULL,NULL,NULL,'500','Cash','500','raghu','129','207',132,1,'2018-11-03 13:40:58','2018-11-03 13:42:32',1,0,0,1,'Reschedule',207,'Swipe',216,'2018-11-14 14:53:02',0,0,NULL,'fg','0','500'),(289,153,0,NULL,NULL,NULL,NULL,NULL,NULL,NULL,NULL,'300','Cash','300','arya','128','209',145,1,'2018-11-14 13:18:15','2018-11-14 13:19:07',1,0,0,1,'Reschedule',209,'Cash Payment',216,'2018-11-15 10:50:21',0,0,NULL,NULL,NULL,NULL),(290,146,0,NULL,NULL,NULL,NULL,NULL,NULL,NULL,NULL,'250','Cash','250','arya','129','207',132,1,'2018-11-14 13:24:15','2018-11-14 13:25:53',1,0,0,1,'Reschedule',207,'Cash Payment',216,'2018-11-14 14:29:37',0,0,NULL,NULL,NULL,NULL),(291,153,0,NULL,NULL,NULL,NULL,NULL,NULL,NULL,NULL,'500','Cash','500','RAGHU','128','209',145,1,'2018-11-15 10:43:12','2018-11-15 10:44:10',1,0,0,1,'Reschedule',209,'Swipe',216,'2018-11-16 16:09:51',0,0,NULL,NULL,NULL,NULL),(292,154,0,NULL,NULL,NULL,NULL,NULL,NULL,NULL,NULL,NULL,NULL,NULL,NULL,NULL,NULL,NULL,0,'2018-11-16 13:12:21',NULL,0,NULL,NULL,0,'new',NULL,NULL,0,NULL,0,0,NULL,NULL,NULL,NULL),(293,155,0,NULL,NULL,NULL,NULL,NULL,NULL,NULL,NULL,'500','Cash','500','anu','128','209',145,1,'2018-11-16 16:11:54','2018-11-16 16:14:47',1,0,0,2,'new',209,NULL,0,NULL,1,0,NULL,NULL,NULL,NULL),(294,140,0,NULL,NULL,NULL,NULL,NULL,NULL,NULL,NULL,'500','Online','500','raghu','129','207',132,1,'2018-11-19 11:35:21','2018-11-19 11:35:59',1,0,0,1,'Repeated',207,'Swipe',216,'2018-11-19 11:37:24',0,0,NULL,NULL,NULL,NULL),(295,146,0,NULL,NULL,NULL,NULL,NULL,NULL,NULL,NULL,'500','Cash','500','raghu','129','207',132,1,'2018-11-19 11:39:39','2018-11-19 11:40:05',1,0,0,1,'Reschedule',207,'Other',216,'2018-11-20 10:24:40',0,0,NULL,NULL,NULL,NULL),(296,156,0,NULL,NULL,NULL,NULL,NULL,NULL,NULL,NULL,'250','Online','250','arya','148','261',153,1,'2018-11-19 12:19:36','2018-11-19 12:20:44',0,NULL,NULL,0,'new',NULL,NULL,0,NULL,0,0,NULL,NULL,NULL,NULL),(297,155,0,NULL,NULL,NULL,NULL,NULL,NULL,NULL,NULL,'500','Online','450','anu','129','207',132,1,'2018-11-19 13:27:54','2018-11-19 13:31:16',1,0,0,1,'Reschedule',207,'Cash Payment',216,'2018-11-19 15:01:06',0,0,NULL,'SUN10','450','500'),(298,141,0,NULL,NULL,NULL,NULL,NULL,NULL,NULL,NULL,'200','Other','200','adhya','128','209',145,1,'2018-11-19 16:08:09','2018-11-19 16:11:45',1,0,0,1,'Reschedule',209,'Swipe',216,'2018-11-19 17:35:09',0,0,NULL,NULL,NULL,NULL),(299,157,0,NULL,NULL,NULL,NULL,NULL,NULL,NULL,NULL,'2500','Online','2500','reception','128','209',145,1,'2018-11-19 16:27:19','2018-11-19 16:28:18',1,0,0,1,'new',209,'Swipe',216,'2018-11-19 18:24:45',0,0,NULL,NULL,NULL,NULL),(300,158,0,NULL,NULL,NULL,NULL,NULL,NULL,NULL,NULL,'500','Cash','500','recp','128','209',145,1,'2018-11-19 16:29:21','2018-11-19 16:30:13',1,0,0,1,'new',209,'Cash Payment',216,'2018-11-19 18:28:42',0,0,NULL,NULL,NULL,NULL),(301,159,0,NULL,NULL,NULL,NULL,NULL,NULL,NULL,NULL,'300','Cash','300','arya','137','209',146,1,'2018-11-20 11:46:25','2018-11-20 11:47:29',1,0,0,1,'new',209,'Swipe',216,'2018-11-21 09:31:19',0,0,NULL,NULL,NULL,NULL),(302,159,0,NULL,NULL,NULL,NULL,NULL,NULL,NULL,NULL,'750','Cash','675','anu','129','207',132,1,'2018-11-21 10:02:48','2018-11-21 10:03:54',1,0,0,1,'Reschedule',207,'Cash Payment',216,'2018-11-21 10:35:49',0,0,NULL,'sun10','675','750'),(303,159,0,NULL,NULL,NULL,NULL,NULL,NULL,NULL,NULL,'750','Online','675','anu','128','209',145,1,'2018-11-21 10:14:02','2018-11-21 10:14:59',1,0,0,1,'Reschedule',209,'Swipe',216,'2018-11-21 10:36:32',0,0,NULL,'sun10','675','750'),(304,155,0,NULL,NULL,NULL,NULL,NULL,NULL,NULL,NULL,'500','Cash','500','raghu','129','207',132,1,'2018-11-21 10:29:38','2018-11-21 10:30:08',1,0,0,1,'Repeated',207,'Cash Payment',216,'2018-11-21 10:33:05',0,0,NULL,NULL,NULL,NULL),(305,147,0,NULL,NULL,NULL,NULL,NULL,NULL,NULL,NULL,'600','Cash','600','raghu','137','209',146,1,'2018-11-21 10:41:57','2018-11-21 10:43:53',1,0,0,1,'Reschedule',209,'Swipe',216,'2018-11-21 10:53:52',0,0,NULL,NULL,NULL,NULL),(306,153,0,NULL,NULL,NULL,NULL,NULL,NULL,NULL,NULL,'500','Cash','500','raghu','137','209',146,1,'2018-11-21 10:55:06','2018-11-21 10:56:09',1,0,0,1,'Repeated',209,'Cash Payment',216,'2018-11-26 15:12:04',0,0,NULL,NULL,NULL,NULL),(307,157,0,NULL,NULL,NULL,NULL,NULL,NULL,NULL,NULL,'500','Cash','500','Raghu','137','209',146,1,'2018-11-26 15:00:12','2018-11-26 15:01:01',1,0,0,1,'Repeated',209,'Cash Payment',216,'2018-12-03 10:42:14',0,0,NULL,NULL,NULL,NULL),(308,155,0,NULL,NULL,NULL,NULL,NULL,NULL,NULL,NULL,'500','Online','500','Raghu','129','207',132,1,'2018-11-26 15:25:23','2018-11-26 15:25:58',1,0,0,1,'Reschedule',207,'Swipe',216,'2018-11-26 15:43:56',0,0,NULL,NULL,NULL,NULL),(309,142,0,NULL,NULL,NULL,NULL,NULL,NULL,NULL,NULL,'500','Cash','500','Raghu','129','207',132,1,'2018-11-26 15:27:53','2018-11-26 15:29:15',1,0,0,1,'Reschedule',207,'Cash Payment',216,'2018-11-26 16:43:25',0,0,NULL,NULL,NULL,NULL),(310,160,0,NULL,NULL,NULL,NULL,NULL,NULL,NULL,NULL,'2500','Cash','2500','reception','119','198',123,1,'2018-11-28 19:14:36','2018-11-28 19:16:12',0,NULL,NULL,0,'new',NULL,NULL,0,NULL,0,0,NULL,NULL,NULL,NULL),(311,161,0,NULL,NULL,NULL,NULL,NULL,NULL,NULL,NULL,'250','Cash','250','saradhi','152','274',157,1,'2018-11-29 20:25:55','2018-11-29 20:26:59',1,0,0,1,'new',274,'Swipe',272,'2018-11-29 20:44:42',0,0,NULL,NULL,NULL,NULL),(312,161,0,NULL,NULL,NULL,NULL,NULL,NULL,NULL,NULL,'500','Cash','500','saradhi','152','274',157,1,'2018-11-29 20:49:27','2018-11-29 20:50:03',1,0,0,2,'Reschedule',274,NULL,0,NULL,0,0,NULL,NULL,NULL,NULL),(313,162,0,NULL,NULL,NULL,NULL,NULL,NULL,NULL,NULL,NULL,NULL,NULL,NULL,NULL,NULL,NULL,0,'2018-12-02 17:55:59',NULL,0,NULL,NULL,0,'new',NULL,NULL,0,NULL,0,0,NULL,NULL,NULL,NULL),(314,162,0,NULL,NULL,NULL,NULL,NULL,NULL,NULL,NULL,'250','Cash','250','sravan','153','280',158,1,'2018-12-02 17:57:01','2018-12-02 17:57:57',1,0,0,1,'Reschedule',280,'Swipe',277,'2018-12-02 18:30:51',0,0,NULL,NULL,NULL,NULL),(315,163,0,NULL,NULL,NULL,NULL,NULL,NULL,NULL,NULL,'500','Cash','500','sravan','153','280',158,1,'2018-12-02 18:00:46','2018-12-02 18:01:33',1,0,0,2,'new',280,NULL,0,NULL,1,0,NULL,NULL,NULL,NULL),(316,163,0,NULL,NULL,NULL,NULL,NULL,NULL,NULL,NULL,'120','Online','120','sravan','153','280',158,1,'2018-12-02 18:35:58','2018-12-02 18:36:39',0,NULL,NULL,0,'Repeated',NULL,NULL,0,NULL,0,0,NULL,NULL,NULL,NULL),(317,153,0,NULL,NULL,NULL,NULL,NULL,NULL,NULL,NULL,'500','Cash','500','Raghu','129','207',132,1,'2018-12-03 10:34:55','2018-12-03 10:35:26',1,0,0,2,'Repeated',207,NULL,0,NULL,0,0,NULL,NULL,NULL,NULL),(318,164,0,NULL,NULL,NULL,NULL,NULL,NULL,NULL,NULL,'2500','Online','2500','reception','128','209',145,1,'2018-12-10 14:15:37','2018-12-10 14:31:35',1,0,0,1,'new',209,'Cash Payment',216,'2019-01-02 16:28:51',0,0,NULL,'fg','0','2500'),(319,165,0,NULL,NULL,NULL,NULL,NULL,NULL,NULL,NULL,'2500','Cash','2000','vasudevareddy','128','209',145,1,'2018-12-27 15:02:25','2018-12-27 15:02:53',0,NULL,NULL,0,'new',NULL,NULL,0,NULL,0,1,NULL,NULL,NULL,NULL),(320,166,0,NULL,NULL,NULL,NULL,NULL,NULL,NULL,NULL,NULL,NULL,NULL,NULL,NULL,NULL,NULL,0,'2018-12-27 15:18:32',NULL,0,NULL,NULL,0,'new',NULL,NULL,0,NULL,0,0,NULL,NULL,NULL,NULL),(321,167,0,NULL,NULL,NULL,NULL,NULL,NULL,NULL,NULL,'500','Cash','450','Raghu','129','207',132,1,'2018-12-27 15:20:51','2018-12-27 15:22:21',1,0,0,1,'new',207,'Swipe',216,'2019-01-08 09:22:14',0,0,NULL,NULL,NULL,NULL),(322,168,0,NULL,NULL,NULL,NULL,NULL,NULL,NULL,NULL,'500','Online','500','anu','128','209',145,1,'2018-12-27 17:53:18','2018-12-27 17:55:32',0,NULL,NULL,0,'new',NULL,NULL,0,NULL,0,0,NULL,NULL,NULL,NULL),(323,169,1,'7875478','dfgh','dsfg',NULL,'sdfgh',NULL,NULL,NULL,NULL,NULL,NULL,NULL,'128','209',145,0,'2018-12-27 18:06:23',NULL,0,NULL,NULL,0,'new',NULL,NULL,0,NULL,0,0,NULL,NULL,NULL,NULL),(324,170,0,NULL,NULL,NULL,NULL,NULL,NULL,NULL,NULL,NULL,NULL,NULL,NULL,'128','209',145,0,'2018-12-28 11:15:15',NULL,0,NULL,NULL,0,'new',NULL,NULL,0,NULL,0,0,NULL,NULL,NULL,NULL),(325,171,0,NULL,NULL,NULL,NULL,NULL,NULL,NULL,NULL,NULL,NULL,NULL,NULL,'128','209',145,0,'2018-12-28 16:42:31',NULL,0,NULL,NULL,0,'new',NULL,NULL,0,NULL,0,0,NULL,NULL,NULL,NULL),(326,171,0,NULL,NULL,NULL,NULL,NULL,NULL,NULL,NULL,'1000','Cash','1000','raghu','129','207',132,1,'2018-12-31 10:02:53','2018-12-31 10:04:56',0,NULL,NULL,0,'Reschedule',NULL,NULL,0,NULL,0,0,NULL,NULL,NULL,NULL),(327,172,0,NULL,NULL,NULL,NULL,NULL,NULL,NULL,NULL,'500','Cash','450','anu','151','269',156,1,'2018-12-31 11:49:51','2018-12-31 12:18:20',0,NULL,NULL,0,'new',NULL,NULL,0,NULL,0,0,NULL,NULL,NULL,NULL),(328,173,0,NULL,NULL,NULL,NULL,NULL,NULL,NULL,NULL,NULL,NULL,NULL,NULL,'128','209',145,0,'2018-12-31 12:20:35',NULL,0,NULL,NULL,0,'new',NULL,NULL,0,NULL,0,0,NULL,NULL,NULL,NULL),(329,174,0,NULL,NULL,NULL,NULL,NULL,NULL,NULL,NULL,NULL,NULL,NULL,NULL,'128','209',145,0,'2018-12-31 15:02:51',NULL,0,NULL,NULL,0,'new',NULL,NULL,0,NULL,0,0,NULL,NULL,NULL,NULL),(330,175,0,NULL,NULL,NULL,NULL,NULL,NULL,NULL,NULL,NULL,NULL,NULL,NULL,'129','207',132,0,'2019-01-02 11:56:32',NULL,1,0,0,1,'new',207,'Swipe',216,'2019-01-02 14:57:05',0,0,NULL,NULL,NULL,NULL),(331,176,0,NULL,NULL,NULL,NULL,NULL,NULL,NULL,NULL,'200','Cash','200','anu','137','209',146,1,'2019-01-02 12:49:41','2019-01-02 12:52:53',0,NULL,NULL,0,'new',NULL,NULL,0,NULL,0,0,NULL,'SU58op365','0','200'),(332,177,0,NULL,NULL,NULL,NULL,NULL,NULL,NULL,NULL,'200','Cash','180','anu','137','209',146,1,'2019-01-02 13:04:09','2019-01-02 13:06:08',1,269,209,3,'new',209,NULL,0,NULL,0,1,NULL,'SU58op365','20','180'),(333,178,0,NULL,NULL,NULL,NULL,NULL,NULL,NULL,NULL,'150','Cash','138','arya','143','252',148,1,'2019-01-02 14:15:40','2019-01-02 14:16:45',0,NULL,NULL,0,'new',NULL,NULL,0,NULL,0,0,NULL,'RE70op366','12','138'),(334,179,0,NULL,NULL,NULL,NULL,NULL,NULL,NULL,NULL,NULL,NULL,NULL,NULL,'129','207',132,0,'2019-01-03 16:25:10',NULL,0,NULL,NULL,0,'new',NULL,NULL,0,NULL,0,0,NULL,NULL,NULL,NULL),(335,180,0,NULL,NULL,NULL,NULL,NULL,NULL,NULL,NULL,NULL,NULL,NULL,NULL,'129','207',132,0,'2019-01-03 17:33:29',NULL,1,0,0,1,'new',207,'Cash Payment',216,'2019-01-08 15:27:54',0,0,NULL,NULL,NULL,NULL),(336,181,0,NULL,NULL,NULL,NULL,NULL,NULL,NULL,NULL,'300','Cash','270','anu','151','266',156,1,'2019-01-04 11:23:13','2019-01-04 11:25:00',0,NULL,NULL,0,'new',NULL,NULL,0,NULL,0,0,NULL,'SU58op371','30','270'),(337,179,0,NULL,NULL,NULL,NULL,NULL,NULL,NULL,NULL,'500','Cash','500','raghu','129','207',132,1,'2019-01-08 09:16:21','2019-01-08 09:16:42',0,NULL,NULL,0,'Reschedule',NULL,NULL,0,NULL,0,0,NULL,'','0','500'),(338,182,0,NULL,NULL,NULL,NULL,NULL,NULL,NULL,NULL,'500','Online','500','raghu','129','207',132,1,'2019-01-10 12:45:24','2019-01-10 12:45:56',0,NULL,NULL,0,'new',NULL,NULL,0,NULL,0,0,NULL,'','0','500'),(339,182,0,NULL,NULL,NULL,NULL,NULL,NULL,NULL,NULL,'500','Cash','450','Raghu','137','select',146,1,'2019-01-10 12:46:50','2019-01-10 12:47:32',0,NULL,NULL,0,'Reschedule',NULL,NULL,0,NULL,0,0,NULL,'','50','450'),(340,183,0,NULL,NULL,NULL,NULL,NULL,NULL,NULL,NULL,'2500','Cash','','recpetion','128','209',145,1,'2019-01-10 19:13:49',NULL,0,NULL,NULL,0,'new',NULL,NULL,0,NULL,0,0,NULL,NULL,NULL,NULL),(341,183,0,NULL,NULL,NULL,NULL,NULL,NULL,NULL,NULL,'5000','Other','','recpetion','129','207',132,0,'2019-01-10 19:14:53',NULL,0,NULL,NULL,0,'Reschedule',NULL,NULL,0,NULL,0,0,NULL,NULL,NULL,NULL),(342,184,0,NULL,NULL,NULL,NULL,NULL,NULL,NULL,NULL,'450','Cash','','vasudevareddy','129','207',132,1,'2019-01-11 10:59:01',NULL,0,NULL,NULL,0,'new',NULL,NULL,0,NULL,0,0,NULL,NULL,NULL,NULL),(343,185,0,NULL,NULL,NULL,NULL,NULL,NULL,NULL,NULL,'500','Cash','','Raghu','129','207',132,1,'2019-01-13 17:29:03',NULL,1,NULL,NULL,2,'new',NULL,NULL,0,NULL,0,0,NULL,NULL,NULL,NULL),(344,186,0,NULL,NULL,NULL,NULL,NULL,NULL,NULL,NULL,'500','Cash','','Raghu','155','299',159,1,'2019-01-17 12:14:08',NULL,1,NULL,NULL,1,'new',NULL,'Swipe',216,'2019-01-18 10:34:39',0,0,NULL,NULL,NULL,NULL),(345,187,0,NULL,NULL,NULL,NULL,NULL,NULL,NULL,NULL,'2500','Cash','','vasu','155','299',159,1,'2019-01-17 12:33:04',NULL,1,NULL,NULL,1,'new',NULL,'Cash Payment',297,'2019-01-17 18:20:35',0,0,NULL,NULL,NULL,NULL),(346,188,0,NULL,NULL,NULL,NULL,NULL,NULL,NULL,NULL,'2500','Online','','vasu','155','299',159,1,'2019-01-17 12:48:44',NULL,1,NULL,NULL,2,'new',NULL,NULL,0,NULL,1,0,NULL,NULL,NULL,NULL),(347,189,0,NULL,NULL,NULL,NULL,NULL,NULL,NULL,NULL,'1500','Cash','','vasu','155','299',159,1,'2019-01-17 12:50:11',NULL,1,NULL,NULL,1,'new',NULL,'Swipe',297,'2019-01-18 15:25:28',0,0,NULL,NULL,NULL,NULL),(348,190,0,NULL,NULL,NULL,NULL,NULL,NULL,NULL,NULL,'300','Cash','','300','155','299',159,1,'2019-01-17 15:37:39',NULL,1,NULL,NULL,2,'new',NULL,'Swipe',297,'2019-01-18 15:31:04',1,0,NULL,NULL,NULL,NULL),(349,191,0,NULL,NULL,NULL,NULL,NULL,NULL,NULL,NULL,'500','Cash','','anu','155','299',159,1,'2019-01-17 16:20:35',NULL,1,NULL,NULL,1,'new',NULL,NULL,0,NULL,0,0,NULL,NULL,NULL,NULL),(350,189,0,NULL,NULL,NULL,NULL,NULL,NULL,NULL,NULL,'500','Online','','anu','155','299',159,0,'2019-01-17 17:12:55',NULL,1,NULL,NULL,1,'Reschedule',NULL,'Swipe',297,'2019-01-18 16:31:30',0,0,NULL,NULL,NULL,NULL),(351,192,0,NULL,NULL,NULL,NULL,NULL,NULL,NULL,NULL,'500','Online','','arya','155','299',159,1,'2019-01-17 17:14:11',NULL,1,NULL,NULL,2,'new',NULL,NULL,0,NULL,0,0,NULL,NULL,NULL,NULL),(352,193,0,NULL,NULL,NULL,NULL,NULL,NULL,NULL,NULL,'500','Cash','','anu','155','299',NULL,1,'2019-01-18 15:13:48',NULL,1,NULL,NULL,1,'new',NULL,'Swipe',297,'2019-01-18 15:24:52',0,0,NULL,NULL,NULL,NULL),(353,186,0,NULL,NULL,NULL,NULL,NULL,NULL,NULL,NULL,'500','Cash','','anu','155','299',0,0,'2019-01-18 15:40:47',NULL,1,NULL,NULL,2,'Reschedule',NULL,'Swipe',297,'2019-01-18 16:33:08',0,0,NULL,NULL,NULL,NULL),(354,186,0,NULL,NULL,NULL,NULL,NULL,NULL,NULL,NULL,'500','Cash','','anu','155','299',0,0,'2019-01-18 15:41:44',NULL,1,NULL,NULL,2,'Repeated',NULL,NULL,0,NULL,1,0,NULL,NULL,NULL,NULL),(355,194,0,NULL,NULL,NULL,NULL,NULL,NULL,NULL,NULL,'500','Cash','','anu','155','299',NULL,1,'2019-01-18 15:45:13',NULL,1,NULL,NULL,2,'new',NULL,NULL,0,NULL,0,0,NULL,NULL,NULL,NULL),(356,185,0,NULL,NULL,NULL,NULL,NULL,NULL,NULL,NULL,'2500','Cash','','recpetion','129','207',0,0,'2019-01-18 18:31:48',NULL,0,NULL,NULL,0,'Reschedule',NULL,NULL,0,NULL,0,0,NULL,NULL,NULL,NULL),(357,185,0,NULL,NULL,NULL,NULL,NULL,NULL,NULL,NULL,'100','Cash','','rep','129','207',0,1,'2019-01-18 18:35:05',NULL,0,NULL,NULL,0,'Reschedule',NULL,NULL,0,NULL,0,0,NULL,NULL,NULL,NULL),(358,195,0,NULL,NULL,NULL,NULL,NULL,NULL,NULL,NULL,'2500','Cash','','recpetion','156','304',NULL,1,'2019-01-18 21:56:36',NULL,0,NULL,NULL,0,'new',NULL,NULL,0,NULL,0,0,NULL,NULL,NULL,NULL),(359,196,0,NULL,NULL,NULL,NULL,NULL,NULL,NULL,NULL,'500','Cash','','vasudevareddy','156','304',NULL,1,'2019-01-18 21:57:20',NULL,1,NULL,NULL,2,'new',NULL,NULL,0,NULL,1,0,NULL,NULL,NULL,NULL);

/*Table structure for table `patient_lab_reports` */

DROP TABLE IF EXISTS `patient_lab_reports`;

CREATE TABLE `patient_lab_reports` (
  `id` int(11) NOT NULL AUTO_INCREMENT,
  `test_id` varchar(250) DEFAULT NULL,
  `p_id` int(11) DEFAULT NULL,
  `b_id` int(11) DEFAULT NULL,
  `hos_id` int(11) DEFAULT NULL,
  `problem` varchar(250) DEFAULT NULL,
  `symptoms` varchar(250) DEFAULT NULL,
  `image` varchar(250) DEFAULT NULL,
  `create_at` datetime DEFAULT NULL,
  `status` int(11) DEFAULT '1',
  `create_by` int(11) DEFAULT NULL,
  PRIMARY KEY (`id`)
) ENGINE=InnoDB AUTO_INCREMENT=37 DEFAULT CHARSET=latin1;

/*Data for the table `patient_lab_reports` */

insert  into `patient_lab_reports`(`id`,`test_id`,`p_id`,`b_id`,`hos_id`,`problem`,`symptoms`,`image`,`create_at`,`status`,`create_by`) values (1,'119',146,245,58,'no','no','1536313298.docx','2018-09-07 15:11:38',1,217),(2,'124',146,245,0,'no','no','1536313664.docx','2018-09-07 15:17:44',1,218),(3,'122',146,245,0,'no','no','1536313770.docx','2018-09-07 15:19:29',1,218),(6,'120',144,243,58,'test','tst','1536571818.xlsx','2018-09-10 15:00:18',1,217),(9,'117',144,243,58,'test ','pains','1536572778.docx','2018-09-10 15:16:17',1,217),(10,'122',144,243,0,'test','test','1536581701.docx','2018-09-10 17:45:01',1,234),(11,'120',144,253,58,'no','no','1537856437.docx','2018-09-25 11:50:37',1,217),(12,'117',147,263,58,'tst','tst','1538974826.docx','2018-10-08 10:30:25',1,217),(13,'120',147,263,58,'test','test','1538974866.xlsx','2018-10-08 10:31:05',1,217),(14,'122',147,263,0,'no','no','1539336264.xlsx','2018-10-12 14:54:23',1,218),(15,'122',142,262,0,'no','no','1539336558.xlsx','2018-10-12 14:59:18',1,218),(16,'123',144,243,0,'nop','bvc','1539340590.docx','2018-10-12 16:06:29',1,218),(17,'149',148,283,58,'2','2','1540457546.docx','2018-10-25 14:22:25',1,217),(18,'155',153,287,58,'tst','tst','1540988145.docx','2018-10-31 17:45:45',1,217),(19,'158',155,293,0,'tst','tst','1542369411.docx','2018-11-16 17:26:50',1,250),(20,'120',155,293,58,'test','test','1542369522.xlsx','2018-11-16 17:28:42',1,217),(21,'123',155,293,0,'gf','bg','1542712010.xlsx','2018-11-20 16:36:50',1,218),(22,'149',155,293,58,'tst','tst','1542712479.docx','2018-11-20 16:44:38',1,217),(23,'122',144,281,0,'test','test','1542713008.xlsx','2018-11-20 16:53:27',1,218),(24,'123',144,281,0,'test','test','1542713027.xlsx','2018-11-20 16:53:47',1,218),(25,'122',141,275,0,'test','test','1542713114.xlsx','2018-11-20 16:55:14',1,218),(26,'123',141,275,0,'tst','tst','1542713129.xlsx','2018-11-20 16:55:29',1,218),(27,'120',142,262,58,'fever','headache','1542713316.xlsx','2018-11-20 16:58:36',1,217),(28,'148',161,312,78,'test','tesb','1543505032.xlsx','2018-11-29 20:53:52',1,273),(29,'149',163,315,79,'test','testing','1543755796.xlsx','2018-12-02 18:33:15',1,278),(30,'153',163,315,79,'test','gfgdf','1543755811.xlsx','2018-12-02 18:33:31',1,278),(31,'157',163,315,79,' vf','bfgf','1543755832.xlsx','2018-12-02 18:33:52',1,278),(32,'164',190,348,80,'test','test1','1547728988.docx','2019-01-17 18:13:07',1,298),(33,'167',188,346,80,'test','tst','1547730374.docx','2019-01-17 18:36:14',1,298),(34,'172',186,354,80,'tst','test','1547806726.docx','2019-01-18 15:48:45',1,298),(35,'182',196,359,81,'testing','serious','1547829487.xlsx','2019-01-18 22:08:06',1,303),(36,'181',196,359,NULL,'testing','serious','1547829629.xlsx','2019-01-18 22:10:28',1,307);

/*Table structure for table `patient_lab_test_list` */

DROP TABLE IF EXISTS `patient_lab_test_list`;

CREATE TABLE `patient_lab_test_list` (
  `id` int(11) NOT NULL AUTO_INCREMENT,
  `p_id` int(11) DEFAULT NULL,
  `b_id` int(11) DEFAULT NULL,
  `test_id` int(11) DEFAULT NULL,
  `create_at` datetime DEFAULT NULL,
  `date` date DEFAULT NULL,
  `create_by` int(11) DEFAULT NULL,
  `status` int(11) DEFAULT '0',
  `report_completed` varchar(45) DEFAULT '0',
  `out_source` int(11) DEFAULT '0',
  PRIMARY KEY (`id`)
) ENGINE=InnoDB AUTO_INCREMENT=316 DEFAULT CHARSET=latin1;

/*Data for the table `patient_lab_test_list` */

insert  into `patient_lab_test_list`(`id`,`p_id`,`b_id`,`test_id`,`create_at`,`date`,`create_by`,`status`,`report_completed`,`out_source`) values (199,134,231,117,'2018-07-16 16:35:24','2018-07-16',198,1,'0',0),(200,134,231,117,'2018-07-16 16:36:53','2018-07-16',198,1,'0',0),(201,134,231,118,'2018-07-16 16:37:15','2018-07-16',198,1,'0',1),(202,134,232,117,'2018-07-16 17:06:04','2018-07-16',198,1,'0',0),(203,146,245,122,'2018-09-07 15:09:46','2018-09-07',209,1,'1',1),(204,146,245,119,'2018-09-07 15:10:12','2018-09-07',209,1,'1',0),(205,146,245,124,'2018-09-07 15:10:12','2018-09-07',209,1,'1',1),(211,144,243,120,'2018-09-10 12:20:12','2018-09-10',209,1,'1',0),(212,144,243,122,'2018-09-10 12:20:45','2018-09-10',209,1,'1',1),(214,144,243,117,'2018-09-10 12:23:22','2018-09-10',209,1,'1',0),(215,144,243,117,'2018-09-10 12:23:51','2018-09-10',209,1,'1',0),(216,144,243,123,'2018-09-10 12:26:57','2018-09-10',209,1,'1',1),(220,141,239,117,'2018-09-18 17:22:09','2018-09-18',209,1,'0',0),(221,138,250,120,'2018-09-21 16:22:35','2018-09-21',207,1,'0',0),(223,138,250,118,'2018-09-21 16:31:17','2018-09-21',207,1,'0',0),(224,144,253,120,'2018-09-25 11:49:38','2018-09-25',207,1,'1',0),(228,142,262,122,'2018-10-08 10:14:28','2018-10-08',209,1,'1',1),(229,142,262,120,'2018-10-08 10:15:02','2018-10-08',209,1,'1',0),(230,147,263,117,'2018-10-08 10:27:49','2018-10-08',209,1,'1',0),(231,147,263,122,'2018-10-08 10:28:16','2018-10-08',209,1,'1',1),(232,147,263,120,'2018-10-08 10:28:24','2018-10-08',209,1,'1',0),(233,144,265,120,'2018-10-08 14:31:33','2018-10-08',207,1,'0',0),(234,136,264,122,'2018-10-08 15:00:23','2018-10-08',207,1,'0',1),(235,136,264,120,'2018-10-08 15:02:17','2018-10-08',207,1,'0',0),(236,136,264,120,'2018-10-08 15:02:35','2018-10-08',207,1,'0',0),(237,147,266,122,'2018-10-08 16:40:27','2018-10-08',209,1,'0',1),(241,147,267,123,'2018-10-13 11:52:07','2018-10-13',209,1,'0',1),(242,147,267,117,'2018-10-13 12:03:28','2018-10-13',209,1,'0',0),(243,147,267,122,'2018-10-13 12:06:46','2018-10-13',209,1,'0',1),(244,147,267,120,'2018-10-15 09:44:35','2018-10-15',209,1,'0',0),(245,147,267,122,'2018-10-15 09:44:57','2018-10-15',209,1,'0',1),(246,136,278,120,'2018-10-15 10:07:24','2018-10-15',209,1,'0',0),(247,136,278,122,'2018-10-15 10:07:36','2018-10-15',209,1,'0',1),(248,136,278,117,'2018-10-15 10:07:47','2018-10-15',209,1,'0',0),(249,141,275,120,'2018-10-15 10:13:36','2018-10-15',209,1,'0',0),(250,141,275,122,'2018-10-15 10:14:17','2018-10-15',209,1,'1',1),(251,141,275,123,'2018-10-15 10:14:38','2018-10-15',209,1,'1',1),(257,140,279,122,'2018-10-15 16:17:11','2018-10-15',209,1,'0',1),(258,140,279,120,'2018-10-15 16:17:34','2018-10-15',209,1,'0',0),(259,140,279,123,'2018-10-15 16:17:59','2018-10-15',209,1,'0',1),(261,144,281,120,'2018-10-15 17:15:16','2018-10-15',209,1,'0',0),(262,144,281,122,'2018-10-15 17:15:27','2018-10-15',209,1,'1',1),(263,144,281,123,'2018-10-15 17:15:40','2018-10-15',209,1,'1',1),(264,144,281,117,'2018-10-15 17:15:53','2018-10-15',209,1,'0',0),(265,139,280,122,'2018-10-15 17:18:19','2018-10-15',209,1,'0',1),(266,139,280,120,'2018-10-15 17:18:29','2018-10-15',209,1,'0',0),(267,139,280,117,'2018-10-15 17:18:40','2018-10-15',209,1,'0',0),(268,139,280,123,'2018-10-15 17:18:54','2018-10-15',209,1,'0',1),(269,146,282,120,'2018-10-15 17:34:26','2018-10-15',209,1,'0',0),(270,146,282,123,'2018-10-15 17:34:47','2018-10-15',209,1,'0',1),(271,148,283,143,'2018-10-15 17:41:00','2018-10-15',209,1,'0',1),(272,148,283,149,'2018-10-15 17:41:37','2018-10-15',209,1,'1',0),(273,148,283,153,'2018-10-15 17:41:37','2018-10-15',209,1,'0',0),(274,148,283,123,'2018-10-15 17:42:11','2018-10-15',209,1,'0',1),(275,151,284,155,'2018-10-16 11:02:20','2018-10-16',252,1,'0',0),(276,151,284,156,'2018-10-16 11:03:27','2018-10-16',252,1,'0',0),(277,151,284,160,'2018-10-16 11:03:40','2018-10-16',252,1,'0',1),(278,151,284,159,'2018-10-16 11:04:04','2018-10-16',252,1,'0',1),(279,151,284,157,'2018-10-16 11:05:29','2018-10-16',252,1,'0',0),(280,152,285,157,'2018-10-16 11:36:42','2018-10-16',252,1,'0',0),(281,152,285,161,'2018-10-16 11:36:42','2018-10-16',252,1,'0',1),(282,153,287,155,'2018-10-31 17:43:48','2018-10-31',207,1,'1',0),(283,153,289,117,'2018-11-15 10:49:21','2018-11-15',209,1,'0',0),(284,155,293,120,'2018-11-16 16:17:05','2018-11-16',209,1,'1',0),(285,155,293,149,'2018-11-16 16:17:34','2018-11-16',209,1,'1',0),(286,155,293,123,'2018-11-16 16:17:58','2018-11-16',209,1,'1',1),(287,155,293,158,'2018-11-16 16:18:11','2018-11-16',209,1,'1',1),(290,155,297,143,'2018-11-19 14:23:31','2018-11-19',207,1,'0',1),(291,155,297,120,'2018-11-19 14:40:26','2018-11-19',207,1,'0',0),(292,161,312,122,'2018-11-29 20:51:05','2018-11-29',274,1,'0',1),(293,161,312,143,'2018-11-29 20:51:05','2018-11-29',274,1,'0',1),(294,161,312,148,'2018-11-29 20:51:05','2018-11-29',274,1,'1',0),(295,161,312,154,'2018-11-29 20:51:05','2018-11-29',274,1,'0',0),(296,163,315,149,'2018-12-02 18:25:56','2018-12-02',280,1,'1',0),(297,163,315,153,'2018-12-02 18:25:56','2018-12-02',280,1,'1',0),(298,163,315,157,'2018-12-02 18:25:56','2018-12-02',280,1,'1',0),(299,153,317,120,'2018-12-03 10:38:33','2018-12-03',207,1,'0',0),(300,153,317,155,'2018-12-03 10:38:33','2018-12-03',207,1,'0',0),(301,160,310,123,'2018-12-10 19:31:01','2018-12-10',198,1,'0',1),(302,160,310,159,'2018-12-10 19:31:02','2018-12-10',198,1,'0',1),(303,164,318,154,'2018-12-26 10:43:19','2018-12-26',209,1,'0',0),(304,185,343,NULL,'2019-01-13 17:31:51','2019-01-13',207,1,'0',NULL),(305,188,346,167,'2019-01-17 16:27:54','2019-01-17',299,1,'1',0),(306,191,349,169,'2019-01-17 16:53:56','2019-01-17',299,1,'0',0),(308,190,348,164,'2019-01-17 17:59:57','2019-01-17',299,1,'1',0),(309,192,351,178,'2019-01-18 10:48:33','2019-01-18',299,1,'0',1),(310,186,354,172,'2019-01-18 15:46:50','2019-01-18',299,1,'1',0),(311,194,355,178,'2019-01-18 16:32:28','2019-01-18',299,1,'0',1),(312,186,353,169,'2019-01-18 16:49:49','2019-01-18',299,1,'0',0),(313,186,353,178,'2019-01-18 16:52:07','2019-01-18',299,1,'0',1),(314,196,359,182,'2019-01-18 22:02:34','2019-01-18',304,1,'1',0),(315,196,359,181,'2019-01-18 22:02:34','2019-01-18',304,1,'1',1);

/*Table structure for table `patient_medicine_list` */

DROP TABLE IF EXISTS `patient_medicine_list`;

CREATE TABLE `patient_medicine_list` (
  `m_id` int(11) NOT NULL AUTO_INCREMENT,
  `medicine_id` int(11) DEFAULT NULL,
  `p_id` int(11) DEFAULT NULL,
  `b_id` int(11) DEFAULT NULL,
  `type_of_medicine` varchar(250) DEFAULT NULL,
  `medicine_name` varchar(250) DEFAULT NULL,
  `medicine_type` varchar(250) DEFAULT NULL,
  `batchno` varchar(250) DEFAULT NULL,
  `substitute_name` varchar(250) DEFAULT NULL,
  `condition` varchar(250) DEFAULT NULL,
  `dosage` varchar(250) DEFAULT NULL,
  `route` varchar(250) DEFAULT NULL,
  `frequency` varchar(250) DEFAULT NULL,
  `food` varchar(250) DEFAULT NULL,
  `no_of_days` varchar(250) DEFAULT NULL,
  `directions` varchar(250) DEFAULT NULL,
  `formdate` varchar(250) DEFAULT NULL,
  `todate` varchar(250) DEFAULT NULL,
  `qty` varchar(250) DEFAULT NULL,
  `org_amount` varchar(250) DEFAULT NULL,
  `expiry_date` varchar(250) DEFAULT NULL,
  `units` varchar(250) DEFAULT NULL,
  `comments` text,
  `create_at` datetime DEFAULT NULL,
  `date` date DEFAULT NULL,
  `create_by` int(11) DEFAULT NULL,
  `edit_reason` text,
  `edited` int(11) DEFAULT '0',
  `edited_by` int(11) DEFAULT NULL,
  `amount` int(11) DEFAULT NULL,
  PRIMARY KEY (`m_id`)
) ENGINE=InnoDB AUTO_INCREMENT=120 DEFAULT CHARSET=latin1;

/*Data for the table `patient_medicine_list` */

insert  into `patient_medicine_list`(`m_id`,`medicine_id`,`p_id`,`b_id`,`type_of_medicine`,`medicine_name`,`medicine_type`,`batchno`,`substitute_name`,`condition`,`dosage`,`route`,`frequency`,`food`,`no_of_days`,`directions`,`formdate`,`todate`,`qty`,`org_amount`,`expiry_date`,`units`,`comments`,`create_at`,`date`,`create_by`,`edit_reason`,`edited`,`edited_by`,`amount`) values (1,NULL,136,234,'',' Delsym',NULL,NULL,'','','','','4 hours',NULL,NULL,'after food','','','1','31.2',NULL,'','','2018-07-26 18:03:05','2018-07-26',207,NULL,0,NULL,31),(2,NULL,138,236,'','Robitussin',NULL,NULL,'','','00','','16 hours',NULL,NULL,'','','','1','26',NULL,'','','2018-08-01 12:52:07','2018-08-01',209,NULL,0,NULL,26),(3,NULL,142,240,'','CROCIN',NULL,NULL,'','','150G','','4 hours',NULL,NULL,'','','','10','52',NULL,'','','2018-08-18 12:04:41','2018-08-18',207,NULL,0,NULL,5),(4,NULL,142,240,'','PRACTEMOL',NULL,NULL,'','','250','','6 hours',NULL,NULL,'','','','10','52',NULL,'','','2018-08-18 12:06:06','2018-08-18',207,NULL,0,NULL,5),(5,NULL,140,238,'','PRACTEMOL',NULL,NULL,'','','250','','3 hours',NULL,NULL,'','','','5','25',NULL,'','','2018-08-18 16:59:13','2018-08-18',207,NULL,1,216,5),(6,NULL,140,238,'','Robitussin',NULL,NULL,'','','00','','4 hours',NULL,NULL,'','','','10','260',NULL,'','','2018-08-28 19:17:51','2018-08-28',207,NULL,1,216,26),(8,NULL,138,236,'',' Delsym',NULL,NULL,'','','','','8 hours',NULL,NULL,'once','','','5','156',NULL,'','','2018-09-10 18:14:55','2018-09-10',209,NULL,0,NULL,31),(9,NULL,146,246,'',' Delsym',NULL,NULL,'','','','','9 hours',NULL,NULL,'once','','','5','156',NULL,'','','2018-09-19 17:15:08','2018-09-19',207,NULL,0,NULL,31),(10,NULL,136,251,'','Robitussin',NULL,NULL,'','','00','','7 hours',NULL,NULL,'daily','','','2','52',NULL,'','','2018-09-21 16:44:47','2018-09-21',209,NULL,0,NULL,26),(11,NULL,136,251,'','VENFLON 226',NULL,NULL,'','','','','10 hours',NULL,NULL,'once daily','','','2','295.68',NULL,'','','2018-09-21 16:46:41','2018-09-21',209,NULL,0,NULL,148),(14,NULL,136,251,'','SYRINGES',NULL,NULL,'','','10ML','','9 hours',NULL,NULL,'te','','','5','47.6',NULL,'','','2018-09-21 16:48:41','2018-09-21',209,NULL,0,NULL,10),(15,NULL,146,252,'',' Delsym',NULL,NULL,'','','','','18 hours',NULL,NULL,'','','','12','374.4',NULL,'','','2018-09-25 11:03:58','2018-09-25',207,NULL,0,NULL,31),(19,NULL,144,254,'','Robitussin',NULL,NULL,'','','00','','2 hours',NULL,NULL,'once','','','2','52',NULL,'','','2018-09-25 16:39:53','2018-09-25',207,NULL,0,NULL,26),(20,NULL,144,256,'','cronin',NULL,NULL,'','','10ml','','13 hours',NULL,NULL,'','','','5','1100',NULL,'','','2018-09-25 17:13:01','2018-09-25',209,NULL,0,NULL,220),(21,NULL,146,255,'','CROCIN','TABLET','','','','150G','','2 hours','After',NULL,'','','','2','10.4','2022','','','2018-09-26 15:52:52','2018-09-26',207,NULL,0,NULL,5),(22,NULL,142,257,'','EASY FIX BANDAGE','BANDAGE','','','','','','3 hours','Before',NULL,'','','','2','78.4','NOV(2022)','','','2018-09-26 16:00:26','2018-09-26',207,NULL,0,NULL,39),(23,NULL,142,259,'',' Delsym','syrup','','','','','','7 hours','Before',NULL,'','','','10','312','2022','','','2018-09-27 11:29:22','2018-09-27',207,NULL,0,NULL,31),(24,NULL,142,259,'','CROCIN','TABLET','','','','150G','','4 hours','Before',NULL,'','','','1','5.2','2022','','','2018-09-27 11:34:09','2018-09-27',207,NULL,0,NULL,5),(25,NULL,139,260,'',' Delsym','syrup','','','','','','6 hours','After','5','','','','2','62.4','2022','','','2018-10-03 17:31:51','2018-10-03',207,NULL,0,NULL,31),(26,NULL,146,261,'','VENFLON 226','TABLET','','','','','','4 hours','Before','4','','','','2','295.68','jan(2023)','','','2018-10-03 17:37:26','2018-10-03',207,NULL,0,NULL,148),(27,NULL,148,269,'','fepanil','tblt','789','','','50mg','','5 hours','Before','7',',llkjb','','','1','525','1-10-2019','','','2018-10-10 17:46:23','2018-10-10',209,NULL,0,NULL,525),(28,NULL,148,270,'','fepanil','tblt','789','','','50mg','','2 hours','','5','','','','2','1050','1-10-2019','','','2018-10-10 17:52:53','2018-10-10',209,NULL,0,NULL,525),(30,NULL,147,266,'','fepanil','tblt','789','','','50mg','','7 hours','Before','5','','','','1','525','1-10-2019','','','2018-10-10 17:56:31','2018-10-10',209,NULL,0,NULL,525),(34,NULL,147,267,'',' Delsym_23','','','','','','','1 hours','Before','1','tst','','','1','0','','','','2018-10-13 12:11:21','2018-10-13',209,NULL,0,NULL,NULL),(35,NULL,147,267,'','Robitussin_24','','','','','','','6 hours','After','5','bvg','','','10','0','','','','2018-10-13 12:12:06','2018-10-13',209,NULL,0,NULL,NULL),(43,NULL,140,279,'','Robitussin','','','','','','','Once in night','After','5','tst','','','5','0','','','','2018-10-15 16:16:13','2018-10-15',209,NULL,0,NULL,NULL),(44,NULL,140,279,'',' Delsym','','','','','','','Once in morning','After','4','tst','','','4','0','','','','2018-10-15 16:16:34','2018-10-15',209,NULL,0,NULL,NULL),(45,NULL,139,280,'',' Delsym','','','','','','','Once in afternoon','Before','4','tst','','','4','0','','','','2018-10-15 16:21:21','2018-10-15',209,NULL,0,NULL,NULL),(46,NULL,148,286,'','VENFLON 226','','','','','','','Once in morning','After','10','tst','','','10','200','','','','2018-10-31 17:28:24','2018-10-31',207,NULL,1,216,20),(47,NULL,153,288,'','VENFLON 226','','','','','','','Once in afternoon','After','5','tst','','','5','100','','','','2018-11-14 12:51:29','2018-11-14',207,NULL,1,216,20),(48,NULL,153,288,'','VENFLON 226','','','','','','','Once in afternoon','After','5','tst','','','5','25','','','','2018-11-14 13:04:04','2018-11-14',207,NULL,1,216,5),(49,NULL,153,288,'',' Delsym','','','','','','','Once in night','Before','10','tst','','','1','20','','','','2018-11-14 13:04:51','2018-11-14',207,NULL,1,216,20),(50,NULL,146,290,'','p500','','','','','','','Once in morning','Before','5','tst','','','5','100','','','','2018-11-14 14:27:19','2018-11-14',207,NULL,1,216,20),(51,NULL,146,290,'','fvr','','','','','','','Once in morning','Before','2','test','','','1','50','','','','2018-11-14 14:27:44','2018-11-14',207,NULL,1,216,50),(53,NULL,153,291,'',' Delsym','','','','','','','Once in morning','After','152','tst','','','1','123','','','','2018-11-16 16:05:45','2018-11-16',209,NULL,1,216,123),(54,NULL,153,291,'','VENFLON 226','','','','','','','Once in afternoon','After','5','test','','','5','615','','','','2018-11-16 16:08:37','2018-11-16',209,NULL,1,216,123),(55,NULL,155,297,'','EASY FIX BANDAGE','','','','','','','Once in morning','Before','7','tst','','','1','0','','','','2018-11-19 14:30:24','2018-11-19',207,NULL,0,NULL,NULL),(56,NULL,155,297,'','VENFLON 226','','','','','','','Once in afternoon','After','2','test','','','2','0','','','','2018-11-19 14:32:35','2018-11-19',207,NULL,0,NULL,NULL),(57,NULL,155,297,'','VENFLON 226','','','','','','','Once in morning','','5','test','','','5','250','','','','2018-11-19 14:58:52','2018-11-19',207,NULL,1,216,50),(59,NULL,158,300,'',' Delsym','','','','','','','Once in morning','Before','10','test','','','10','0','','','','2018-11-19 16:38:01','2018-11-19',209,NULL,0,NULL,NULL),(65,NULL,141,298,'','Robitussin','syrup','','','','00','','Once in night','Before','5',';mkl','','','10','260','2024','','','2018-11-19 17:34:21','2018-11-19',209,NULL,0,NULL,26),(66,NULL,157,299,'','Robitussin','syrup','','','','00','','Once in morning','Before','4','hjg','','','4','104','2024','','','2018-11-19 17:36:00','2018-11-19',209,NULL,0,NULL,26),(67,NULL,159,301,'','Amlodipin','Tablet','','','','20','','Once in night','After','5','tst','','','5','4400','20/09/2020','','','2018-11-21 09:28:57','2018-11-21',209,NULL,0,NULL,880),(68,NULL,159,301,'','fepanil','tblt','789','','','50mg','','Once in morning','','3','test','','','3','1575','1-10-2019','','','2018-11-21 09:29:39','2018-11-21',209,NULL,0,NULL,525),(70,NULL,159,303,'','VENFLON 226','TABLET','156','','','','','Once in afternoon','Before','6','ikyhh','','','6','887.04','jan(2023)','','','2018-11-21 10:16:05','2018-11-21',209,NULL,0,NULL,148),(71,NULL,155,304,'','VENFLON 226','TABLET','156','','','','','Once in morning','Before','5','','','','2','224','jan(2023)','','','2018-11-21 10:31:02','2018-11-21',207,NULL,0,NULL,112),(72,NULL,155,304,'','EASY FIX BANDAGE','BANDAGE','','','','','','Once in afternoon','Before','1','','','','1','39.2','NOV(2022)','','','2018-11-21 10:31:24','2018-11-21',207,NULL,0,NULL,39),(73,NULL,147,305,'','VENFLON 226','TABLET','156','','','20mg','','Once in afternoon','Before','4','','','','2','220','jan(2023)','','','2018-11-21 10:44:51','2018-11-21',209,NULL,0,NULL,110),(74,NULL,147,305,'','PRACTEMOL','TABLET','988','','','20MG','','Once in night','After','3','','','','3','330','2018','','','2018-11-21 10:51:54','2018-11-21',209,NULL,0,NULL,110),(75,NULL,147,305,'','cronin','TABLET','12332','','','10MG','','Once in night','After','5','','','','5','275','2019','','','2018-11-21 10:52:15','2018-11-21',209,NULL,0,NULL,55),(76,NULL,153,306,'','EASY FIX BANDAGE','BANDAGE','','','','','','Once in afternoon','Before','4','','','','5','196','NOV(2022)','','','2018-11-26 14:34:13','2018-11-26',209,NULL,0,NULL,39),(77,NULL,153,306,'','Amlodipin','Tablet','','','','20','','Thrice in a day','After','10','','','','10','8800','20/09/2020','','','2018-11-26 14:34:32','2018-11-26',209,NULL,0,NULL,880),(78,NULL,157,307,'','fvr','calpal','555','','','50','','Once in afternoon','Before','1','','','','1','52.5','2019','','','2018-11-26 15:02:49','2018-11-26',209,NULL,0,NULL,53),(79,NULL,157,307,'','Thyroxin','TABLET','11_c','','','10','','Once in night','After','1','','','','1','55','2025','','','2018-11-26 15:03:23','2018-11-26',209,NULL,0,NULL,55),(80,101,155,308,'','EASY FIX BANDAGE','BANDAGE','','','','','','Once in night','Before','10','tes','','','2','78.4','NOV(2022)','','','2018-11-26 15:38:23','2018-11-26',207,NULL,0,NULL,39),(81,109,155,308,'','Amlodipin','Tablet','','','','20','','Once in night','Before','10','cvcxv','','','10','8800','20/09/2020','','','2018-11-26 15:39:29','2018-11-26',207,NULL,1,216,880),(82,93,142,309,'','VENFLON 226','TABLET','156','','','20mg','','Once in afternoon','After','5','tst','','','5','550','jan(2023)','','','2018-11-26 16:42:07','2018-11-26',207,NULL,0,NULL,110),(83,114,142,309,'','p500','jhhv','158','','','20mg','','Once in morning','After','2','test','','','2','105','2020','','','2018-11-26 16:42:27','2018-11-26',207,NULL,0,NULL,53),(84,118,161,311,'','cronsin','tab','10','','','10 mg','','Once in morning','Before','10','test','','','10','120','10-10-2018','','','2018-11-29 20:35:00','2018-11-29',274,NULL,1,272,12),(85,119,161,311,'','crosine test','tablet','10','','','10mg','','Once in afternoon','After','10','test','','','5','60','10-10-2018','','','2018-11-29 20:36:09','2018-11-29',274,NULL,0,NULL,12),(86,120,162,314,'','crosin','tablet','123','','','010 mg','','Once in afternoon','Before','10','test','','','5','60','10-10-2018','','','2018-12-02 18:23:14','2018-12-02',280,NULL,0,NULL,12),(87,121,162,314,'','saradhi','123456','147','','','25 mg','','Once in night','After','10','testing','','','6','180','10-11-2018','','','2018-12-02 18:23:37','2018-12-02',280,NULL,1,277,30),(88,109,175,330,'','Amlodipin','Tablet','','','','20 mg','','Once in afternoon','Before','4','','','','8','7040','20/09/2020','','','2019-01-02 14:51:33','2019-01-02',207,NULL,1,216,880),(89,93,164,318,'','VENFLON 226','TABLET','156','','','20mg','','Twice in a day','After','5','','','','10','1100','jan(2023)','','','2019-01-02 16:17:13','2019-01-02',209,NULL,0,NULL,110),(90,101,164,318,'','EASY FIX BANDAGE','BANDAGE','','','','','','Once in afternoon','After','5','test','','','1','39.2','NOV(2022)','','','2019-01-02 16:17:47','2019-01-02',209,NULL,0,NULL,39),(91,110,177,332,'','fepanil','tblt','789','','','50mg','','Once in morning','After','5','','','','1','525','1-10-2019','','','2019-01-02 16:24:06','2019-01-02',209,NULL,0,NULL,525),(92,116,167,321,'','PRACTEMOL','TABLET','988','','','20MG','','Once in afternoon','After','10','','','','05','550','2018','','','2019-01-08 09:21:40','2019-01-08',207,NULL,1,216,110),(93,93,NULL,NULL,NULL,'VENFLON 226_33','TABLET','156',NULL,NULL,'20mg',NULL,'Morning ,Afternoon','Before','1','testing',NULL,NULL,'1','110','jan(2023)',NULL,NULL,'2019-01-11 18:45:55','2019-01-11',207,NULL,0,NULL,110),(94,101,NULL,NULL,NULL,'EASY FIX BANDAGE_1','BANDAGE','',NULL,NULL,'',NULL,'Afternoon ,Evening','After','2','testing',NULL,NULL,'2','78.4','NOV(2022)',NULL,NULL,'2019-01-11 18:45:55','2019-01-11',207,NULL,0,NULL,39),(95,102,NULL,NULL,NULL,'SYRINGES_8','DISPOVAL','',NULL,NULL,'10ML',NULL,'Morning ,Evening','Before','3','testing',NULL,NULL,'3','28.56','JUNE(2019)',NULL,NULL,'2019-01-11 18:45:56','2019-01-11',207,NULL,0,NULL,10),(96,109,NULL,NULL,NULL,'Amlodipin_15','Tablet','',NULL,NULL,'20 mg',NULL,'Afternoon ,Evening','After','4','testing',NULL,NULL,'4','3520','20/09/2020',NULL,NULL,'2019-01-11 18:45:56','2019-01-11',207,NULL,0,NULL,880),(97,0,NULL,NULL,NULL,'110','','',NULL,NULL,'',NULL,'Afternoon ,Evening','Before','5','testing',NULL,NULL,'5','0','',NULL,NULL,'2019-01-11 18:45:56','2019-01-11',207,NULL,0,NULL,NULL),(98,93,NULL,NULL,NULL,'VENFLON 226_32','TABLET','156',NULL,NULL,'20mg',NULL,'Afternoon ,Evening','Before','2','',NULL,NULL,'10','1100','jan(2023)',NULL,NULL,'2019-01-11 18:49:21','2019-01-11',207,NULL,0,NULL,110),(99,102,NULL,NULL,NULL,'SYRINGES_5','DISPOVAL','',NULL,NULL,'10ML',NULL,'Morning ,Afternoon','After','5','',NULL,NULL,'3','28.56','JUNE(2019)',NULL,NULL,'2019-01-11 18:49:21','2019-01-11',207,NULL,0,NULL,10),(100,93,185,343,NULL,'VENFLON 226','TABLET','156',NULL,NULL,'20mg',NULL,'Morning ,Afternoon','Before','5','',NULL,NULL,'5','550','jan(2023)',NULL,NULL,'2019-01-13 17:31:08','2019-01-13',207,NULL,0,NULL,110),(101,122,186,344,NULL,'Crosin','Tablet','45',NULL,NULL,'50mg',NULL,'Morning ,Afternoon','Before','5','',NULL,NULL,'4','1540','2/2025',NULL,NULL,'2019-01-17 12:16:55','2019-01-17',299,NULL,1,297,385),(102,127,186,344,NULL,'Fepanil','Tablet','48',NULL,NULL,'100mg',NULL,'Morning ,Afternoon ,Evening','After','3','',NULL,NULL,'55','46640','2/2022',NULL,NULL,'2019-01-17 12:16:55','2019-01-17',299,NULL,1,297,848),(103,122,187,345,NULL,'Crosin','Tablet','45',NULL,NULL,'50mg',NULL,'Morning','Before','2','testing',NULL,NULL,'10','3850','2/2025',NULL,NULL,'2019-01-17 12:35:00','2019-01-17',299,NULL,0,NULL,385),(104,125,187,345,NULL,'Amlodipin','Tablet','46',NULL,NULL,'100mg',NULL,'Afternoon ,Evening','After','5','testing',NULL,NULL,'5','3300','12/2030',NULL,NULL,'2019-01-17 12:35:00','2019-01-17',299,NULL,0,NULL,660),(111,125,192,351,NULL,'Amlodipin','Tablet','46',NULL,NULL,'100mg',NULL,'Morning','After','1','',NULL,NULL,'1','660','12/2030',NULL,NULL,'2019-01-18 10:48:02','2019-01-18',299,NULL,0,NULL,660),(115,127,186,354,NULL,'Fepanil','Tablet','48',NULL,NULL,'100mg',NULL,'Evening','After','1','',NULL,NULL,'1','848','2/2022',NULL,NULL,'2019-01-18 15:42:47','2019-01-18',299,NULL,0,NULL,848),(116,122,186,354,NULL,'Crosin','Tablet','45',NULL,NULL,'50mg',NULL,'Evening','After','2','',NULL,NULL,'1','385','2/2025',NULL,NULL,'2019-01-18 15:44:29','2019-01-18',299,NULL,0,NULL,385),(117,125,186,353,NULL,'Amlodipin','Tablet','46',NULL,NULL,'100mg',NULL,'','After','1','',NULL,NULL,'1','660','12/2030',NULL,NULL,'2019-01-18 16:30:45','2019-01-18',299,NULL,0,NULL,660),(118,125,194,355,NULL,'Amlodipin','Tablet','46',NULL,NULL,'100mg',NULL,'Morning ,Afternoon','Before','1','',NULL,NULL,'2','1320','12/2030',NULL,NULL,'2019-01-18 16:31:31','2019-01-18',299,NULL,0,NULL,660),(119,127,194,355,NULL,'Fepanil','Tablet','48',NULL,NULL,'100mg',NULL,'Morning','Before','1','',NULL,NULL,'2','1696','2/2022',NULL,NULL,'2019-01-18 16:31:31','2019-01-18',299,NULL,0,NULL,848);

/*Table structure for table `patient_vitals_list` */

DROP TABLE IF EXISTS `patient_vitals_list`;

CREATE TABLE `patient_vitals_list` (
  `id` int(11) NOT NULL AUTO_INCREMENT,
  `p_id` int(11) DEFAULT NULL,
  `b_id` int(11) DEFAULT NULL,
  `assessment_type` varchar(250) DEFAULT NULL,
  `vitaltype` varchar(250) DEFAULT NULL,
  `bp` varchar(250) DEFAULT NULL,
  `pulse` varchar(250) DEFAULT NULL,
  `fbs_rbs` varchar(250) DEFAULT NULL,
  `temp` text,
  `weight` varchar(250) DEFAULT NULL,
  `create_at` datetime DEFAULT NULL,
  `date` date DEFAULT NULL,
  `created_by` int(11) DEFAULT NULL,
  PRIMARY KEY (`id`)
) ENGINE=InnoDB AUTO_INCREMENT=224 DEFAULT CHARSET=latin1;

/*Data for the table `patient_vitals_list` */

insert  into `patient_vitals_list`(`id`,`p_id`,`b_id`,`assessment_type`,`vitaltype`,`bp`,`pulse`,`fbs_rbs`,`temp`,`weight`,`create_at`,`date`,`created_by`) values (126,134,231,NULL,NULL,'110/70','70','70','95','70','2018-07-16 16:29:55','2018-07-16',NULL),(127,134,232,NULL,NULL,'110/70','70','70','95','70','2018-07-16 16:32:25','2018-07-16',NULL),(128,135,233,NULL,NULL,'110/75','70','122','35','33','2018-07-26 12:22:07','2018-07-26',NULL),(129,136,234,NULL,NULL,'110 /88','444','44','44','44','2018-07-26 17:47:01','2018-07-26',NULL),(130,138,236,NULL,NULL,'123','3','33','33','33','2018-08-01 12:13:03','2018-08-01',NULL),(131,139,237,NULL,NULL,'110/80','55','50','95','55','2018-08-06 11:23:14','2018-08-06',NULL),(132,140,238,NULL,NULL,'110/75','55','55','55','55','2018-08-08 10:38:15','2018-08-08',NULL),(133,141,239,NULL,NULL,'110/76','75','70','55','50','2018-08-18 11:32:12','2018-08-18',NULL),(134,142,240,NULL,NULL,'110/75','44','55','66','55','2018-08-18 11:35:21','2018-08-18',NULL),(135,143,241,NULL,NULL,'110','55','555','66','55','2018-08-18 11:41:22','2018-08-18',NULL),(136,144,243,NULL,NULL,'110','75','55','99','45','2018-09-03 14:30:06','2018-09-03',NULL),(137,146,245,NULL,NULL,'90','72','88','96.5','35','2018-09-06 17:01:53','2018-09-06',NULL),(138,146,246,NULL,NULL,'90','72','88','96.5','35','2018-09-10 10:01:14','2018-09-10',NULL),(139,144,247,NULL,NULL,'110','75','55','99','45','2018-09-11 14:13:51','2018-09-11',NULL),(140,141,248,NULL,NULL,'110/76','75','70','55','50','2018-09-11 16:49:18','2018-09-11',NULL),(141,140,249,NULL,NULL,'110/75','55','55','55','55','2018-09-11 16:50:52','2018-09-11',NULL),(142,146,0,NULL,NULL,'90','72','88','96.5','35','2018-09-20 18:19:00','2018-09-20',NULL),(143,138,250,NULL,NULL,'123','3','33','33','33','2018-09-20 18:21:37','2018-09-20',NULL),(144,136,251,NULL,NULL,'110 /88','444','44','44','44','2018-09-21 15:18:50','2018-09-21',NULL),(145,146,252,NULL,NULL,'90','72','88','96.5','35','2018-09-25 11:02:10','2018-09-25',NULL),(146,144,253,NULL,NULL,'110','75','55','99','45','2018-09-25 11:45:20','2018-09-25',NULL),(147,144,254,NULL,NULL,'110','75','55','99','45','2018-09-25 11:51:40','2018-09-25',NULL),(148,146,255,NULL,NULL,'90','72','88','96.5','35','2018-09-25 16:46:11','2018-09-25',NULL),(149,144,256,NULL,NULL,'110','75','55','99','45','2018-09-25 17:11:28','2018-09-25',NULL),(150,0,0,NULL,NULL,'','','','','','2018-09-26 15:54:25','2018-09-26',NULL),(151,142,257,NULL,NULL,'110/75','44','55','66','55','2018-09-26 15:55:30','2018-09-26',NULL),(152,12,0,NULL,NULL,'','','','','','2018-09-27 09:10:13','2018-09-27',NULL),(153,142,259,NULL,NULL,'110/75','44','55','66','55','2018-09-27 11:26:27','2018-09-27',NULL),(154,139,260,NULL,NULL,'110/80','55','50','95','55','2018-10-03 14:58:28','2018-10-03',NULL),(155,146,0,NULL,NULL,'90','72','88','96.5','35','2018-10-03 17:30:12','2018-10-03',NULL),(156,146,261,NULL,NULL,'90','72','88','96.5','35','2018-10-03 17:34:01','2018-10-03',NULL),(157,142,262,NULL,NULL,'110/75','44','55','66','55','2018-10-04 18:08:36','2018-10-04',NULL),(158,147,263,NULL,NULL,'75','72','88','97','35','2018-10-08 10:25:22','2018-10-08',NULL),(159,136,264,NULL,NULL,'110 /88','444','44','44','44','2018-10-08 10:47:17','2018-10-08',NULL),(160,144,265,NULL,NULL,'110','75','55','99','45','2018-10-08 14:25:55','2018-10-08',NULL),(161,0,0,NULL,NULL,'','','','','','2018-10-10 15:50:11','2018-10-10',NULL),(162,147,267,NULL,NULL,'75','72','88','97','35','2018-10-10 16:14:44','2018-10-10',NULL),(163,146,268,NULL,NULL,'90','72','88','96.5','35','2018-10-10 16:18:31','2018-10-10',NULL),(164,148,269,NULL,NULL,'120/806','66','80','90','55','2018-10-10 17:39:42','2018-10-10',NULL),(165,148,270,NULL,NULL,'120/80','66','80','90','55','2018-10-10 17:49:59','2018-10-10',NULL),(166,148,271,NULL,NULL,'120/80','66','80','90','55','2018-10-11 12:19:43','2018-10-11',NULL),(167,149,272,NULL,NULL,'120','80','11','12','63','2018-10-12 12:19:58','2018-10-12',NULL),(168,144,273,NULL,NULL,'110','75','55','99','45','2018-10-12 18:23:59','2018-10-12',NULL),(169,147,274,NULL,NULL,'75','72','88','97','35','2018-10-13 11:29:04','2018-10-13',NULL),(170,141,275,NULL,NULL,'110/76','75','70','55','50','2018-10-13 11:33:40','2018-10-13',NULL),(171,147,0,NULL,NULL,'75','72','88','97','35','2018-10-13 12:19:05','2018-10-13',NULL),(172,147,0,NULL,NULL,'75','72','88','97','35','2018-10-13 12:23:24','2018-10-13',NULL),(173,148,277,NULL,NULL,'115','66','80','90','55','2018-10-15 10:03:03','2018-10-15',NULL),(174,136,278,NULL,NULL,'110 /88','444','44','44','44','2018-10-15 10:06:34','2018-10-15',NULL),(175,140,279,NULL,NULL,'110/75','55','55','55','55','2018-10-15 10:35:18','2018-10-15',NULL),(176,139,280,NULL,NULL,'110/80','55','50','95','55','2018-10-15 16:19:43','2018-10-15',NULL),(177,144,281,NULL,NULL,'110','75','55','99','45','2018-10-15 16:38:48','2018-10-15',NULL),(178,146,282,NULL,NULL,'90','72','88','96.5','35','2018-10-15 17:22:26','2018-10-15',NULL),(179,148,283,NULL,NULL,'115','66','80','90','55','2018-10-15 17:40:04','2018-10-15',NULL),(180,13,0,NULL,NULL,'','','','','','2018-10-15 19:06:10','2018-10-15',NULL),(181,151,284,NULL,NULL,'118','73','85','97.6','','2018-10-16 11:00:04','2018-10-16',NULL),(182,151,284,NULL,NULL,'118','73','85','97.6','48','2018-10-16 11:00:20','2018-10-16',NULL),(183,152,285,NULL,NULL,'120','84','77','95','50','2018-10-16 11:33:28','2018-10-16',NULL),(184,148,286,NULL,NULL,'115','66','80','90','55','2018-10-24 16:36:18','2018-10-24',NULL),(185,153,287,NULL,NULL,'130/80','72','80','97','50','2018-10-31 17:37:45','2018-10-31',NULL),(186,153,0,NULL,NULL,'130/80','72','80','97','50','2018-10-31 17:40:06','2018-10-31',NULL),(187,153,0,NULL,NULL,'130/80','72','80','97','50','2018-10-31 17:42:25','2018-10-31',NULL),(188,153,288,NULL,NULL,'130/80','72','80','97','50','2018-11-03 13:41:58','2018-11-03',NULL),(189,153,289,NULL,NULL,'130/80','72','80','97','50','2018-11-14 13:18:38','2018-11-14',NULL),(190,153,289,NULL,NULL,'130/80','72','80','97','50','2018-11-14 13:18:40','2018-11-14',NULL),(191,146,290,NULL,NULL,'90','72','88','96.5','35','2018-11-14 13:25:00','2018-11-14',NULL),(192,153,291,NULL,NULL,'130/80','72','80','97','50','2018-11-15 10:43:30','2018-11-15',NULL),(193,152,0,NULL,NULL,'120','84','77','95','50','2018-11-16 13:01:08','2018-11-16',NULL),(194,155,293,NULL,NULL,'120/80','72','56','98.4','50','2018-11-16 16:12:48','2018-11-16',NULL),(195,140,294,NULL,NULL,'110/75','55','55','55','55','2018-11-19 11:35:43','2018-11-19',NULL),(196,146,295,NULL,NULL,'90','72','88','96.5','35','2018-11-19 11:39:51','2018-11-19',NULL),(197,156,296,NULL,NULL,'120/70','73','84','99.2','40','2018-11-19 12:20:18','2018-11-19',NULL),(198,155,297,NULL,NULL,'120/80','72','56','98.4','50','2018-11-19 13:28:09','2018-11-19',NULL),(199,141,298,NULL,NULL,'110/76','75','70','97.1','50','2018-11-19 16:09:17','2018-11-19',NULL),(200,157,299,NULL,NULL,'20','20','20','20','20','2018-11-19 16:27:45','2018-11-19',NULL),(201,158,300,NULL,NULL,'120','120','120','120','60','2018-11-19 16:29:56','2018-11-19',NULL),(202,159,301,NULL,NULL,'120/70','72','87','99','42','2018-11-20 11:47:11','2018-11-20',NULL),(203,159,302,NULL,NULL,'120/70','72','87','99','42','2018-11-21 10:03:06','2018-11-21',NULL),(204,159,303,NULL,NULL,'120/70','72','87','99','42','2018-11-21 10:14:18','2018-11-21',NULL),(205,155,304,NULL,NULL,'120/80','72','56','98.4','50','2018-11-21 10:29:53','2018-11-21',NULL),(206,147,305,NULL,NULL,'75','72','88','97','35','2018-11-21 10:43:40','2018-11-21',NULL),(207,153,306,NULL,NULL,'130/80','72','80','97','50','2018-11-21 10:55:53','2018-11-21',NULL),(208,160,310,NULL,NULL,'120','110','120','120','60','2018-11-28 19:15:45','2018-11-28',NULL),(209,161,311,NULL,NULL,'12','24','545','5454','5454','2018-11-29 20:26:30','2018-11-29',NULL),(210,161,312,NULL,NULL,'12','24','545','5454','5454','2018-11-29 20:49:42','2018-11-29',NULL),(211,162,314,NULL,NULL,'120','201','102','10','10','2018-12-02 17:57:24','2018-12-02',NULL),(212,163,315,NULL,NULL,'10','10','10','10','10','2018-12-02 18:01:13','2018-12-02',NULL),(213,163,316,NULL,NULL,'10','10','10','10','10','2018-12-02 18:36:18','2018-12-02',NULL),(214,153,317,NULL,NULL,'130/80','72','80','97','50','2018-12-03 10:35:12','2018-12-03',NULL),(215,164,318,NULL,NULL,'120','120','120','120','120','2018-12-10 14:19:41','2018-12-10',NULL),(216,167,321,NULL,NULL,'120','110','120','120','120','2018-12-27 15:39:04','2018-12-27',215),(217,165,319,NULL,NULL,'120','110','120','120','120','2018-12-27 15:39:26','2018-12-27',215),(218,184,342,NULL,NULL,'85','75','80','23','62','2019-01-11 14:33:23','2019-01-11',215),(219,184,342,NULL,NULL,'85','65','80','31','120','2019-01-11 14:33:45','2019-01-11',215),(220,190,348,NULL,NULL,'110/80','72','85','95','52','2019-01-17 15:57:07','2019-01-17',296),(221,190,348,NULL,NULL,'110/70','75','90','98','50','2019-01-18 14:59:36','2019-01-18',296),(222,195,358,NULL,NULL,'120','90','85','95','62','2019-01-18 21:57:48','2019-01-18',305),(223,196,359,NULL,NULL,'95','75','96','32','62','2019-01-18 21:58:28','2019-01-18',305);

/*Table structure for table `patients_list_1` */

DROP TABLE IF EXISTS `patients_list_1`;

CREATE TABLE `patients_list_1` (
  `pid` int(11) NOT NULL AUTO_INCREMENT,
  `hos_id` int(11) DEFAULT NULL,
  `card_number` varchar(250) DEFAULT NULL,
  `registrationtype` varchar(250) DEFAULT NULL,
  `patient_category` varchar(250) DEFAULT NULL,
  `problem` text,
  `name` varchar(250) DEFAULT NULL,
  `mobile` varchar(45) DEFAULT NULL,
  `email` varchar(250) DEFAULT NULL,
  `dob` date DEFAULT NULL,
  `age` varchar(250) DEFAULT NULL,
  `bloodgroup` varchar(250) DEFAULT NULL,
  `martial_status` varchar(250) DEFAULT NULL,
  `nationali_id` varchar(250) DEFAULT NULL,
  `perment_address` varchar(250) DEFAULT NULL,
  `p_c_name` varchar(250) DEFAULT NULL,
  `p_s_name` varchar(250) DEFAULT NULL,
  `p_zipcode` varchar(250) DEFAULT NULL,
  `p_country_name` varchar(250) DEFAULT NULL,
  `temp_address` varchar(250) DEFAULT NULL,
  `t_c_name` varchar(250) DEFAULT NULL,
  `t_s_name` varchar(250) DEFAULT NULL,
  `t_zipcode` varchar(250) DEFAULT NULL,
  `t_country_name` varchar(250) DEFAULT NULL,
  `religion` varchar(250) DEFAULT NULL,
  `caste` varchar(250) DEFAULT NULL,
  `mothername` varchar(250) DEFAULT NULL,
  `language` varchar(250) DEFAULT NULL,
  `occupation` varchar(250) DEFAULT NULL,
  `education` varchar(250) DEFAULT NULL,
  `birth_place` varchar(250) DEFAULT NULL,
  `home_phone` varchar(250) DEFAULT NULL,
  `citizen_proof` varchar(250) DEFAULT NULL,
  `patient_identifier` varchar(250) DEFAULT NULL,
  `relation` varchar(250) DEFAULT NULL,
  `first_name` varchar(250) DEFAULT NULL,
  `next_address1` varchar(250) DEFAULT NULL,
  `next_address2` varchar(250) DEFAULT NULL,
  `next_pincode` varchar(250) DEFAULT NULL,
  `next_city` varchar(250) DEFAULT NULL,
  `next_state` varchar(250) DEFAULT NULL,
  `next_country` varchar(250) DEFAULT NULL,
  `next_email` varchar(250) DEFAULT NULL,
  `next_mobile` varchar(250) DEFAULT NULL,
  `next_occupation` varchar(250) DEFAULT NULL,
  `referred` varchar(250) DEFAULT NULL,
  `internal_external` varchar(250) DEFAULT NULL,
  `search_doctor` varchar(250) DEFAULT NULL,
  `relationship` varchar(250) DEFAULT NULL,
  `g_first_name` varchar(250) DEFAULT NULL,
  `g_middel_name` varchar(250) DEFAULT NULL,
  `g_last_name` varchar(250) DEFAULT NULL,
  `gender` varchar(250) DEFAULT NULL,
  `nationality` varchar(250) DEFAULT NULL,
  `g_language` varchar(250) DEFAULT NULL,
  `living` varchar(250) DEFAULT NULL,
  `g_address1` varchar(250) DEFAULT NULL,
  `g_address2` varchar(250) DEFAULT NULL,
  `g_pincode` varchar(250) DEFAULT NULL,
  `g_city` varchar(250) DEFAULT NULL,
  `g_state` varchar(250) DEFAULT NULL,
  `g_country` varchar(250) DEFAULT NULL,
  `payer_name` varchar(250) DEFAULT NULL,
  `payer_mobile` varchar(250) DEFAULT NULL,
  `payer_address` varchar(250) DEFAULT NULL,
  `dependency` varchar(250) DEFAULT NULL,
  `arrangement` varchar(250) DEFAULT NULL,
  `incomegroup` varchar(250) DEFAULT NULL,
  `description` varchar(250) DEFAULT NULL,
  `confidential` varchar(250) DEFAULT NULL,
  `student` varchar(250) DEFAULT NULL,
  `barcode` varchar(250) DEFAULT NULL,
  `create_at` datetime DEFAULT NULL,
  `create_by` int(11) DEFAULT NULL,
  `updated_at` datetime DEFAULT NULL,
  PRIMARY KEY (`pid`)
) ENGINE=InnoDB AUTO_INCREMENT=197 DEFAULT CHARSET=latin1;

/*Data for the table `patients_list_1` */

insert  into `patients_list_1`(`pid`,`hos_id`,`card_number`,`registrationtype`,`patient_category`,`problem`,`name`,`mobile`,`email`,`dob`,`age`,`bloodgroup`,`martial_status`,`nationali_id`,`perment_address`,`p_c_name`,`p_s_name`,`p_zipcode`,`p_country_name`,`temp_address`,`t_c_name`,`t_s_name`,`t_zipcode`,`t_country_name`,`religion`,`caste`,`mothername`,`language`,`occupation`,`education`,`birth_place`,`home_phone`,`citizen_proof`,`patient_identifier`,`relation`,`first_name`,`next_address1`,`next_address2`,`next_pincode`,`next_city`,`next_state`,`next_country`,`next_email`,`next_mobile`,`next_occupation`,`referred`,`internal_external`,`search_doctor`,`relationship`,`g_first_name`,`g_middel_name`,`g_last_name`,`gender`,`nationality`,`g_language`,`living`,`g_address1`,`g_address2`,`g_pincode`,`g_city`,`g_state`,`g_country`,`payer_name`,`payer_mobile`,`payer_address`,`dependency`,`arrangement`,`incomegroup`,`description`,`confidential`,`student`,`barcode`,`create_at`,`create_by`,`updated_at`) values (134,57,'','New','Pay Patient','','srk','1234567891','no@gmail.com','0000-00-00','25','O+','Single','','piler','chitoor','Andhra Pradesh','517214','india','','','','','',NULL,NULL,NULL,NULL,NULL,NULL,NULL,NULL,NULL,NULL,NULL,NULL,NULL,NULL,NULL,NULL,NULL,NULL,NULL,NULL,NULL,'',NULL,NULL,NULL,NULL,NULL,NULL,'Male',NULL,NULL,NULL,NULL,NULL,NULL,NULL,NULL,NULL,NULL,NULL,NULL,NULL,NULL,NULL,NULL,NULL,NULL,'1531738429134.png','2018-07-16 16:32:10',199,NULL),(135,59,'','New','Pay Patient','','raghu','98989787878','raghu@gmail.com','2018-07-02','1','A-','Single','565878787767','hyd','hyd','Telangana','500072','india','','','','','',NULL,NULL,NULL,NULL,NULL,NULL,NULL,NULL,NULL,NULL,NULL,NULL,NULL,NULL,NULL,NULL,NULL,NULL,NULL,NULL,NULL,'',NULL,NULL,NULL,NULL,NULL,NULL,'Male',NULL,NULL,NULL,NULL,NULL,NULL,NULL,NULL,NULL,NULL,NULL,NULL,NULL,NULL,NULL,NULL,NULL,NULL,'1532587890135.png','2018-07-26 12:21:30',220,NULL),(136,58,'458545255588','Emergency','Staff','','RAM','98878787878','raghu@gmail.com','2018-07-26','22','A-','Single','','hyd','Hyd','Telangana','500072','India','','','','','',NULL,NULL,NULL,NULL,NULL,NULL,NULL,NULL,NULL,NULL,NULL,NULL,NULL,NULL,NULL,NULL,NULL,NULL,NULL,NULL,NULL,'',NULL,NULL,NULL,NULL,NULL,NULL,'Male',NULL,NULL,NULL,NULL,NULL,NULL,NULL,NULL,NULL,NULL,NULL,NULL,NULL,NULL,NULL,NULL,NULL,NULL,'1532607389136.png','2018-10-15 10:06:22',215,NULL),(137,57,'','New','Pay Patient','','ramu','8500050944','vasu@gmail.com','2018-08-03','24','AB-','Single','','efdf','dsaf','Meghalaya','516172','india','','','','','',NULL,NULL,NULL,NULL,NULL,NULL,NULL,NULL,NULL,NULL,NULL,NULL,NULL,NULL,NULL,NULL,NULL,NULL,NULL,NULL,NULL,'',NULL,NULL,NULL,NULL,NULL,NULL,'Male',NULL,NULL,NULL,NULL,NULL,NULL,NULL,NULL,NULL,NULL,NULL,NULL,NULL,NULL,NULL,NULL,NULL,NULL,'1532945464137.png','2018-07-30 15:41:04',199,NULL),(138,58,'','New','VIP','','RAGHU','9898989898','raghu@gmail.com','2018-07-30','12','O-','Single','','hyd','Hyd','Telangana','500072','India','','','','','',NULL,NULL,NULL,NULL,NULL,NULL,NULL,NULL,NULL,NULL,NULL,NULL,NULL,NULL,NULL,NULL,NULL,NULL,NULL,NULL,NULL,'',NULL,NULL,NULL,NULL,NULL,NULL,'Male',NULL,NULL,NULL,NULL,NULL,NULL,NULL,NULL,NULL,NULL,NULL,NULL,NULL,NULL,NULL,NULL,NULL,NULL,'1533105694138.png','2018-09-20 18:20:59',215,NULL),(139,58,'852425421212','New','Pay Patient','','RAMUU','9581758358','raghu@gmail.com','0000-00-00','12','O+','Single','','hyd','Hyderabad','Telangana','500072','India','','','','','',NULL,NULL,NULL,NULL,NULL,NULL,NULL,NULL,NULL,NULL,NULL,NULL,NULL,NULL,NULL,NULL,NULL,NULL,NULL,NULL,NULL,'',NULL,NULL,NULL,NULL,NULL,NULL,'Male',NULL,NULL,NULL,NULL,NULL,NULL,NULL,NULL,NULL,NULL,NULL,NULL,NULL,NULL,NULL,NULL,NULL,NULL,'1533534755139.png','2018-10-15 16:19:32',215,NULL),(140,58,'845445556664','New','Pay Patient','','SAI','9581758238','sai@gmail.com','0000-00-00','22','O+','Single','','hyd','Hyderabad','Telangana','500072','India','','','','','',NULL,NULL,NULL,NULL,NULL,NULL,NULL,NULL,NULL,NULL,NULL,NULL,NULL,NULL,NULL,NULL,NULL,NULL,NULL,NULL,NULL,'',NULL,NULL,NULL,NULL,NULL,NULL,'Male',NULL,NULL,NULL,NULL,NULL,NULL,NULL,NULL,NULL,NULL,NULL,NULL,NULL,NULL,NULL,NULL,NULL,NULL,'1533704808140.png','2018-11-19 11:35:21',215,NULL),(141,58,'845632131524','New','Pay Patient','','RAGHURAM','89887676767','ram@gmail.com','0000-00-00','22','O+','Married','67565668776','hyd','HYDERABAD','Telangana','500072','INDIA','','','','','',NULL,NULL,NULL,NULL,NULL,NULL,NULL,NULL,NULL,NULL,NULL,NULL,NULL,NULL,NULL,NULL,NULL,NULL,NULL,NULL,NULL,'ar',NULL,NULL,NULL,NULL,NULL,NULL,'Male',NULL,NULL,NULL,NULL,NULL,NULL,NULL,NULL,NULL,NULL,NULL,NULL,NULL,NULL,NULL,NULL,NULL,NULL,'1534572060141.png','2018-11-19 16:08:09',215,NULL),(142,58,'545554667676','Emergency','Pay Patient','','RAMU','78787876767','ramu@gmail.com','0000-00-00','23','A+','Single','','hyd','HYD','Telangana','500072','INDIA','','','','','',NULL,NULL,NULL,NULL,NULL,NULL,NULL,NULL,NULL,NULL,NULL,NULL,NULL,NULL,NULL,NULL,NULL,NULL,NULL,NULL,NULL,'',NULL,NULL,NULL,NULL,NULL,NULL,'Male',NULL,NULL,NULL,NULL,NULL,NULL,NULL,NULL,NULL,NULL,NULL,NULL,NULL,NULL,NULL,NULL,NULL,NULL,'1534572267142.png','2018-11-26 15:27:53',215,NULL),(143,60,'','Emergency','Pay Patient','','babu','9898898989','babu@gmail.com','0000-00-00','30','A-','Married','67767676766','hyd','hyd','Telangana','500072','india','','','','','',NULL,NULL,NULL,NULL,NULL,NULL,NULL,NULL,NULL,NULL,NULL,NULL,NULL,NULL,NULL,NULL,NULL,NULL,NULL,NULL,NULL,'',NULL,NULL,NULL,NULL,NULL,NULL,'Male',NULL,NULL,NULL,NULL,NULL,NULL,NULL,NULL,NULL,NULL,NULL,NULL,NULL,NULL,NULL,NULL,NULL,NULL,'1534572649143.png','2018-08-18 11:40:49',222,NULL),(144,58,'254223465899','New','Staff','','REVATHI','9546123566','rev@gmail.com','2009-01-05','15','A+','Single','5532256865','hgt','Hyd','Telangana','5022145','India','','','','','',NULL,NULL,NULL,NULL,NULL,NULL,NULL,NULL,NULL,NULL,NULL,NULL,NULL,NULL,NULL,NULL,NULL,NULL,NULL,NULL,NULL,'remya',NULL,NULL,NULL,NULL,NULL,NULL,'Female',NULL,NULL,NULL,NULL,NULL,NULL,NULL,NULL,NULL,NULL,NULL,NULL,NULL,NULL,NULL,NULL,NULL,NULL,'1535964986144.png','2018-10-15 16:38:26',215,NULL),(145,65,'123456812345','New','Pay Patient','','PRIYA','9999999999','priya@gmail.com','0000-00-00','22','O-','Single','','srd','Hyderabad','Maharashtra','528855','India','srd','Hyderabad','Nagaland','5741235','India',NULL,NULL,NULL,NULL,NULL,NULL,NULL,NULL,NULL,NULL,NULL,NULL,NULL,NULL,NULL,NULL,NULL,NULL,NULL,NULL,NULL,'',NULL,NULL,NULL,NULL,NULL,NULL,'Female',NULL,NULL,NULL,NULL,NULL,NULL,NULL,NULL,NULL,NULL,NULL,NULL,NULL,NULL,NULL,NULL,NULL,NULL,'1536131056145.png','2018-09-05 12:36:07',231,NULL),(146,58,'955644877755','New','Pay Patient','','ARUNA','9552235925','pnt@gmail.com','2008-12-29','14','O+','Single','','5-471','Hyderabad','Telangana','502552','India','','','','','',NULL,NULL,NULL,NULL,NULL,NULL,NULL,NULL,NULL,NULL,NULL,NULL,NULL,NULL,NULL,NULL,NULL,NULL,NULL,NULL,NULL,'ar',NULL,NULL,NULL,NULL,NULL,NULL,'Female',NULL,NULL,NULL,NULL,NULL,NULL,NULL,NULL,NULL,NULL,NULL,NULL,NULL,NULL,NULL,NULL,NULL,NULL,'1536233145146.png','2018-11-19 11:39:39',215,NULL),(147,58,'845254566566','New','Pay Patient','','SID','5786213466','sid@gmail.com','2009-10-01','15','A-','Single','86532656356','4-54, kphb ','Hyderabad','Telangana','551256','India','','','','','',NULL,NULL,NULL,NULL,NULL,NULL,NULL,NULL,NULL,NULL,NULL,NULL,NULL,NULL,NULL,NULL,NULL,NULL,NULL,NULL,NULL,'renu',NULL,NULL,NULL,NULL,NULL,NULL,'Male',NULL,NULL,NULL,NULL,NULL,NULL,NULL,NULL,NULL,NULL,NULL,NULL,NULL,NULL,NULL,NULL,NULL,NULL,'1538974485147.png','2018-11-21 10:41:57',215,NULL),(148,58,'123456789777','New','Staff','','BHAVYA','9502710179','bhavya@gmail.com','2018-10-04','21','O+','Single','12356897412','nagole','Hyd','Telangana','500035','India','','','','','',NULL,NULL,NULL,NULL,NULL,NULL,NULL,NULL,NULL,NULL,NULL,NULL,NULL,NULL,NULL,NULL,NULL,NULL,NULL,NULL,NULL,'',NULL,NULL,NULL,NULL,NULL,NULL,'Female',NULL,NULL,NULL,NULL,NULL,NULL,NULL,NULL,NULL,NULL,NULL,NULL,NULL,NULL,NULL,NULL,NULL,NULL,'1539173333148.png','2018-10-24 16:35:45',215,NULL),(149,65,'852369874125','Emergency','Pay Patient','','CHINNI','8500226782','chinni@gmail.com','2018-10-12','12','O+','Single','9874563212','kadapa','Mydukur','Andhra Pradesh','516172','India','','','','','',NULL,NULL,NULL,NULL,NULL,NULL,NULL,NULL,NULL,NULL,NULL,NULL,NULL,NULL,NULL,NULL,NULL,NULL,NULL,NULL,NULL,'vasu',NULL,NULL,NULL,NULL,NULL,NULL,'Female',NULL,NULL,NULL,NULL,NULL,NULL,NULL,NULL,NULL,NULL,NULL,NULL,NULL,NULL,NULL,NULL,NULL,NULL,'1539326969149.png','2018-10-12 12:19:28',223,NULL),(150,0,'454685238855','New','Pay Patient','','SRI','9553534555','sri@gmail.com','2018-10-14','10','A-','Single','12544120455742','tst','Hyderabad','Telangana','541015','India','','','','','',NULL,NULL,NULL,NULL,NULL,NULL,NULL,NULL,NULL,NULL,NULL,NULL,NULL,NULL,NULL,NULL,NULL,NULL,NULL,NULL,NULL,'ar',NULL,NULL,NULL,NULL,NULL,NULL,'Female',NULL,NULL,NULL,NULL,NULL,NULL,NULL,NULL,NULL,NULL,NULL,NULL,NULL,NULL,NULL,NULL,NULL,NULL,'1539414186150.png','2018-10-13 12:33:06',242,NULL),(151,70,'855125253231','New','Pay Patient','','SRI','9529563256','sri@gmail.com','1999-02-11','20','AB+','Single','8956238563','Dilsukh nagar','Hyderabad','Telangana','520454','India','','','','','',NULL,NULL,NULL,NULL,NULL,NULL,NULL,NULL,NULL,NULL,NULL,NULL,NULL,NULL,NULL,NULL,NULL,NULL,NULL,NULL,NULL,'as',NULL,NULL,NULL,NULL,NULL,NULL,'Female',NULL,NULL,NULL,NULL,NULL,NULL,NULL,NULL,NULL,NULL,NULL,NULL,NULL,NULL,NULL,NULL,NULL,NULL,'1539667757151.png','2018-10-16 10:59:17',251,NULL),(152,70,'885284520441','New','Staff dependent','','SID','9856329851','sid@gmail.com','1996-03-06','22','B+','Single','65985632895','kukatpalli','Hyderabad','Telangana','500354','India','','','','','',NULL,NULL,NULL,NULL,NULL,NULL,NULL,NULL,NULL,NULL,NULL,NULL,NULL,NULL,NULL,NULL,NULL,NULL,NULL,NULL,NULL,'as',NULL,NULL,NULL,NULL,NULL,NULL,'Male',NULL,NULL,NULL,NULL,NULL,NULL,NULL,NULL,NULL,NULL,NULL,NULL,NULL,NULL,NULL,NULL,NULL,NULL,'1539669781152.png','2018-10-16 11:33:01',251,NULL),(153,58,'4511321454555','New','Pay Patient','','ANUSRI','95521325465','as@gmail.com','1996-06-12','21','B-','Single','854236984255','4-14','Hyderabad','Telangana','502214','India','','','','','',NULL,NULL,NULL,NULL,NULL,NULL,NULL,NULL,NULL,NULL,NULL,NULL,NULL,NULL,NULL,NULL,NULL,NULL,NULL,NULL,NULL,'bhavya',NULL,NULL,NULL,NULL,NULL,NULL,'Female',NULL,NULL,NULL,NULL,NULL,NULL,NULL,NULL,NULL,NULL,NULL,NULL,NULL,NULL,NULL,NULL,NULL,NULL,'1540987610153.png','2018-12-03 10:34:55',215,NULL),(154,74,'876655466655','New','Pay Patient','','SID','9565655645','sid@gmail.com','1994-06-09','24','A-','Single','845436646646','Miyapur','Hyderabad','Telangana','502121','India','','','','','',NULL,NULL,NULL,NULL,NULL,NULL,NULL,NULL,NULL,NULL,NULL,NULL,NULL,NULL,NULL,NULL,NULL,NULL,NULL,NULL,NULL,'anu',NULL,NULL,NULL,NULL,NULL,NULL,'Male',NULL,NULL,NULL,NULL,NULL,NULL,NULL,NULL,NULL,NULL,NULL,NULL,NULL,NULL,NULL,NULL,NULL,NULL,'1542354141154.png','2018-11-16 13:12:21',260,NULL),(155,58,'987456123789','New','Insurance','','SOWMYA','59864312522','sowmya@gmail.com','2018-11-17','25','O-','Single','3216555544','nagole','Hyd','Telangana','500035','India','','','','','',NULL,NULL,NULL,NULL,NULL,NULL,NULL,NULL,NULL,NULL,NULL,NULL,NULL,NULL,NULL,NULL,NULL,NULL,NULL,NULL,NULL,'',NULL,NULL,NULL,NULL,NULL,NULL,'Female',NULL,NULL,NULL,NULL,NULL,NULL,NULL,NULL,NULL,NULL,NULL,NULL,NULL,NULL,NULL,NULL,NULL,NULL,'1542364914155.png','2018-11-26 15:25:23',215,NULL),(156,74,'784484844848','New','Insurance','','SRILATHA','9854548885','sri@gail.com','1993-05-04','25','B+','Single','8885458684','Kphb','Hyderabad','Telangana','502121','India','','','','','',NULL,NULL,NULL,NULL,NULL,NULL,NULL,NULL,NULL,NULL,NULL,NULL,NULL,NULL,NULL,NULL,NULL,NULL,NULL,NULL,NULL,'arya',NULL,NULL,NULL,NULL,NULL,NULL,'Female',NULL,NULL,NULL,NULL,NULL,NULL,NULL,NULL,NULL,NULL,NULL,NULL,NULL,NULL,NULL,NULL,NULL,NULL,'1542610176156.png','2018-11-19 12:19:36',260,NULL),(157,58,'','Emergency','Pay Patient','','KASIUMAMAHESH','1234567890','kasiuma@gmail.com','2018-11-14','28','O+','Single','32145698741','bhimavaram','Hyd','Andhra Pradesh','500072','India','','','','','',NULL,NULL,NULL,NULL,NULL,NULL,NULL,NULL,NULL,NULL,NULL,NULL,NULL,NULL,NULL,NULL,NULL,NULL,NULL,NULL,NULL,'vasu',NULL,NULL,NULL,NULL,NULL,NULL,'Male',NULL,NULL,NULL,NULL,NULL,NULL,NULL,NULL,NULL,NULL,NULL,NULL,NULL,NULL,NULL,NULL,NULL,NULL,'1542625039157.png','2018-11-26 15:00:12',215,NULL),(158,58,'','Emergency','Pay Patient','','KASI','1234567890','kasim@gmail.com','2018-11-19','26','O-','Single','32145698741','test','Test','Andhra Pradesh','500072','India','','','','','',NULL,NULL,NULL,NULL,NULL,NULL,NULL,NULL,NULL,NULL,NULL,NULL,NULL,NULL,NULL,NULL,NULL,NULL,NULL,NULL,NULL,'kasi',NULL,NULL,NULL,NULL,NULL,NULL,'Male',NULL,NULL,NULL,NULL,NULL,NULL,NULL,NULL,NULL,NULL,NULL,NULL,NULL,NULL,NULL,NULL,NULL,NULL,'1542625161158.png','2018-11-19 16:29:21',223,NULL),(159,58,'987456123225','New','Pay Patient','','BHAVYA','9550252384','bijumolarya@gmail.com','2018-11-21','22','AB+','Single','854562123658','kphb','Hyderabad','Telangana','502300','India','','','','','',NULL,NULL,NULL,NULL,NULL,NULL,NULL,NULL,NULL,NULL,NULL,NULL,NULL,NULL,NULL,NULL,NULL,NULL,NULL,NULL,NULL,'arya',NULL,NULL,NULL,NULL,NULL,NULL,'Female',NULL,NULL,NULL,NULL,NULL,NULL,NULL,NULL,NULL,NULL,NULL,NULL,NULL,NULL,NULL,NULL,NULL,NULL,'1542694585159.png','2018-11-21 10:14:02',215,NULL),(160,57,'676876867867','New','Staff dependent','','KASIUMAMAHESH','1234567890','admin@gmail.com','2018-11-28','26','O-','Single','32145698741','trest','Hyd','Andhra Pradesh','500072','India','','','','','',NULL,NULL,NULL,NULL,NULL,NULL,NULL,NULL,NULL,NULL,NULL,NULL,NULL,NULL,NULL,NULL,NULL,NULL,NULL,NULL,NULL,'vasu',NULL,NULL,NULL,NULL,NULL,NULL,'Male',NULL,NULL,NULL,NULL,NULL,NULL,NULL,NULL,NULL,NULL,NULL,NULL,NULL,NULL,NULL,NULL,NULL,NULL,'1543412675160.png','2018-11-28 19:14:33',199,NULL),(161,78,'','Emergency','Staff','','VASU','8500050944','vasu@gmail.com','2018-11-15','26','B+','Married','124524254545','test','Kadapa','Andhra Pradesh','516172','India','','','','','',NULL,NULL,NULL,NULL,NULL,NULL,NULL,NULL,NULL,NULL,NULL,NULL,NULL,NULL,NULL,NULL,NULL,NULL,NULL,NULL,NULL,'vasu',NULL,NULL,NULL,NULL,NULL,NULL,'Male',NULL,NULL,NULL,NULL,NULL,NULL,NULL,NULL,NULL,NULL,NULL,NULL,NULL,NULL,NULL,NULL,NULL,NULL,'1543503355161.png','2018-11-29 20:49:27',271,NULL),(162,79,'123456788888','Emergency','Staff','','SRAVAN','1234567890','sravanpatient@gmail.com','2018-12-19','26','B+','Single','1234567890','test','Hyd','Andhra Pradesh','516172','India','','','','','',NULL,NULL,NULL,NULL,NULL,NULL,NULL,NULL,NULL,NULL,NULL,NULL,NULL,NULL,NULL,NULL,NULL,NULL,NULL,NULL,NULL,'saradhi',NULL,NULL,NULL,NULL,NULL,NULL,'Male',NULL,NULL,NULL,NULL,NULL,NULL,NULL,NULL,NULL,NULL,NULL,NULL,NULL,NULL,NULL,NULL,NULL,NULL,'1543753559162.png','2018-12-02 17:57:01',276,NULL),(163,79,'','New','Corporate','','SRAVAN','7417417410','saradhirest@gmail.com','2018-12-05','27','B-','Single','','test','123456789622a','Arunachal Pradesh','516172','123','','','','','',NULL,NULL,NULL,NULL,NULL,NULL,NULL,NULL,NULL,NULL,NULL,NULL,NULL,NULL,NULL,NULL,NULL,NULL,NULL,NULL,NULL,'',NULL,NULL,NULL,NULL,NULL,NULL,'Male',NULL,NULL,NULL,NULL,NULL,NULL,NULL,NULL,NULL,NULL,NULL,NULL,NULL,NULL,NULL,NULL,NULL,NULL,'1543753846163.png','2018-12-02 18:35:58',276,NULL),(164,58,'505028282890','New','Pay Patient','','RAGHU','8328757978','raghu@gmail.com','2018-12-10','26','B+','Single','32145698741','test','Test','Andhra Pradesh','516172','India','','','','','',NULL,NULL,NULL,NULL,NULL,NULL,NULL,NULL,NULL,NULL,NULL,NULL,NULL,NULL,NULL,NULL,NULL,NULL,NULL,NULL,NULL,'vasu',NULL,NULL,NULL,NULL,NULL,NULL,'Male',NULL,NULL,NULL,NULL,NULL,NULL,NULL,NULL,NULL,NULL,NULL,NULL,NULL,NULL,NULL,NULL,NULL,NULL,'1544431537164.png','2018-12-10 14:15:35',215,NULL),(165,58,'505033200055','New','Pay Patient','','VAASUDEVAREDDY','8500050944','vaasuforu2@gmail.com','2018-12-27','26','B+','Single','32145698741','kadapa','Kadapa','Andhra Pradesh','516172','India','','','','','',NULL,NULL,NULL,NULL,NULL,NULL,NULL,NULL,NULL,NULL,NULL,NULL,NULL,NULL,NULL,NULL,NULL,NULL,NULL,NULL,NULL,'vasu',NULL,NULL,NULL,NULL,NULL,NULL,'Male',NULL,NULL,NULL,NULL,NULL,NULL,NULL,NULL,NULL,NULL,NULL,NULL,NULL,NULL,NULL,NULL,NULL,NULL,'1545903145165.png','2018-12-27 15:02:25',215,NULL),(166,58,'450054021001','New','Pay Patient','','RAGHU','9581758358','raghuram7577@gmail.com','0000-00-00','23','Unknown','Single','','Sangareddy dist','SANGAREDDY','Andhra Pradesh','502307','India','','','','','',NULL,NULL,NULL,NULL,NULL,NULL,NULL,NULL,NULL,NULL,NULL,NULL,NULL,NULL,NULL,NULL,NULL,NULL,NULL,NULL,NULL,'raghu',NULL,NULL,NULL,NULL,NULL,NULL,'Male',NULL,NULL,NULL,NULL,NULL,NULL,NULL,NULL,NULL,NULL,NULL,NULL,NULL,NULL,NULL,NULL,NULL,NULL,'1545904112166.png','2018-12-27 15:18:32',215,NULL),(167,58,'450054021010','New','Pay Patient','','RAGHU','9581758358','raghuram@gmail.com','0000-00-00','23','O-','Single','','Lig 451, kphb road3,  Hyderabad','Hyderabad','Andhra Pradesh','500072','India','','','','','',NULL,NULL,NULL,NULL,NULL,NULL,NULL,NULL,NULL,NULL,NULL,NULL,NULL,NULL,NULL,NULL,NULL,NULL,NULL,NULL,NULL,'raghu',NULL,NULL,NULL,NULL,NULL,NULL,'Male',NULL,NULL,NULL,NULL,NULL,NULL,NULL,NULL,NULL,NULL,NULL,NULL,NULL,NULL,NULL,NULL,NULL,NULL,'1545904251167.png','2018-12-27 15:20:51',215,NULL),(168,58,'454545478754','New','Staff dependent','','JAHNAVI','9492454454','jahnavimanchala89@gmail.com','1996-07-05','22','B+','Single','85125656565','kphb','Hyderabad','Telangana','512164','India','','','','','',NULL,NULL,NULL,NULL,NULL,NULL,NULL,NULL,NULL,NULL,NULL,NULL,NULL,NULL,NULL,NULL,NULL,NULL,NULL,NULL,NULL,'Anupama',NULL,NULL,NULL,NULL,NULL,NULL,'Female',NULL,NULL,NULL,NULL,NULL,NULL,NULL,NULL,NULL,NULL,NULL,NULL,NULL,NULL,NULL,NULL,NULL,NULL,'1545913398168.png','2018-12-27 17:53:17',215,NULL),(169,58,'852586525545','New','Pay Patient','','JAHNAVI','9525457578','anu@gmail.com','2009-06-05','16','O+','Single','','ameerpet','Hyderabad','Telangana','575754','India','ameerpet','Hyderabad','Telangana','575754','India',NULL,NULL,'Anu',NULL,'Tester','msc',NULL,'9501548455',NULL,'','xyz','Anu','sdf','sdfgh','458754','hyderabad','Telangana','india','anu@gmail.com','9546886666','tester','anu',NULL,NULL,NULL,NULL,NULL,NULL,'Female',NULL,NULL,NULL,NULL,NULL,NULL,NULL,NULL,NULL,'Anu','9564654655','ameerpet',NULL,NULL,NULL,NULL,NULL,NULL,'1545914066169.png','2018-12-27 18:04:26',215,'2018-12-27 18:05:59'),(170,58,'345678954335','New','Pay Patient','','JANU','9546897554','janu@gmail.com','2018-12-23','22','B+','Single','8985445455','kphb','Hyderabad','Telangana','502154','India','','','','','',NULL,NULL,NULL,NULL,NULL,NULL,NULL,NULL,NULL,NULL,NULL,NULL,NULL,NULL,NULL,NULL,NULL,NULL,NULL,NULL,NULL,'anu',NULL,NULL,NULL,NULL,NULL,NULL,'Female',NULL,NULL,NULL,NULL,NULL,NULL,NULL,NULL,NULL,NULL,NULL,NULL,NULL,NULL,NULL,NULL,NULL,NULL,'1545975915170.png','2018-12-28 11:15:15',215,NULL),(171,58,'505028282855','Emergency','Staff','','ARYA','9502710179','anu@gmail.com','2018-12-21','25','B-','Single','5444444444','ghhhhhh','Hyd','Telangana','500035','India','','','','','',NULL,NULL,NULL,NULL,NULL,NULL,NULL,NULL,NULL,NULL,NULL,NULL,NULL,NULL,NULL,NULL,NULL,NULL,NULL,NULL,NULL,'anu',NULL,NULL,NULL,NULL,NULL,NULL,'Female',NULL,NULL,NULL,NULL,NULL,NULL,NULL,NULL,NULL,NULL,NULL,NULL,NULL,NULL,NULL,NULL,NULL,NULL,'1545995551171.png','2018-12-31 10:02:53',215,NULL),(172,58,'754546546885','New','Pay Patient','','APARNA','9646546546','aparna@gmail.com','1999-11-29','20','O-','Single','7858798798787','sr nagar','Hyderabad','Telangana','502456','India','','','','','',NULL,NULL,NULL,NULL,NULL,NULL,NULL,NULL,NULL,NULL,NULL,NULL,NULL,NULL,NULL,NULL,NULL,NULL,NULL,NULL,NULL,'anu',NULL,NULL,NULL,NULL,NULL,NULL,'Female',NULL,NULL,NULL,NULL,NULL,NULL,NULL,NULL,NULL,NULL,NULL,NULL,NULL,NULL,NULL,NULL,NULL,NULL,'1546237191172.png','2018-12-31 11:49:50',215,NULL),(173,58,'785265652365','New','Pay Patient','','DFG','9876543219','asd@gmail.com','2010-12-08','19','A+','Married','2345678900','defrgtt','Sd','Mizoram','343332','Sdfgf','','','','','',NULL,NULL,NULL,NULL,NULL,NULL,NULL,NULL,NULL,NULL,NULL,NULL,NULL,NULL,NULL,NULL,NULL,NULL,NULL,NULL,NULL,'sdf',NULL,NULL,NULL,NULL,NULL,NULL,'Male',NULL,NULL,NULL,NULL,NULL,NULL,NULL,NULL,NULL,NULL,NULL,NULL,NULL,NULL,NULL,NULL,NULL,NULL,'1546239035173.png','2018-12-31 12:20:35',215,NULL),(174,58,'2345678900789','New','Pay Patient','','JANU','9554654644','janu@gmail.com','2009-11-13','18','B+','Single','8456212365478','karimnagar','Hyd','Telangana','502154','India','','','','','',NULL,NULL,NULL,NULL,NULL,NULL,NULL,NULL,NULL,NULL,NULL,NULL,NULL,NULL,NULL,NULL,NULL,NULL,NULL,NULL,NULL,'anu',NULL,NULL,NULL,NULL,NULL,NULL,'Female',NULL,NULL,NULL,NULL,NULL,NULL,NULL,NULL,NULL,NULL,NULL,NULL,NULL,NULL,NULL,NULL,NULL,NULL,'1546248771174.png','2018-12-31 15:02:51',215,NULL),(175,58,'505026500055','New','Pay Patient','','RAGHU','8500050944','pushkar@prachatech.com','2019-01-22','34','A-','Single','32145698741','test','Kadapa','Meghalaya','516172','India','','','','','',NULL,NULL,NULL,NULL,NULL,NULL,NULL,NULL,NULL,NULL,NULL,NULL,NULL,NULL,NULL,NULL,NULL,NULL,NULL,NULL,NULL,'vasu',NULL,NULL,NULL,NULL,NULL,NULL,'Male',NULL,NULL,NULL,NULL,NULL,NULL,NULL,NULL,NULL,NULL,NULL,NULL,NULL,NULL,NULL,NULL,NULL,NULL,'1546410392175.png','2019-01-02 11:56:32',215,NULL),(176,58,'874568484655','New','Pay Patient','','KRUPA','9541234567','krupa@mail.com','0000-00-00','21','O+','Single','587852369874','karimnagar','Hyderabad','Telangana','502123','India','','','','','',NULL,NULL,NULL,NULL,NULL,NULL,NULL,NULL,NULL,NULL,NULL,NULL,NULL,NULL,NULL,NULL,NULL,NULL,NULL,NULL,NULL,'anu',NULL,NULL,NULL,NULL,NULL,NULL,'Female',NULL,NULL,NULL,NULL,NULL,NULL,NULL,NULL,NULL,NULL,NULL,NULL,NULL,NULL,NULL,NULL,NULL,NULL,'1546413581176.png','2019-01-02 12:49:41',215,NULL),(177,58,'845123456754','New','Pay Patient','','KRUPA','9541231478','krupa@gmail.com','0000-00-00','21','A+','Single','','karimnagar','Hyderabad','Telangana','502123','India','','','','','',NULL,NULL,NULL,NULL,NULL,NULL,NULL,NULL,NULL,NULL,NULL,NULL,NULL,NULL,NULL,NULL,NULL,NULL,NULL,NULL,NULL,'ajnu',NULL,NULL,NULL,NULL,NULL,NULL,'Female',NULL,NULL,NULL,NULL,NULL,NULL,NULL,NULL,NULL,NULL,NULL,NULL,NULL,NULL,NULL,NULL,NULL,NULL,'1546414449177.png','2019-01-02 13:04:09',215,NULL),(178,70,'457451656562','New','Pay Patient','','AASHA','9541239874','aasha@gmail.com','0000-00-00','18','AB+','Single','845123965478','kurnool','Hyderabad','Telangana','5021412','India','','','','','',NULL,NULL,NULL,NULL,NULL,NULL,NULL,NULL,NULL,NULL,NULL,NULL,NULL,NULL,NULL,NULL,NULL,NULL,NULL,NULL,NULL,'arya',NULL,NULL,NULL,NULL,NULL,NULL,'Female',NULL,NULL,NULL,NULL,NULL,NULL,NULL,NULL,NULL,NULL,NULL,NULL,NULL,NULL,NULL,NULL,NULL,NULL,'1546418740178.png','2019-01-02 14:15:40',251,NULL),(179,58,'988787877767','New','Pay Patient','','RAGHU','9898887766','raghuram7577@gmail.com','0000-00-00','23','Unknown','Single','','hyd','ANANTAPUR','Andhra Pradesh','515001','India','','','','','',NULL,NULL,NULL,NULL,NULL,NULL,NULL,NULL,NULL,NULL,NULL,NULL,NULL,NULL,NULL,NULL,NULL,NULL,NULL,NULL,NULL,'',NULL,NULL,NULL,NULL,NULL,NULL,'Male',NULL,NULL,NULL,NULL,NULL,NULL,NULL,NULL,NULL,NULL,NULL,NULL,NULL,NULL,NULL,NULL,NULL,NULL,'1546512910179.png','2019-01-08 09:16:21',215,NULL),(180,58,'505028282850','Emergency','Staff','','RAGHU','98988888898','raghuram7577@gmail.com','0000-00-00','23','O-','Single','','Sangareddy dist','India','Andhra Pradesh','676666','India','','','','','',NULL,NULL,NULL,NULL,NULL,NULL,NULL,NULL,NULL,NULL,NULL,NULL,NULL,NULL,NULL,NULL,NULL,NULL,NULL,NULL,NULL,'',NULL,NULL,NULL,NULL,NULL,NULL,'Male',NULL,NULL,NULL,NULL,NULL,NULL,NULL,NULL,NULL,NULL,NULL,NULL,NULL,NULL,NULL,NULL,NULL,NULL,'1546517009180.png','2019-01-03 17:33:29',215,NULL),(181,58,'754123455851','New','Pay Patient','','NEHA','9541234754','neha@gmail.com','0000-00-00','22','A+','Single','884521236545','kurnool','Hyderabad','Telangana','5021235','India','','','','','',NULL,NULL,NULL,NULL,NULL,NULL,NULL,NULL,NULL,NULL,NULL,NULL,NULL,NULL,NULL,NULL,NULL,NULL,NULL,NULL,NULL,'anu',NULL,NULL,NULL,NULL,NULL,NULL,'Female',NULL,NULL,NULL,NULL,NULL,NULL,NULL,NULL,NULL,NULL,NULL,NULL,NULL,NULL,NULL,NULL,NULL,NULL,'1546581193181.png','2019-01-04 11:23:13',215,NULL),(182,58,'','New','Staff dependent','','RAGHU','98977667556','raghu1@gmail.cm','0000-00-00','23','Unknown','Single','','hyd','Hyd','Andhra Pradesh','500072','India','','','','','',NULL,NULL,NULL,NULL,NULL,NULL,NULL,NULL,NULL,NULL,NULL,NULL,NULL,NULL,NULL,NULL,NULL,NULL,NULL,NULL,NULL,'',NULL,NULL,NULL,NULL,NULL,NULL,'Male',NULL,NULL,NULL,NULL,NULL,NULL,NULL,NULL,NULL,NULL,NULL,NULL,NULL,NULL,NULL,NULL,NULL,NULL,'1547104523182.png','2019-01-10 12:46:50',215,NULL),(183,58,'','','','','VASU','8500050944','vasu@gmail.com','0000-00-00','26','B+','','','kadapa','','','','','','','','','',NULL,NULL,NULL,NULL,NULL,NULL,NULL,NULL,NULL,NULL,NULL,NULL,NULL,NULL,NULL,NULL,NULL,NULL,NULL,NULL,NULL,'',NULL,NULL,NULL,NULL,NULL,NULL,'Male',NULL,NULL,NULL,NULL,NULL,NULL,NULL,NULL,NULL,NULL,NULL,NULL,NULL,NULL,NULL,NULL,NULL,NULL,'1547127829183.png','2019-01-10 19:14:53',215,NULL),(184,58,'','','','','KASI UMA','1234567890','kasim@gmail.com','0000-00-00','26','B+','','','kadapa','','','','','','','','','',NULL,NULL,NULL,NULL,NULL,NULL,NULL,NULL,NULL,NULL,NULL,NULL,NULL,NULL,NULL,NULL,NULL,NULL,NULL,NULL,NULL,'',NULL,NULL,NULL,NULL,NULL,NULL,'Male',NULL,NULL,NULL,NULL,NULL,NULL,NULL,NULL,NULL,NULL,NULL,NULL,NULL,NULL,NULL,NULL,NULL,NULL,'1547184540184.png','2019-01-11 10:58:59',215,NULL),(185,58,'','','','','RAGHU','9581758358','Raghu@gmail.com','0000-00-00','22','O-','','','kadapa','','','','','','','','','',NULL,NULL,NULL,NULL,NULL,NULL,NULL,NULL,NULL,NULL,NULL,NULL,NULL,NULL,NULL,NULL,NULL,NULL,NULL,NULL,NULL,'Ram',NULL,NULL,NULL,NULL,NULL,NULL,'Male',NULL,NULL,NULL,NULL,NULL,NULL,NULL,NULL,NULL,NULL,NULL,NULL,NULL,NULL,NULL,NULL,NULL,NULL,'1547380743185.png','2019-01-18 18:35:05',215,NULL),(186,80,'','','','','RAGHU','9581758358','raghuram@gmail.com','0000-00-00','23','Unknown','','','Lig 451, kphb road3,  Hyderabad','','','','','','','','','',NULL,NULL,NULL,NULL,NULL,NULL,NULL,NULL,NULL,NULL,NULL,NULL,NULL,NULL,NULL,NULL,NULL,NULL,NULL,NULL,NULL,'',NULL,NULL,NULL,NULL,NULL,NULL,'Male',NULL,NULL,NULL,NULL,NULL,NULL,NULL,NULL,NULL,NULL,NULL,NULL,NULL,NULL,NULL,NULL,NULL,NULL,'1547707448186.png','2019-01-18 15:41:44',296,NULL),(187,80,'','','','','VASU','8500050944','testingvasu@gmail.com','0000-00-00','26','B-','','','kadapa','','','','','','','','','',NULL,NULL,NULL,NULL,NULL,NULL,NULL,NULL,NULL,NULL,NULL,NULL,NULL,NULL,NULL,NULL,NULL,NULL,NULL,NULL,NULL,'test',NULL,NULL,NULL,NULL,NULL,NULL,'Male',NULL,NULL,NULL,NULL,NULL,NULL,NULL,NULL,NULL,NULL,NULL,NULL,NULL,NULL,NULL,NULL,NULL,NULL,'1547708584187.png','2019-01-17 12:33:04',296,NULL),(188,80,'','','','','TEJU','8500050944','teju@gmail.com','0000-00-00','14','B+','','','kadapa','','','','','','','','','',NULL,NULL,NULL,NULL,NULL,NULL,NULL,NULL,NULL,NULL,NULL,NULL,NULL,NULL,NULL,NULL,NULL,NULL,NULL,NULL,NULL,'sivareddy',NULL,NULL,NULL,NULL,NULL,NULL,'Male',NULL,NULL,NULL,NULL,NULL,NULL,NULL,NULL,NULL,NULL,NULL,NULL,NULL,NULL,NULL,NULL,NULL,NULL,'1547709524188.png','2019-01-17 12:48:44',296,NULL),(189,80,'','','','','JYOTHI','8500050944','jyothireddy','0000-00-00','26','B+','','','kadapa','','','','','','','','','',NULL,NULL,NULL,NULL,NULL,NULL,NULL,NULL,NULL,NULL,NULL,NULL,NULL,NULL,NULL,NULL,NULL,NULL,NULL,NULL,NULL,'sivareddy',NULL,NULL,NULL,NULL,NULL,NULL,'Male',NULL,NULL,NULL,NULL,NULL,NULL,NULL,NULL,NULL,NULL,NULL,NULL,NULL,NULL,NULL,NULL,NULL,NULL,'1547709611189.png','2019-01-17 17:12:55',296,NULL),(190,80,'','','','','LAKSH','9854123654','laksh@gmail.com','0000-00-00','32','O+','','','Ameerpet, Hyderabad','','','','','','','','','',NULL,NULL,NULL,NULL,NULL,NULL,NULL,NULL,NULL,NULL,NULL,NULL,NULL,NULL,NULL,NULL,NULL,NULL,NULL,NULL,NULL,'Anu',NULL,NULL,NULL,NULL,NULL,NULL,'Male',NULL,NULL,NULL,NULL,NULL,NULL,NULL,NULL,NULL,NULL,NULL,NULL,NULL,NULL,NULL,NULL,NULL,NULL,'1547719659190.png','2019-01-17 15:37:38',296,NULL),(191,80,'','','','','SRI','9502710179','sri@gmail.com','0000-00-00','25','O+','','','nagole','','','','','','','','','',NULL,NULL,NULL,NULL,NULL,NULL,NULL,NULL,NULL,NULL,NULL,NULL,NULL,NULL,NULL,NULL,NULL,NULL,NULL,NULL,NULL,'',NULL,NULL,NULL,NULL,NULL,NULL,'Female',NULL,NULL,NULL,NULL,NULL,NULL,NULL,NULL,NULL,NULL,NULL,NULL,NULL,NULL,NULL,NULL,NULL,NULL,'1547722235191.png','2019-01-17 16:20:35',296,NULL),(192,80,'','','','','ANITHA','9550252387','anitha@gmail.com','0000-00-00','25','A+','','','Sanath nagar','','','','','','','','','',NULL,NULL,NULL,NULL,NULL,NULL,NULL,NULL,NULL,NULL,NULL,NULL,NULL,NULL,NULL,NULL,NULL,NULL,NULL,NULL,NULL,'arya',NULL,NULL,NULL,NULL,NULL,NULL,'Female',NULL,NULL,NULL,NULL,NULL,NULL,NULL,NULL,NULL,NULL,NULL,NULL,NULL,NULL,NULL,NULL,NULL,NULL,'1547725451192.png','2019-01-17 17:14:11',296,NULL),(193,80,'','','','','KRITHIKA','9502710179','krithika@gm ail.com','0000-00-00','25','O+','','','nagole','','','','','','','','','',NULL,NULL,NULL,NULL,NULL,NULL,NULL,NULL,NULL,NULL,NULL,NULL,NULL,NULL,NULL,NULL,NULL,NULL,NULL,NULL,NULL,'',NULL,NULL,NULL,NULL,NULL,NULL,'Female',NULL,NULL,NULL,NULL,NULL,NULL,NULL,NULL,NULL,NULL,NULL,NULL,NULL,NULL,NULL,NULL,NULL,NULL,'1547804628193.png','2019-01-18 15:13:48',296,NULL),(194,80,'','','','','RAMYA','9502710179','ramya@gmail.com','0000-00-00','25','O-','','','kphb','','','','','','','','','',NULL,NULL,NULL,NULL,NULL,NULL,NULL,NULL,NULL,NULL,NULL,NULL,NULL,NULL,NULL,NULL,NULL,NULL,NULL,NULL,NULL,'',NULL,NULL,NULL,NULL,NULL,NULL,'Female',NULL,NULL,NULL,NULL,NULL,NULL,NULL,NULL,NULL,NULL,NULL,NULL,NULL,NULL,NULL,NULL,NULL,NULL,'1547806513194.png','2019-01-18 15:45:13',296,NULL),(195,81,'','','','','REDDEM','8500050944','reddem@gmail.com','0000-00-00','26','B+','','','kadapa','','','','','','','','','',NULL,NULL,NULL,NULL,NULL,NULL,NULL,NULL,NULL,NULL,NULL,NULL,NULL,NULL,NULL,NULL,NULL,NULL,NULL,NULL,NULL,'vasu',NULL,NULL,NULL,NULL,NULL,NULL,'Male',NULL,NULL,NULL,NULL,NULL,NULL,NULL,NULL,NULL,NULL,NULL,NULL,NULL,NULL,NULL,NULL,NULL,NULL,'1547828796195.png','2019-01-18 21:56:36',305,NULL),(196,81,'','','','','REDDEM CHINNA','8500050944','reddemchinna@gmail.com','0000-00-00','26','B+','','','kadapa','','','','','','','','','',NULL,NULL,NULL,NULL,NULL,NULL,NULL,NULL,NULL,NULL,NULL,NULL,NULL,NULL,NULL,NULL,NULL,NULL,NULL,NULL,NULL,'reddem',NULL,NULL,NULL,NULL,NULL,NULL,'Male',NULL,NULL,NULL,NULL,NULL,NULL,NULL,NULL,NULL,NULL,NULL,NULL,NULL,NULL,NULL,NULL,NULL,NULL,'1547828840196.png','2019-01-18 21:57:20',305,NULL);

/*Table structure for table `prescription_manual` */

DROP TABLE IF EXISTS `prescription_manual`;

CREATE TABLE `prescription_manual` (
  `id` int(11) NOT NULL AUTO_INCREMENT,
  `hos_id` varchar(250) DEFAULT NULL,
  `name` varchar(250) DEFAULT NULL,
  `p_id` varchar(250) DEFAULT NULL,
  `mobile` varchar(250) DEFAULT NULL,
  `status` int(11) DEFAULT NULL,
  `create_at` datetime DEFAULT NULL,
  `create_by` int(11) DEFAULT NULL,
  PRIMARY KEY (`id`)
) ENGINE=MyISAM AUTO_INCREMENT=40 DEFAULT CHARSET=latin1;

/*Data for the table `prescription_manual` */

insert  into `prescription_manual`(`id`,`hos_id`,`name`,`p_id`,`mobile`,`status`,`create_at`,`create_by`) values (18,'58','','','',1,'2018-08-18 12:17:39',216),(19,'58','','254123568745','9553645216',1,'2018-09-11 12:04:11',216),(20,'58','','25456421442421','',1,'2018-09-11 12:04:57',216),(21,'58','','25456421442421','',1,'2018-09-11 12:10:41',216),(22,'58','','253214532554','9522454452',1,'2018-09-11 12:22:58',216),(23,'58','','25','',1,'2018-09-19 14:43:40',216),(24,'58','','144','',1,'2018-10-10 15:19:32',216),(25,'58','','','',1,'2018-10-10 16:22:34',216),(26,'58','ragu','138','8500123654',1,'2018-10-12 10:53:16',216),(27,'58','','138','8500050944',1,'2018-10-12 11:12:10',216),(28,'58','kasi','158','',1,'2018-11-19 17:19:06',216),(29,'58','raghu','158','1234567890',1,'2018-11-19 17:20:09',216),(30,'58','raghu','158','',1,'2018-11-19 17:28:55',216),(31,'78','','161','',1,'2018-11-29 20:43:41',272),(32,'79','sravan','162','',1,'2018-12-02 18:30:41',277),(33,'58','','157','',1,'2018-12-03 10:42:01',216),(34,'58','','','',1,'2019-01-02 16:31:45',216),(35,'80','sri','190','9502710179',1,'2019-01-17 18:28:46',297),(36,'80','laksh','190','9520142205',1,'2019-01-17 18:32:01',297),(37,'58','','186','',1,'2019-01-18 10:33:37',216),(38,'80','','','',1,'2019-01-18 10:43:49',297),(39,'80','laksh','190','9515484755',1,'2019-01-18 15:30:26',297);

/*Table structure for table `resource_chating` */

DROP TABLE IF EXISTS `resource_chating`;

CREATE TABLE `resource_chating` (
  `id` int(11) NOT NULL AUTO_INCREMENT,
  `user_id` int(11) DEFAULT NULL,
  `replay_user_id` int(11) DEFAULT NULL,
  `to` int(11) DEFAULT NULL,
  `comment` text,
  `image` varchar(250) DEFAULT NULL,
  `type` enum('Replay','Replayed') DEFAULT NULL,
  `create_at` datetime DEFAULT NULL,
  `updated_by` datetime DEFAULT NULL,
  PRIMARY KEY (`id`)
) ENGINE=InnoDB AUTO_INCREMENT=18 DEFAULT CHARSET=latin1;

/*Data for the table `resource_chating` */

insert  into `resource_chating`(`id`,`user_id`,`replay_user_id`,`to`,`comment`,`image`,`type`,`create_at`,`updated_by`) values (1,215,0,216,'hi','','Replay','2018-10-10 16:06:19','2018-10-10 16:06:19'),(2,217,0,216,'hiiiiiiiiii','','Replay','2018-10-10 16:37:11','2018-10-10 16:37:11'),(3,217,0,216,'hello','','Replay','2018-10-10 16:37:25','2018-10-10 16:37:25'),(4,216,0,217,'hii','','Replay','2018-10-10 16:43:46','2018-10-10 16:43:46'),(5,216,0,217,'hello','','Replay','2018-10-10 16:51:04','2018-10-10 16:51:04'),(6,252,0,249,'hi','','Replay','2018-10-16 17:25:53','2018-10-16 17:25:53'),(7,249,0,252,'hello','','Replay','2018-10-16 17:26:22','2018-10-16 17:26:22'),(8,251,0,249,'hi','','Replay','2018-10-22 14:40:30','2018-10-22 14:40:30'),(9,215,0,209,'hiii','','Replay','2018-10-23 11:34:31','2018-10-23 11:34:31'),(10,215,0,216,'hiiii','','Replay','2018-10-24 12:44:17','2018-10-24 12:44:17'),(11,215,0,207,'hello','1541232858.docx','Replay','2018-11-03 13:44:18','2018-11-03 13:44:18'),(12,272,0,273,'hii','','Replay','2018-11-29 20:48:18','2018-11-29 20:48:18'),(13,296,0,299,'hi good morning ','','Replay','2019-01-18 10:42:00','2019-01-18 10:42:00'),(14,296,0,299,'hiii','','Replay','2019-01-18 12:58:02','2019-01-18 12:58:02'),(15,296,0,296,'hello','','Replay','2019-01-18 13:02:22','2019-01-18 13:02:22'),(16,296,0,297,'hello','','Replay','2019-01-18 13:02:29','2019-01-18 13:02:29'),(17,299,0,296,'haii','','Replay','2019-01-18 13:03:03','2019-01-18 13:03:03');

/*Table structure for table `resource_list` */

DROP TABLE IF EXISTS `resource_list`;

CREATE TABLE `resource_list` (
  `r_id` int(11) NOT NULL AUTO_INCREMENT,
  `a_id` int(11) DEFAULT NULL,
  `role_id` int(11) DEFAULT NULL,
  `hos_id` int(11) DEFAULT NULL,
  `resource_name` varchar(250) DEFAULT NULL,
  `consultation_fee` varchar(250) DEFAULT NULL,
  `resource_mobile` varchar(45) DEFAULT NULL,
  `resource_add1` varchar(250) DEFAULT NULL,
  `resource_add2` varchar(250) DEFAULT NULL,
  `resource_city` varchar(250) DEFAULT NULL,
  `resource_state` varchar(250) DEFAULT NULL,
  `resource_zipcode` varchar(250) DEFAULT NULL,
  `resource_other_details` text,
  `resource_contatnumber` varchar(45) DEFAULT NULL,
  `resource_email` varchar(250) DEFAULT NULL,
  `resource_photo` varchar(250) DEFAULT NULL,
  `resource_document` varchar(250) DEFAULT NULL,
  `resource_bank_holdername` varchar(250) DEFAULT NULL,
  `resource_bank_accno` varchar(250) DEFAULT NULL,
  `resource_ifsc_code` varchar(250) DEFAULT NULL,
  `resource_other_document` varchar(250) DEFAULT NULL,
  `r_status` int(11) DEFAULT NULL,
  `r_created_at` datetime DEFAULT NULL,
  `r_updated_at` datetime DEFAULT NULL,
  `r_create_by` int(11) DEFAULT NULL,
  `current_status` varchar(250) DEFAULT NULL,
  `out_source_lab` int(11) DEFAULT '0',
  `in_time` varchar(250) DEFAULT NULL,
  `out_time` varchar(250) DEFAULT NULL,
  PRIMARY KEY (`r_id`)
) ENGINE=InnoDB AUTO_INCREMENT=220 DEFAULT CHARSET=latin1;

/*Data for the table `resource_list` */

insert  into `resource_list`(`r_id`,`a_id`,`role_id`,`hos_id`,`resource_name`,`consultation_fee`,`resource_mobile`,`resource_add1`,`resource_add2`,`resource_city`,`resource_state`,`resource_zipcode`,`resource_other_details`,`resource_contatnumber`,`resource_email`,`resource_photo`,`resource_document`,`resource_bank_holdername`,`resource_bank_accno`,`resource_ifsc_code`,`resource_other_document`,`r_status`,`r_created_at`,`r_updated_at`,`r_create_by`,`current_status`,`out_source_lab`,`in_time`,`out_time`) values (143,198,6,57,'S K MAHABOOB BASHA','150','9440012629','PILER','','CHITOOR','ANDHRA PRADESH','517214',NULL,'9440012629','skbasha@gmail.com','','','SKR HOSPITAL','044111100001398','ANDB0000441','',1,'2018-07-16 15:17:44',NULL,197,NULL,0,'10:00 am','03:00 pm'),(144,199,3,57,'JYOTHI',NULL,'08584244976','SKR HOSPITAL ,PILER','','CHITOOR','ANDHRA PRADESH','517214',NULL,'08584244976','jyothirecp@gmail.com','','','SKR HOSPITAL','044111100001398','ANDB0000441','',1,'2018-07-16 15:24:52',NULL,197,NULL,0,NULL,NULL),(145,200,4,57,'PUSHPA',NULL,'08584244976','PILER','','CHITTOR','ANDHRAPRADESH','517214',NULL,'08584244976','pushpa@gmail.com','','','skr hospital','044111100001398','ANDB0000441','',1,'2018-07-16 15:28:20',NULL,197,NULL,0,NULL,NULL),(146,201,5,57,'DANALAKSHMI',NULL,'08584244976','piler','','chitoor','andhrapradesh','517214',NULL,'08584244976','danalakshmi@gmail.com','','','skr hospital','044111100001398','ANDB0000441','',1,'2018-07-16 15:31:20',NULL,197,NULL,0,NULL,NULL),(147,202,5,0,'LAKSHMI CLINICAL LAB',NULL,'9985762646','PILERU','','CHITOOR','ANDHRAPRADESH','517214','','9985762646','lakshmiclinic@gmail.com','',NULL,NULL,NULL,NULL,NULL,1,'2018-07-16 15:35:51',NULL,1,NULL,1,NULL,NULL),(148,207,6,58,'Priya','143','8654123356','5-47','Shanthi Nagar','Hyderabad','Telangana','5022585','','8522555662','priya@gmail.com','','','Priya','8452369974','acde4523699','',1,'2018-10-31 15:11:20',NULL,203,NULL,0,'10:00 am','03:00 pm'),(149,208,6,59,'prema','200','9502710179','uppal','uppal','Hyderabad','Telangana','500035','','95275555555','prema@gmail.com','','','prema','4668523158445','sbi12345678','',1,'2018-11-28 19:06:56',NULL,204,NULL,0,'09:00 am','03:00 pm'),(150,209,6,58,'kavya','300','9852365456','8-24','Ashok Nagar','Hyderabad','Telangana','5023254','','9556321456','kavya@gmail.com','','','Kavya','84662256663','ased4523366','',1,'2018-12-03 11:25:48',NULL,203,NULL,0,'10:00 am','02:00 pm'),(151,210,6,59,'keerthi',NULL,'9502710179','uppal','uppal','hyderabad','Telangana','500035','','1234567895','keerthi@gmail.com','','','keerthi','123466899','sbi45678912','',1,'2018-10-31 15:03:34',NULL,204,NULL,0,'10:00 am','04:30 pm'),(152,211,6,61,'prem',NULL,'9502710179','uppal','uppal','Hyderabad','telangana','500035',NULL,'5698456123','prem@gmail.com','','','prem','1234567894','sbi78945612','',1,'2018-07-18 17:00:39',NULL,206,NULL,0,NULL,NULL),(153,212,6,60,'Tarun',NULL,'85610365655','4-23','Balnagar','Hyderabad','Telangana','502369',NULL,'9563258896','tarun@gmail.com','','','Tarun','785236669','sedf2121254','',2,'2018-07-18 17:00:41',NULL,205,NULL,0,NULL,NULL),(154,213,6,61,'Arun','100','9502710179','nagole','nagole','hyderabad','Andhra Pradesh','500035','','4567891234','arun@gmail.com','','','arun','123564789122','sbi65789122','',1,'2018-11-29 11:19:47',NULL,206,NULL,0,'',''),(155,214,6,60,'Sid',NULL,'9856324452','5-75','Prashanth Nagar','Hyderabad','Telangana','5202445',NULL,'8965663662','sid@gmail.com','','','Sid','89522555555','cder1234568','',2,'2018-07-18 17:03:01',NULL,205,NULL,0,NULL,NULL),(156,215,3,58,'sai',NULL,'9898989898','hyd','','hyderabad','Telangana','500072','','9000908978','reddy@gmail.com','','','','','','',1,'2018-11-19 17:30:30',NULL,203,NULL,0,NULL,NULL),(157,216,4,58,'venu',NULL,'8328579782','hyd','','KADAPA','Andhra Pradesh','500072','','9581758358','venu@gmail.com','','','','','','',1,'2018-11-14 15:17:11',NULL,203,NULL,0,NULL,NULL),(158,217,5,58,'RAGHU',NULL,'9581758358','hyd','','hyd','Telangana','500072',NULL,'88787878787','raghu@gmail.com','','','','','','',1,'2018-10-15 11:07:58',NULL,203,NULL,0,NULL,NULL),(159,218,5,0,'ramu',NULL,'9291622365','tpt','tpt','tiruapthi','andhra pradesh','500072','','8328579782','ramu@gmail.com','',NULL,NULL,NULL,NULL,NULL,1,'2018-07-20 17:05:37',NULL,1,NULL,1,NULL,NULL),(160,219,9,58,'raghu',NULL,'9898989787','hyd','','hyd','ts','500072',NULL,'87878778788','ward@gmail.com','','','','','','',1,'2018-07-23 13:20:04',NULL,203,NULL,0,NULL,NULL),(161,220,3,59,'reddy',NULL,'8988888787','hyd','','hyd','ts','565656',NULL,'87878787787','reddy1@gmail.com','','','','','','',1,'2018-07-23 14:18:19',NULL,204,NULL,0,NULL,NULL),(162,221,3,58,'recp',NULL,'8500050944','test','test','hyd','ts','516172',NULL,'8019452210','recp9@gmail.com','','','','','','',1,'2018-07-23 17:10:12',NULL,203,NULL,0,NULL,NULL),(163,222,3,60,'raghu',NULL,'7676767676','hyd','','hyd','ts','500072',NULL,'98989877787','recp1@gmail.com','','','','','','',2,'2018-07-25 11:45:46',NULL,205,NULL,0,NULL,NULL),(164,223,3,61,'sai',NULL,'9898767676','hyd','','hyd','ts','500072',NULL,'9887878766','recp2@gmail.com','','','','','','',1,'2018-07-25 11:50:20',NULL,206,NULL,0,NULL,NULL),(165,226,3,63,'Devi',NULL,'1234512345','Tpt','Tpt','Tirupathi ','Ap','517502',NULL,'1234512344','Devi@gmail.com','','','','','','',1,'2018-08-18 12:54:53',NULL,225,NULL,0,NULL,NULL),(166,227,6,63,'madu',NULL,'1234512345','tpt','tpt','tpt','ap','517502',NULL,'1234554321','madu@gmail.com','','','','','','',1,'2018-08-18 13:55:16',NULL,225,NULL,0,NULL,NULL),(167,230,5,0,'james',NULL,'9874631255','srd','srd','Hyderabad',NULL,'502145','','9874563215','lab@gmail.com','',NULL,NULL,NULL,NULL,NULL,1,'2018-09-05 12:15:26','2018-11-16 12:28:20',1,NULL,1,NULL,NULL),(168,231,3,65,'madhu',NULL,'99999999999','srd','srd','Hyderabad','Telangana','502214',NULL,'8888888888','madhu@gmail.com','','','','','','',2,'2018-11-16 11:45:19',NULL,229,NULL,0,NULL,NULL),(169,232,6,65,'ashu',NULL,'99999999999','srd','srd','Hyderabad',NULL,'502214',NULL,'8888888888','ashu@gmail.com','','','','','','',2,'2018-09-05 12:22:51',NULL,229,NULL,0,NULL,NULL),(170,234,5,0,'Kavya',NULL,'9552025489','H.NO-5-24','sr nagar','Hyderabad','telangana','5021452','bgt','9550214564','out@gmail.com','',NULL,NULL,NULL,NULL,NULL,1,'2018-09-06 12:32:14','2018-09-10 15:33:50',1,NULL,1,NULL,NULL),(171,235,3,66,'Sindhu',NULL,'9550254454','H.NO:2-24','KPHB','Hyderabad','Telangana','502454',NULL,'9876543210','recp@gmail.com','','','','','','',1,'2018-09-06 13:33:45','2018-09-06 14:17:28',233,NULL,0,NULL,NULL),(172,236,6,66,'ram',NULL,'9854512155','7-12/45','lingumpally','Hyderabad',NULL,'5012151',NULL,'9411454742','doc@gmail.com','','','','','','',1,'2018-09-06 14:27:09','2018-09-06 14:30:36',233,NULL,0,NULL,NULL),(173,237,4,64,'KARAN',NULL,'99999999999','srd','srd','Hyderabad','Manipur','502214',NULL,'8888888888','karan@gmail.com','','','','','','',2,'2018-09-21 18:05:07',NULL,228,NULL,0,NULL,NULL),(174,238,9,66,'RENU',NULL,'99999999999','srd','srd','Hyderabad','Telangana','502214',NULL,'8888888888','renu@gmail.com','','','','','','',1,'2018-09-26 16:25:38',NULL,233,NULL,0,NULL,NULL),(175,241,5,NULL,'RAGHU',NULL,'8799887877','hyd','','Hyderabad','Andhra Pradesh','500072',NULL,'9898989888','raghu1@gmail.com','','','','','','',0,'2018-10-13 11:38:21','2018-10-15 15:32:20',NULL,NULL,0,NULL,NULL),(176,242,3,NULL,'DEVU',NULL,'9562356666','7-45','kphb','Hyderabad','Telangana','50212',NULL,'2210121122','devu@gmail.com','','','','','','',1,'2018-10-13 12:30:27',NULL,NULL,NULL,0,NULL,NULL),(177,243,4,NULL,'MEENU',NULL,'9550252384','7-12','kphb','Hyderabad','Telangana','502555',NULL,'5852052052','bijumolarya@gmail.com','','','','','','',1,'2018-10-13 14:11:02','2018-10-13 14:22:45',NULL,NULL,0,NULL,NULL),(178,244,10,68,'RGFD',NULL,'55463543634','kadapa','khajipet','Kadapa','Andhra Pradesh','516023',NULL,'41232255222','log@gmail.com','','','','','','',2,'2018-10-15 15:31:08','2018-10-15 15:33:14',240,NULL,0,NULL,NULL),(179,245,4,68,'RGFD',NULL,'55463543634','gfjgh','fghgf','Hfg','Andhra Pradesh','516023',NULL,'41232255222','log@gmail.com','','','','','','',1,'2018-10-15 15:33:49',NULL,240,NULL,0,NULL,NULL),(180,247,3,69,'RGFD',NULL,'55463543634','gjhg','hgjhg','Hfg','Andhra Pradesh','516023',NULL,'41232255222','kola@gmail.com','','','','','','',2,'2018-10-15 15:58:53','2018-10-15 16:05:46',246,NULL,0,NULL,NULL),(181,249,5,70,'KRUPA',NULL,'6553462525','chandanagar','','Hyderabad','Telangana','5024545',NULL,'8426452555','inlab@gmail.com','','','','','','',1,'2018-10-16 09:43:28',NULL,248,NULL,0,NULL,NULL),(182,250,5,0,'Madhuri',NULL,'9525689256','ktc','','Tirupathi','Andhra Pradesh','502154','','8454412554','outlab@gmail.com','',NULL,NULL,NULL,NULL,NULL,1,'2018-10-16 09:47:15',NULL,1,NULL,1,NULL,NULL),(183,251,3,70,'MOUNIKA',NULL,'9556565665','lingumpalli','','Hyderabad','Telangana','502455',NULL,'9565238565','reception@gmail.com','','','','','','',1,'2018-10-16 09:56:10',NULL,248,NULL,0,NULL,NULL),(184,252,6,70,'MANISHA',NULL,'9562362354','Ameerpet','','Hyderabad','Telangana','502254','','8523563263','doctor@gmail.com','','','','','','',1,'2018-11-02 15:13:43',NULL,248,NULL,0,'01:00 pm','03:00 pm'),(185,253,6,NULL,'RAM',NULL,'9898089998','hyderabad','','Hyderabad','Andhra Pradesh','500072',NULL,'9898988987','raghu7@gmail.com','','','','','','',1,'2018-10-22 09:38:49',NULL,NULL,NULL,0,NULL,NULL),(186,254,6,68,'RAGHU',NULL,'98787879878','hyd','','Hyderabad','Andhra Pradesh','500072','','8998787877','raghu8@gmail.com','','','','','','',1,'2018-11-19 10:47:10',NULL,240,NULL,0,'09:00 am','02:00 pm'),(187,255,3,68,'RAM',NULL,'9887757767','hyd','','Hyderabad','Andhra Pradesh','500072',NULL,'9977676887','raghu9@gmail.com','','','','','','',1,'2018-10-22 15:24:09',NULL,240,NULL,0,NULL,NULL),(188,260,3,74,'RECEPTION',NULL,'9852563233','7-12','kukatpally','Hyderabad','Telangana','502122',NULL,'9542155666','rec@gmail.com','','','','','','',1,'2018-11-16 12:37:09',NULL,259,NULL,0,NULL,NULL),(189,261,6,74,'JAHNAVI',NULL,'95864823545','jntu','jntu','Hyd','Telangana','500035',NULL,'4555556226','jaanu@gmail.com','','','sbi','123569842','','',1,'2018-11-16 13:06:31',NULL,259,NULL,0,'07:30 pm','08:30 pm'),(190,262,4,74,'MADHURI',NULL,'9566566546','Chandanagar','','Hyderabad','Telangana','502145',NULL,'9446664466','madhu@gmail.com','','','','','','',1,'2018-11-16 15:28:19',NULL,259,NULL,0,NULL,NULL),(191,264,6,58,'TRIPURA',NULL,'9541234567','Ameerpet','','Hyderabad','Telangana','502322',NULL,'9521234567','tripura@gmail.com','','','','','','',2,'2018-11-20 13:12:34','2018-11-20 13:18:41',203,NULL,0,'10:30 am','01:30 pm'),(192,265,6,58,'TRIPURA',NULL,'5654325655','Ameerpet','','Hyderabad','Telangana','502422','','9451363266','tripura@gmail.com','','','','','','',2,'2018-11-20 13:21:56','2018-11-20 13:24:18',203,NULL,0,'10:30 am','01:30 pm'),(193,266,6,58,'TRIPURA','300','9512356222','Ameerpet','','Hyderabad','Telangana','502123','','8545453466','tripura@gmail.com','','','','','','',1,'2018-11-29 12:46:24',NULL,203,NULL,0,'10:30 am','01:30 pm'),(194,269,6,58,'AARAV','300','9550252384','Ameerpet','','Chennai','Tamil Nadu','230214',NULL,'8451235478','aarav@gmail.com','1543475575.jpg','','','','','',1,'2018-11-29 12:42:55',NULL,203,NULL,0,'02:00 pm','05:00 pm'),(195,271,3,78,'RECPTION',NULL,'9639639632','test','test','Qtest','Andhra Pradesh','516172',NULL,'8528528522','saradhirep@gmail.com','','','','','','',1,'2018-11-29 20:20:20',NULL,270,NULL,0,NULL,NULL),(196,272,4,78,'PHARMACY',NULL,'7417417411','test','test','Test','Andhra Pradesh','516172',NULL,'8528528252','saradhipharmacy@gmail.com','','','','','','',1,'2018-11-29 20:21:26',NULL,270,NULL,0,NULL,NULL),(197,273,5,78,'LAB',NULL,'7417414111','test','test','Tesghg','Andhra Pradesh','516172','','7417414444','saradhilab@gmail.com','1543505500.jpg','','','','','',1,'2018-11-29 21:01:39',NULL,270,NULL,0,NULL,NULL),(198,274,6,78,'SARADHO DOCTOR','150','9639639363','test','hjxgfgh','Xhjfghg','Andhra Pradesh','516172',NULL,'9639639632','saradhidoc@gmail.com','','','','','','',1,'2018-11-29 20:23:16',NULL,270,NULL,0,'08:00 am','12:00 pm'),(199,276,3,79,'SRAVANRECP',NULL,'12345678990','test','test','Hyd','Andhra Pradesh','516172',NULL,'8528528520','sravanrecp@gmail.co','','','','','','',1,'2018-12-02 17:41:01',NULL,275,NULL,0,NULL,NULL),(200,277,4,79,'SRAVANPHAR',NULL,'85285285285','test','tet','Hyd','Andhra Pradesh','516172',NULL,'85285285220','sravanphar@gmail.com','','','','','','',1,'2018-12-02 17:41:59',NULL,275,NULL,0,NULL,NULL),(201,278,5,79,'SRAVANLAB',NULL,'74174174100','testte','test','Hyd','Andhra Pradesh','516172',NULL,'7897897895','sravanlab@gmail.com','','','','','','',1,'2018-12-02 17:42:55',NULL,275,NULL,0,NULL,NULL),(202,279,NULL,79,'',NULL,NULL,NULL,NULL,'',NULL,NULL,NULL,NULL,NULL,'','',NULL,NULL,NULL,'',1,'2018-12-02 17:48:29',NULL,275,NULL,0,NULL,NULL),(203,280,6,79,'SRAVANDOC','452','1234567890','test','test','Hyd','Andhra Pradesh','516172',NULL,'8528520222','sravandoc@gmail.com','','','','','','',1,'2018-12-02 17:49:40',NULL,275,NULL,0,'07:00 am','04:30 pm'),(204,281,10,58,'A SAIRAGHURAM',NULL,'09581758358','Lig 451, kphb road3,  Hyderabad','','Hyderabad','Telangana','500072',NULL,'9897878888','nurse@gmail.com','','','','','','',1,'2018-12-13 15:02:16',NULL,203,NULL,0,NULL,NULL),(205,282,9,58,'WARD MANAGEMENT ',NULL,'8500050944','test','test2','Kadap','Andhra Pradesh','516172',NULL,'8019345212','ward2@gmail.com','','','','','','',1,'2018-12-17 10:46:14',NULL,203,NULL,0,NULL,NULL),(206,283,10,58,'NURSE',NULL,'8500050944','test','test','Test','Andhra Pradesh','516172',NULL,'8500050944','nurse2@gmail.com','','','','','','',1,'2018-12-17 10:47:47',NULL,203,NULL,0,NULL,NULL),(207,284,5,0,'outsource one',NULL,'8500050944','kadapa','kadapa','Kadapa','Andhra Pradesh','516172','ntg','1234567890','outsourceone@gmail.com','',NULL,NULL,NULL,NULL,NULL,1,'2019-01-10 10:45:18',NULL,203,NULL,1,NULL,NULL),(208,294,5,0,'outsource three',NULL,'8500050944','ytyt','y','Kadapa','Andhra Pradesh','500072','nnnn','1234567890','outsourcethree@gmail.com','',NULL,NULL,NULL,NULL,NULL,1,'2019-01-10 11:45:54',NULL,203,NULL,1,NULL,NULL),(209,296,3,80,'ANU',NULL,'9541235687','KPHB','','Hyderabad','Telangana','502123',NULL,'9845612345','rcp@gmail.com','','','','','','',1,'2019-01-15 19:35:48',NULL,295,NULL,0,NULL,NULL),(210,297,4,80,'PREETHI',NULL,'9845612358','Kukatpally','','Hyderabad','Telangana','5021235',NULL,'9845612354','pharm@gmail.com','','','','','','',1,'2019-01-15 19:37:31',NULL,295,NULL,0,NULL,NULL),(211,298,5,80,'AARAV',NULL,'9874563214','Miyapur','','Hyderabad','Telangana','502123',NULL,'8456123555','jahnavimanchala89@gmail.com','','','','','','',1,'2019-01-18 11:01:24',NULL,295,NULL,0,NULL,NULL),(212,299,6,80,'RAGHU','500','9867778697','Hyd','','Hyderabad','Telangana','500072','','68787896686','rag@gmail.com','','','','','','',1,'2019-01-17 17:07:25',NULL,295,NULL,0,'08:00 am','12:00 pm'),(213,300,5,0,'kriti',NULL,'9541235478','Ameerpet','','Hyderabad','Telangana','502412',NULL,'9541124568','labco@gmail.com','',NULL,'','','',NULL,1,'2019-01-18 16:37:22',NULL,295,NULL,1,NULL,NULL),(214,301,6,80,'SWATHI','350','9521234558','KPHB','','Hyderabad','Telangana','502123',NULL,'6874561236','swathi@gmail.com','','','','','','',1,'2019-01-18 14:40:41',NULL,295,NULL,0,'02:00 pm','05:00 pm'),(215,303,5,81,'REDDEM LAB',NULL,'8500050944','kadapa','','Kadapa','Andhra Pradesh','516172',NULL,'8019345212','reddemlab@gmail.com','','','','','','',1,'2019-01-18 21:39:46',NULL,302,NULL,0,NULL,NULL),(216,304,6,81,'REDDEMDOC','111','8500050944','kadapa','kadapa','Kadapa','Andhra Pradesh','516172',NULL,'8019345212','reddemdoc@gmail.com','','','','','','',1,'2019-01-18 21:40:38',NULL,302,NULL,0,'06:30 am','10:00 am'),(217,305,3,81,'REDDEMRECP',NULL,'8500050944','kadapa','kadapa','Kadapa','Andhra Pradesh','516172',NULL,'8019345212','reddemrecp@gmail.com','','','','','','',1,'2019-01-18 21:41:28',NULL,302,NULL,0,NULL,NULL),(218,306,4,81,'REDDEMPHAR',NULL,'8500050944','kadapa','kadapa','Kadapa','Andhra Pradesh','516172',NULL,'8019345212','reddemphar@gmail.com','','','','','','',1,'2019-01-18 21:42:13',NULL,302,NULL,0,NULL,NULL),(219,307,5,NULL,'reddem out source lab',NULL,'8500050944','kadapa','kadapa','Kadapa','Andhra Pradesh','516172','ntg','8500050944','reddemoutone@gmail.com','',NULL,NULL,NULL,NULL,NULL,1,'2019-01-18 21:50:25',NULL,302,NULL,1,NULL,NULL);

/*Table structure for table `roles` */

DROP TABLE IF EXISTS `roles`;

CREATE TABLE `roles` (
  `r_id` int(11) NOT NULL AUTO_INCREMENT,
  `r_name` varchar(250) DEFAULT NULL,
  `r_status` int(11) DEFAULT '1',
  PRIMARY KEY (`r_id`)
) ENGINE=InnoDB AUTO_INCREMENT=11 DEFAULT CHARSET=latin1;

/*Data for the table `roles` */

insert  into `roles`(`r_id`,`r_name`,`r_status`) values (1,'Admin',1),(2,'Hospital Admin',1),(3,'Receptionist',1),(4,'Pharmacy',1),(5,'lab coordinator',1),(6,'Doctor',1),(7,'Patient',1),(8,'Software team',1),(9,'Ward management',1),(10,'Nurse',1);

/*Table structure for table `seller_card_assign_munber_list` */

DROP TABLE IF EXISTS `seller_card_assign_munber_list`;

CREATE TABLE `seller_card_assign_munber_list` (
  `card_id` int(11) NOT NULL AUTO_INCREMENT,
  `s_id` int(11) DEFAULT NULL,
  `card_number` varchar(250) DEFAULT NULL,
  `patient_name` varchar(250) DEFAULT NULL,
  `mobile_num` varchar(45) DEFAULT NULL,
  `whatsapp_num` varchar(45) DEFAULT NULL,
  `city` varchar(250) DEFAULT NULL,
  `email_id` varchar(250) DEFAULT NULL,
  `gender` varchar(250) DEFAULT NULL,
  `otp` varchar(250) DEFAULT NULL,
  `mobile_verified` int(11) DEFAULT '0',
  `created_at` datetime DEFAULT NULL,
  `updated_at` datetime NOT NULL,
  `created_by` int(11) DEFAULT NULL,
  `a_u_id` int(11) DEFAULT NULL,
  `razorpay_payment_id` varchar(250) DEFAULT NULL,
  `razorpay_order_id` varchar(250) DEFAULT NULL,
  `razorpay_signature` varchar(250) DEFAULT NULL,
  `payment_statu` varchar(250) DEFAULT NULL,
  `amount` varchar(250) DEFAULT NULL,
  `payment_date` datetime DEFAULT NULL,
  PRIMARY KEY (`card_id`)
) ENGINE=InnoDB AUTO_INCREMENT=157 DEFAULT CHARSET=latin1;

/*Data for the table `seller_card_assign_munber_list` */

insert  into `seller_card_assign_munber_list`(`card_id`,`s_id`,`card_number`,`patient_name`,`mobile_num`,`whatsapp_num`,`city`,`email_id`,`gender`,`otp`,`mobile_verified`,`created_at`,`updated_at`,`created_by`,`a_u_id`,`razorpay_payment_id`,`razorpay_order_id`,`razorpay_signature`,`payment_statu`,`amount`,`payment_date`) values (1,2,'10','vasudevareddy','8500050944','8500050944','hyderabad','vasudevareddy@gmail.com','male','905636',0,'2018-10-14 13:09:46','2018-10-14 13:09:46',2,NULL,NULL,NULL,NULL,NULL,NULL,NULL),(2,2,'10','vasudevareddy','8500050944','8500050944','hyderabad','vasudevareddy@gmail.com','male','497182',0,'2018-10-14 13:34:59','2018-10-14 13:34:59',2,NULL,NULL,NULL,NULL,NULL,NULL,NULL),(3,2,'10','vasudevareddy','8500050944','8500050944','hyderabad','vasudevareddy@gmail.com','male','346469',0,'2018-10-14 15:00:20','2018-10-14 15:00:20',2,NULL,NULL,NULL,NULL,NULL,NULL,NULL),(4,2,'10','vasudevareddy','8500050944','8500050944','hyderabad','vasudevareddy@gmail.com','male','723127',0,'2018-10-14 15:00:54','2018-10-14 15:00:54',2,NULL,NULL,NULL,NULL,NULL,NULL,NULL),(5,2,'10','vasudevareddy','8500050944','8500050944','hyderabad','vasudevareddy@gmail.com','male','893120',0,'2018-10-14 16:23:52','2018-10-14 16:23:52',2,NULL,NULL,NULL,NULL,NULL,NULL,NULL),(6,2,'10','vasudevareddy','8500050944','8500050944','hyd','vasudevareddy@gmail.com','male','517322',0,'2018-10-14 16:43:09','2018-10-14 16:43:09',2,NULL,NULL,NULL,NULL,NULL,NULL,NULL),(7,2,'10443453554','vasudevareddy','8500050944','8500050944','hyderabad','vasudevareddy@gmail.com','male','378891',1,'2018-10-14 19:22:42','2018-10-14 19:22:42',2,NULL,NULL,NULL,NULL,NULL,NULL,NULL),(8,2,'10443453554','vasudevareddy','8500050944','8500050944','hyderabad','vasudevareddy@gmail.com','male','335366',0,'2018-10-14 19:23:58','2018-10-14 19:23:58',2,NULL,NULL,NULL,NULL,NULL,NULL,NULL),(9,2,'10','vasudevareddy','8500050944','8500050944','hyd','vasudevareddy@gmail.com','male','462946',0,'2018-10-14 19:40:55','2018-10-14 19:40:55',2,NULL,NULL,NULL,NULL,NULL,NULL,NULL),(10,2,'10443453554','vasudevareddy','8500050944','8500050944','hyderabad','vasudevareddy@gmail.com','male','518383',1,'2018-10-14 19:43:47','2018-10-14 19:43:47',2,NULL,NULL,NULL,NULL,NULL,NULL,NULL),(11,2,'10','vasudevareddy','8500050944','8500050944','hyd','vasudevareddy549@gmail.com','male','675889',1,'2018-10-14 19:48:31','2018-10-14 19:48:31',2,NULL,NULL,NULL,NULL,NULL,NULL,NULL),(12,2,'5546-7884-9575','joshi','9985056006','9985056006','hyd','Joshi@gmail.com','male','484403',0,'2018-10-14 20:08:56','2018-10-14 20:08:56',2,NULL,NULL,NULL,NULL,NULL,NULL,NULL),(13,2,'5676-6866-9899','joshi','9985033903','9985033903','hyd','Joshi@gmail.com','male','284898',0,'2018-10-14 20:10:18','2018-10-14 20:10:18',2,NULL,NULL,NULL,NULL,NULL,NULL,NULL),(14,10,'1234-5689-46','sravya','9502710179','9502710179','hyderabad','anu.kulkarni3592@gmail.com','female','704040',0,'2018-10-22 11:16:50','2018-10-22 11:16:50',10,NULL,NULL,NULL,NULL,NULL,NULL,NULL),(15,10,'4500-5402-1242','Preethi','9638527412','9638527412','Hyderabad','preethi@gmail.com','female','381706',0,'2018-10-22 12:22:47','2018-10-22 12:22:47',10,NULL,NULL,NULL,NULL,NULL,NULL,NULL),(16,10,'4500-5402-1243','anu','9550252384','9550252384','Hyderabad','anu1@gmail.com','female','515883',0,'2018-10-22 12:30:18','2018-10-22 12:30:18',10,NULL,NULL,NULL,NULL,NULL,NULL,NULL),(17,10,'4500-5402-1243','anu','9550252384','9550252384','Hyderabad','anu1@gmail.com','female','671824',0,'2018-10-22 12:30:21','2018-10-22 12:30:21',10,NULL,NULL,NULL,NULL,NULL,NULL,NULL),(18,10,'1234-5678-9101','sri','9502710179','9502710179','hyd','anu@gmail.com','female','628120',0,'2018-10-22 12:31:54','2018-10-22 12:31:54',10,NULL,NULL,NULL,NULL,NULL,NULL,NULL),(19,10,'1234-5678-9101','sri','9502710179','9502710179','hyd','anu@gmail.com','female','534655',0,'2018-10-22 12:31:57','2018-10-22 12:31:57',10,NULL,NULL,NULL,NULL,NULL,NULL,NULL),(20,NULL,'123456789102','chinna','8500050944','8500050944','hyderabad','chinna@gmail.com','male',NULL,0,'2018-10-25 15:57:53','2018-10-25 15:57:53',0,1,'chinna','8500050944','8500050944','1','25','2018-10-31 11:12:47'),(21,NULL,'123456789103','bhupendra kumar','8319587562','9907449461','bhopal ','sahu@gmail.com','Male',NULL,0,'2018-10-26 10:46:17','2018-10-26 10:46:17',0,0,NULL,NULL,NULL,NULL,NULL,NULL),(22,NULL,'123456789104','khushi','1111122222','1111122222','sarni ','khushi@gmail.com','Female',NULL,0,'2018-10-26 10:52:43','2018-10-26 10:52:43',0,0,NULL,NULL,NULL,NULL,NULL,NULL),(23,NULL,'123456789105','om','9988776655','9988776655','Delhi ','om@om.com','Male',NULL,0,'2018-10-26 11:13:20','2018-10-26 11:13:20',0,0,NULL,NULL,NULL,NULL,NULL,NULL),(24,NULL,'123456789106','kumar','9907449462','9907449461','Betul','kumar@gmail.com','Male',NULL,0,'2018-10-26 12:04:56','2018-10-26 12:04:56',0,0,NULL,NULL,NULL,NULL,NULL,NULL),(25,NULL,'123456789107','sai','9581758358','9581758358','hyderabad ','sai@gmail.com','Male',NULL,0,'2018-10-26 12:06:35','2018-10-26 12:06:35',0,0,NULL,NULL,NULL,NULL,NULL,NULL),(26,NULL,'123456789108','raghu','8328579782','8328579782','hyderabad','raghuram8328@gmail.com','Male',NULL,0,'2018-10-26 12:16:48','2018-10-26 12:16:48',0,0,NULL,NULL,NULL,NULL,NULL,NULL),(27,11,'4500-5402-1242','Bhavya','9635264985','9635264985','Hyderabad','bh@gmail.com','female','657501',0,'2018-10-26 12:24:23','2018-10-26 12:24:23',11,NULL,NULL,NULL,NULL,NULL,NULL,NULL),(28,11,'4500-5402-1242','Bhavya','9635264985','9635264985','Hyderabad','bh@gmail.com','female','469696',0,'2018-10-26 12:24:23','2018-10-26 12:24:23',11,NULL,NULL,NULL,NULL,NULL,NULL,NULL),(29,11,'4500-5402-1242','Deepika','9550252384','9550252384','Hyderabad','dp@gmail.com\n','female','336172',0,'2018-10-26 12:30:03','2018-10-26 12:30:03',11,NULL,NULL,NULL,NULL,NULL,NULL,NULL),(30,11,'4500-5402-1242','Deepika','9550252384','9550252384','Hyderabad','dp@gmail.com\n','female','544117',0,'2018-10-26 12:30:06','2018-10-26 12:30:06',11,NULL,NULL,NULL,NULL,NULL,NULL,NULL),(31,11,'4500-5402-1243','Anu','9550252384','9550252384','Hyderabad','au@gmail.com','female','869336',0,'2018-10-26 12:41:39','2018-10-26 12:41:39',11,NULL,NULL,NULL,NULL,NULL,NULL,NULL),(32,NULL,'123456789102','chinna','8500850944','8500850944','hyderabad','chingggna@gmail.com','male',NULL,0,'2018-10-26 14:28:25','2018-10-26 14:28:25',0,1,NULL,NULL,NULL,NULL,NULL,NULL),(33,NULL,'123456789103','abc','1234567890','1234567890','Ameerpet ','abc@gmail.com','Male',NULL,0,'2018-10-26 14:47:04','2018-10-26 14:47:04',0,59,NULL,NULL,NULL,NULL,NULL,NULL),(34,NULL,'123456789104','raghu','9494422779','9494422779','Hyderabad','raghuram@gmail.com','Male',NULL,0,'2018-10-26 14:54:50','2018-10-26 14:54:50',0,0,NULL,NULL,NULL,NULL,NULL,NULL),(35,NULL,'123456789105','jfnf','3333333333','8319587562','ngnnfnnfnf','nfj@bfnf.bdhd','Male',NULL,0,'2018-10-26 15:20:51','2018-10-26 15:20:51',0,0,NULL,NULL,NULL,NULL,NULL,NULL),(36,NULL,'123456789106','testcyt','8319587566','8319587566','testcyt ','testcyt@jxj.xjj','Male',NULL,0,'2018-10-26 15:23:44','2018-10-26 15:23:44',0,0,NULL,NULL,NULL,NULL,NULL,NULL),(37,NULL,'123456789107','bhupendra.sahu','8319587563','8319587563','bhopal','bhupi@gmail.com','Male',NULL,0,'2018-10-26 16:17:18','2018-10-26 16:17:18',0,0,NULL,NULL,NULL,NULL,NULL,NULL),(38,NULL,'123456789108','bhupendra.sahu','8319587561','8319587561','bhupendra ','bhupendra.sahu@jx.hhd','Male',NULL,0,'2018-10-26 16:22:41','2018-10-26 16:22:41',0,0,NULL,NULL,NULL,NULL,NULL,NULL),(39,NULL,'123456789109','I','8319587569','8319587569','nagpur ','ng@xfm.ch','Female',NULL,0,'2018-10-26 16:24:40','2018-10-26 16:24:40',0,0,NULL,NULL,NULL,NULL,NULL,NULL),(40,NULL,'123456789110','ns','8319587585','8319587585','nn','nf@jd.dnjd','Male',NULL,0,'2018-10-26 16:31:51','2018-10-26 16:31:51',0,0,NULL,NULL,NULL,NULL,NULL,NULL),(41,NULL,'1234 5678 9111','v','8319587588','8319587588','bbc','fg@ggg.gg','Male',NULL,0,'2018-10-26 17:51:23','2018-10-26 17:51:23',0,0,NULL,NULL,NULL,NULL,NULL,NULL),(42,NULL,'1234 5678 9112','sridevi','7878754358','7878754358','hills','sr@gmail.in','Female',NULL,0,'2018-10-26 18:01:44','2018-10-26 18:01:44',0,0,NULL,NULL,NULL,NULL,NULL,NULL),(43,NULL,'123456789102','chinna','8019345212','8500850944','hyderabad','chingggna@gmail.com','male',NULL,0,'2018-10-29 16:37:16','2018-10-29 16:37:16',0,1,NULL,NULL,NULL,NULL,NULL,NULL),(44,NULL,'123456789102','chinna','8014345212','8500850944','hyderabad','chingggna@gmail.com','male',NULL,0,'2018-10-29 17:24:04','2018-10-29 17:24:04',0,1,NULL,NULL,NULL,NULL,NULL,NULL),(45,NULL,'1234 5678 9103','Anu','9502710172','9502710172','Hyderabad','anu@gmail.com','Female',NULL,0,'2018-10-30 13:02:37','2018-10-30 13:02:37',0,0,NULL,NULL,NULL,NULL,NULL,NULL),(46,NULL,'1234 5678 9104','Anu','6364949644','6364949644','Hyderabad','anu@gmail.com','Female',NULL,0,'2018-10-30 13:06:12','2018-10-30 13:06:12',0,0,NULL,NULL,NULL,NULL,NULL,NULL),(47,NULL,'1234 5678 9105','raghu','9491693481','9491693481','hyderabad','raghu@gmail.com','Male',NULL,0,'2018-10-30 13:26:39','2018-10-30 13:26:39',0,0,NULL,NULL,NULL,NULL,NULL,NULL),(48,NULL,'1234 5678 9106','bhupendra.sahu','3727272772','3727272772','bhopal','bhupi@sahu.com','Male',NULL,0,'2018-10-30 14:14:43','2018-10-30 14:14:43',0,0,NULL,NULL,NULL,NULL,NULL,NULL),(49,NULL,'1234 5678 9107','dgj','7889949949','7889949949','mckch','gx@ggd.ufufu','Male',NULL,0,'2018-10-30 14:18:25','2018-10-30 14:18:25',0,0,NULL,NULL,NULL,NULL,NULL,NULL),(50,NULL,'1234 5678 9108','jgxjtx','4999959994','4999959994','hdhdh','jg@jtx.bjfx','Male',NULL,0,'2018-10-30 14:19:49','2018-10-30 14:19:49',0,0,NULL,NULL,NULL,NULL,NULL,NULL),(51,NULL,'1234 5678 9109','bhupendra.sahu','1111111111','1111111111','sarni','bk@sahu.com','Male',NULL,0,'2018-10-30 14:40:45','2018-10-30 14:40:45',0,0,NULL,NULL,NULL,NULL,NULL,NULL),(52,NULL,'1234 5678 9110','aaaaa','2222222222','2222222222','hyderabad ','testcyt@gmail.com','Male',NULL,0,'2018-10-30 14:44:03','2018-10-30 14:44:03',0,0,NULL,NULL,NULL,NULL,NULL,NULL),(53,NULL,'123456789111','bbbb','8015345212','8500850944','hyderabad','chingggna@gmail.com','male',NULL,0,'2018-10-30 14:45:58','2018-10-30 14:45:58',0,1,NULL,NULL,NULL,NULL,NULL,NULL),(54,NULL,'1234 5678 9112','sridevi','3333333335','3333333333','delhi','sri@gmail.com','Female',NULL,0,'2018-10-30 14:53:12','2018-10-30 14:53:12',0,1,NULL,NULL,NULL,NULL,NULL,NULL),(55,NULL,'1234 5678 9113','new card','1234567891','1234567890','mumbai ','Mumbai@city.com','Others',NULL,0,'2018-10-30 16:12:41','2018-10-30 16:12:41',0,1,NULL,NULL,NULL,NULL,NULL,NULL),(56,NULL,'1234 5678 9114','testcyt','8319587542','8319587542','bhopal','bk@he.jdh','Male',NULL,0,'2018-10-30 16:34:14','2018-10-30 16:34:14',0,23,NULL,NULL,NULL,NULL,NULL,NULL),(57,NULL,'1234 5678 9115','Raju','9949905189','9949905189','Tirupathi ','raju@gmail.com','Male',NULL,0,'2018-10-30 22:39:22','2018-10-30 22:39:22',0,0,NULL,NULL,NULL,NULL,NULL,NULL),(58,NULL,'1234 5678 9116','aa','1234567897','1234567897','tot','aaaa@gmail.com','Male',NULL,0,'2018-10-31 07:43:58','2018-10-31 07:43:58',0,0,NULL,NULL,NULL,NULL,NULL,NULL),(59,NULL,'1234 5678 9117','aa','1234567786','1234567786','tpt','aa@gmail.com','Male',NULL,0,'2018-10-31 09:19:58','2018-10-31 09:19:58',0,0,NULL,NULL,NULL,NULL,NULL,NULL),(60,10,'83195875625881','Ndjdnd','8319587562','8319587562','Jfjjf','Bhupendra.sahu@cytrion.com','male','106200',1,'2018-10-31 10:51:54','2018-10-31 10:51:54',10,NULL,NULL,NULL,NULL,NULL,NULL,NULL),(61,10,'12588658858888','Njnnmm','8319587562','8891949949','Njv','Jxndm','others','421410',0,'2018-10-31 11:30:51','2018-10-31 11:30:51',10,NULL,NULL,NULL,NULL,NULL,NULL,NULL),(62,NULL,'1258 8658 8588','raghuram','9484649494','9484649494','hyderabad','raghu@gmail.com','Male',NULL,0,'2018-10-31 11:39:02','2018-10-31 11:39:02',0,7,NULL,NULL,NULL,NULL,NULL,NULL),(63,10,'676767557575','cykycktxxjxxt','8319587562','8319587562','kbi','gxgxjxkg','male','515219',0,'2018-10-31 11:55:23','2018-10-31 11:55:23',10,NULL,NULL,NULL,NULL,NULL,NULL,NULL),(64,10,'6065555555','khcckgcjtctxjtx','8319587562','8319587562','x y','jg','male','875323',0,'2018-10-31 11:58:25','2018-10-31 11:58:25',10,NULL,NULL,NULL,NULL,NULL,NULL,NULL),(65,10,'8888 8888 8888','bhupendra ','8319587562','8319587562','ng','ndn','male','863361',0,'2018-10-31 12:03:40','2018-10-31 12:03:40',10,NULL,NULL,NULL,NULL,NULL,NULL,NULL),(66,10,'5050 2828 2828','vv','8319587562','8319587562','gf Kyd','ng','female','458425',0,'2018-10-31 12:25:35','2018-10-31 12:25:35',10,NULL,NULL,NULL,NULL,NULL,NULL,NULL),(67,NULL,'5050 2828 2829','bhupendra.sahu','8383838388','8319587562','bhopal','bhupendra.sahu@gmail.com','Male',NULL,0,'2018-10-31 12:52:36','2018-10-31 12:52:36',0,1,NULL,NULL,NULL,NULL,NULL,NULL),(68,NULL,'5050 2828 2830','bhupendra.sahu','8668855504','8668855504','jnfd','Fffccf@hfg.vcc','Male',NULL,0,'2018-10-31 12:55:48','2018-10-31 12:55:48',0,1,NULL,NULL,NULL,NULL,NULL,NULL),(69,NULL,'5050 2828 2831',',bdxgnxmg','8996464949','8996464949','xmg','kgx@ycy.ivuv','Male',NULL,0,'2018-10-31 12:57:35','2018-10-31 12:57:35',0,1,NULL,NULL,NULL,NULL,NULL,NULL),(70,NULL,'5050 2828 2832','nd','8888104804','8888104804','nhn','nfnnd@ndjd.bsjj','Male',NULL,0,'2018-10-31 12:59:01','2018-10-31 12:59:01',0,1,NULL,NULL,NULL,NULL,NULL,NULL),(71,NULL,'5050 2828 2833','bxbbxb','8888888699','8888888699','ngn','nfn@hhd.bdh','Male',NULL,0,'2018-10-31 13:03:04','2018-10-31 13:03:04',0,1,NULL,NULL,NULL,NULL,NULL,NULL),(72,NULL,'5050 2828 2834','dkdkddj','6044449494','6044449494','mym','kfk@jdk.ndj','Male',NULL,0,'2018-10-31 13:05:03','2018-10-31 13:05:03',0,1,NULL,NULL,NULL,NULL,NULL,NULL),(73,NULL,'5050 2828 2835','@xn','4563904040','4563904040','ngn','hd@jdj.hdh','Male',NULL,0,'2018-10-31 13:07:11','2018-10-31 13:07:11',0,1,NULL,NULL,NULL,NULL,NULL,NULL),(74,NULL,'5050 2828 2836','bdjd','5840488484','5840488484','ntnnf','jfj@ndnd.ndjj','Male',NULL,0,'2018-10-31 13:11:41','2018-10-31 13:11:41',0,1,NULL,NULL,NULL,NULL,NULL,NULL),(75,NULL,'5050 2828 2837','ckgxxjgx','8319597562','8319587562','hcjxhxhxhxxrh','y@vg.vhh','Male',NULL,0,'2018-10-31 13:59:49','2018-10-31 13:59:49',0,1,NULL,NULL,NULL,NULL,NULL,NULL),(76,NULL,'5050 2828 2838','gm','8319587577','8319587577','j','h@bhh.vvb','Male',NULL,0,'2018-10-31 14:21:45','2018-10-31 14:21:45',0,1,NULL,NULL,NULL,NULL,NULL,NULL),(77,NULL,'5050 2828 2839','BOSS','8880005555','8880005555','Mumbai ','boss@gmail.com','Male',NULL,0,'2018-10-31 14:41:49','2018-10-31 14:41:49',0,1,NULL,NULL,NULL,NULL,NULL,NULL),(78,NULL,'5050 2828 2840','Boss','8880000555','8880000555','Dubai','boss@don.com','Male',NULL,0,'2018-10-31 14:44:56','2018-10-31 14:44:56',0,1,NULL,NULL,NULL,NULL,NULL,NULL),(79,NULL,'5050 2828 2841','RAM','0101010101','0101010101','ayodhya','ram@sita.com','Male',NULL,0,'2018-10-31 14:49:59','2018-10-31 14:49:59',0,1,NULL,NULL,NULL,NULL,NULL,NULL),(80,NULL,'5050 2828 2842','Moon','8000000008','8000000008','universe ','moon@gmail.com','Male',NULL,0,'2018-10-31 14:53:29','2018-10-31 14:53:29',0,1,NULL,NULL,NULL,NULL,NULL,NULL),(81,NULL,'5050 2828 2842','Moon','8000000052','8000000008','universe ','moon@gmail.com','Male',NULL,0,'2018-10-31 14:54:45','2018-10-31 14:54:45',0,1,NULL,NULL,NULL,NULL,NULL,NULL),(82,NULL,'5050 2828 2843','OM','9999999999','9999999999','himalaya ','om@shiva.com','Male',NULL,0,'2018-10-31 14:57:52','2018-10-31 14:57:52',0,1,NULL,NULL,NULL,NULL,NULL,NULL),(83,NULL,'5050 2828 2844','final','9898989898','9898989898','finalcity','finally@final.com','Male',NULL,0,'2018-10-31 15:03:38','2018-10-31 15:03:38',0,1,NULL,NULL,NULL,NULL,NULL,NULL),(84,NULL,'5050 2828 2845','prachatech','1122337789','1122337789','kphp','prachatech@gmail.com','Female',NULL,0,'2018-10-31 15:12:44','2018-10-31 15:12:44',0,1,NULL,NULL,NULL,NULL,NULL,NULL),(85,NULL,'5050 2828 2846','BS','8585858585','8585858585','Bs city','Bs@bs.com','Male',NULL,0,'2018-10-31 15:20:56','2018-10-31 15:20:56',0,1,NULL,NULL,NULL,NULL,NULL,NULL),(86,NULL,'5050 2828 2847','nxb','8888404004','8888404004','ngngn','hfbfb@ndnd.hdjjd','Male',NULL,0,'2018-10-31 15:25:19','2018-10-31 15:25:19',0,1,NULL,NULL,NULL,NULL,NULL,NULL),(87,NULL,'5050 2828 2848','nxn','4888888000','4888888000','mgm','mfn@hsjs.bzjd','Male',NULL,0,'2018-10-31 15:40:22','2018-10-31 15:40:22',0,1,NULL,NULL,NULL,NULL,NULL,NULL),(88,NULL,'5050 2828 2849','bdbnsn','8888800000','8888800000','jxjfn','gehhdhd@jdjd.jdjd','Male',NULL,0,'2018-10-31 15:42:23','2018-10-31 15:42:23',0,1,NULL,NULL,NULL,NULL,NULL,NULL),(89,NULL,'5050 2828 2850','urdtxif','2222336514','2222336514','gh','gg@bb.vhj','Male',NULL,0,'2018-10-31 15:48:18','2018-10-31 15:48:18',0,1,NULL,NULL,NULL,NULL,NULL,NULL),(90,NULL,'5050 2828 2851','bdbdh','8885910404','8488181891','ngn','ngn@ndnd.ndjmd','Male',NULL,0,'2018-10-31 15:49:51','2018-10-31 15:49:51',0,1,NULL,NULL,NULL,NULL,NULL,NULL),(91,NULL,'5050 2828 2852','bxb','5888855788','5888855788','jfjfnnfnnfnf','jfn@jxj.bxjx','Male',NULL,0,'2018-10-31 15:51:22','2018-10-31 15:51:22',0,1,NULL,NULL,NULL,NULL,NULL,NULL),(92,NULL,'5050 2828 2853','n','6446666644','6446666644','jbjvhc','hc@uf.hcvu','Male',NULL,0,'2018-10-31 15:52:30','2018-10-31 15:52:30',0,1,NULL,NULL,NULL,NULL,NULL,NULL),(93,NULL,'5050 2828 2853','n','6446666615','6446666644','jbjvhc','hc@uf.hcvu','Male',NULL,0,'2018-10-31 15:52:52','2018-10-31 15:52:52',0,1,NULL,NULL,NULL,NULL,NULL,NULL),(94,NULL,'5050 2828 2854','jdndn','5888000004','5888000004','bggn','n@dnd.jxjx','Male',NULL,0,'2018-10-31 16:00:46','2018-10-31 16:00:46',0,1,NULL,NULL,NULL,NULL,NULL,NULL),(95,NULL,'5050 2828 2855','raghu','7382863679','7382863679','hyderabad','raghuram8328@gmail.com','Male',NULL,0,'2018-10-31 17:17:52','2018-10-31 17:17:52',0,7,NULL,NULL,NULL,NULL,NULL,NULL),(96,NULL,'5050 2828 2856','dev','9949905188','9949905188','tpt','dev@gmail.com','Male',NULL,0,'2018-10-31 18:35:18','2018-10-31 18:35:18',0,26,NULL,NULL,NULL,NULL,NULL,NULL),(97,13,'5050 2828 2857','bhupendra ','8319587562','8319587562','hyderabad','bhupendr@sahu.com','male','351524',0,'2018-11-01 12:19:07','2018-11-01 12:19:07',13,NULL,NULL,NULL,NULL,NULL,NULL,NULL),(98,13,'5050 2828 2857','bhupendra ','8319587562','8319587562','hyderabad','bhupendr@sahu.com','male','355128',0,'2018-11-01 12:19:07','2018-11-01 12:19:07',13,NULL,NULL,NULL,NULL,NULL,NULL,NULL),(99,13,'5050 2828 2857','bhupendra ','8319587562','8319587562','hyderabad','bhupendr@sahu.com','male','436613',0,'2018-11-01 12:19:07','2018-11-01 12:19:07',13,NULL,NULL,NULL,NULL,NULL,NULL,NULL),(100,13,'5050 2828 2857','bhupendra ','8319587562','8319587562','hyderabad','bhupendr@sahu.com','male','824200',1,'2018-11-01 12:19:08','2018-11-01 12:19:08',13,NULL,NULL,NULL,NULL,NULL,NULL,NULL),(101,13,'5050 2828 2858','testcyt ','8319587562','8319587562','hdhd','bhupendra.0009@rocketmail.com ','male','390042',0,'2018-11-01 12:23:09','2018-11-01 12:23:09',13,NULL,NULL,NULL,NULL,NULL,NULL,NULL),(102,13,'5050 2828 2859','bhupendra ','831958756','8319587562','nfj','kfj','male','553211',0,'2018-11-01 12:34:36','2018-11-01 12:34:36',13,NULL,NULL,NULL,NULL,NULL,NULL,NULL),(103,13,'5050 2828 2860','fk','8319587562','8319587562','nfn','nfamk','female','328238',0,'2018-11-01 12:36:58','2018-11-01 12:36:58',13,NULL,NULL,NULL,NULL,NULL,NULL,NULL),(104,13,'5050 2828 2861','nvx','8319587562','8319587562','xjfxgnxngxgj','kc','male','451193',1,'2018-11-01 12:49:58','2018-11-01 12:49:58',13,NULL,NULL,NULL,NULL,NULL,NULL,NULL),(105,13,'5050 2828 2862','dtgchhhhh','8319587562','8319587562','ufg','jcch','female','315266',1,'2018-11-01 12:53:26','2018-11-01 12:53:26',13,NULL,NULL,NULL,NULL,NULL,NULL,NULL),(106,13,'5050 2828 2863','uuiuu','831958756','831958756','jc','h','female','229121',0,'2018-11-01 12:55:15','2018-11-01 12:55:15',13,NULL,NULL,NULL,NULL,NULL,NULL,NULL),(107,13,'5050 2828 2864','jkskdjjdkllll','8319587562','8319587562','ndnn','ndnn','male','656537',1,'2018-11-01 14:25:01','2018-11-01 14:25:01',13,NULL,NULL,NULL,NULL,NULL,NULL,NULL),(108,12,'5050 2828 2865','raghu','8319587562','8319587562','hyd','bd@552.525','male','526347',1,'2018-11-01 15:12:16','2018-11-01 15:12:16',12,NULL,NULL,NULL,NULL,NULL,NULL,NULL),(109,12,'5050 2828 2866','om','8319587562','8319587562','testcyt','testcyt','male','395847',1,'2018-11-01 15:13:12','2018-11-01 15:13:12',12,NULL,NULL,NULL,NULL,NULL,NULL,NULL),(110,10,'5050 2828 2867','sravani','9502710179','9502710179','hyderabad','anu.kulkarni3592@gmail.com','female','138733',1,'2018-11-01 15:28:34','2018-11-01 15:28:34',10,NULL,NULL,NULL,NULL,NULL,NULL,NULL),(111,11,'5050 2828 2867','Bhavya','9550252384','9550252384','Hyderabad','bhavya@gmail.com','female','942064',0,'2018-11-01 15:29:58','2018-11-01 15:29:58',11,NULL,NULL,NULL,NULL,NULL,NULL,NULL),(112,12,'5050 2828 2868','bdjd','8319587562','8319587562','ndjd','nxnnsns','others','692232',1,'2018-11-01 15:45:36','2018-11-01 15:45:36',12,NULL,NULL,NULL,NULL,NULL,NULL,NULL),(113,11,'5050 2828 2868','shruthi','9550252384','9550252384','Hyderabad','shruthi@gmail.com','female','792103',1,'2018-11-01 15:48:21','2018-11-01 15:48:21',11,NULL,NULL,NULL,NULL,NULL,NULL,NULL),(114,13,'5050 2828 2869','raghu','9581758358','9581758358','hyderabad','raghuram@gmail.com','male','814765',1,'2018-11-01 15:57:04','2018-11-01 15:57:04',13,NULL,NULL,NULL,NULL,NULL,NULL,NULL),(115,11,'5050 2828 2870','sravya','9550252384','9550252384','Hyderabad','sravya@gmail.com','female','738571',0,'2018-11-01 16:02:13','2018-11-01 16:02:13',11,NULL,NULL,NULL,NULL,NULL,NULL,NULL),(116,10,'5050 2828 2871','sri','9502710179','9502710179','hyd','anu@gmail.com','female','168456',1,'2018-11-01 16:11:35','2018-11-01 16:11:35',10,NULL,NULL,NULL,NULL,NULL,NULL,NULL),(117,10,'5050 2828 2872','vani','9502710179','9502710179','hyd','anu@gmail.com','female','185731',1,'2018-11-01 16:14:00','2018-11-01 16:14:00',10,NULL,NULL,NULL,NULL,NULL,NULL,NULL),(118,13,'5050 2828 2873','ram','8328579782','8328579782','hyderabad','raghuram8328@gmail.com','male','999726',0,'2018-11-01 16:19:05','2018-11-01 16:19:05',13,NULL,NULL,NULL,NULL,NULL,NULL,NULL),(119,12,'5050 2828 2874','jxbdn','831958756','8319587562','jdjndd','ndnndnd','male','165592',0,'2018-11-01 17:03:48','2018-11-01 17:03:48',12,NULL,NULL,NULL,NULL,NULL,NULL,NULL),(120,12,'5050 2828 2875','xdkfyk','8319587562','8319587562','k k h','hhc','female','513031',1,'2018-11-01 17:43:07','2018-11-01 17:43:07',12,NULL,NULL,NULL,NULL,NULL,NULL,NULL),(121,13,'5050 2828 2876','yjh','9584687357','9584687357','hyd','raghunandan@gmail.com','male','658863',0,'2018-11-01 18:07:01','2018-11-01 18:07:01',13,NULL,NULL,NULL,NULL,NULL,NULL,NULL),(122,13,'5050 2828 2877','raghu','8328579782','8328579782','hyd','raghu@gmail.com','male','760565',0,'2018-11-01 18:09:00','2018-11-01 18:09:00',13,NULL,NULL,NULL,NULL,NULL,NULL,NULL),(123,13,'5050 2828 2878','raghu','7981094304','7981094304','hyd','anu@gmail.com','male','287264',1,'2018-11-01 18:11:15','2018-11-01 18:11:15',13,NULL,NULL,NULL,NULL,NULL,NULL,NULL),(124,NULL,'5050 2828 2879','karthik','7095103103','7095103103','tpt','karthik@gmail.com','Male',NULL,0,'2018-11-01 19:15:19','2018-11-01 19:15:19',0,27,NULL,NULL,NULL,NULL,NULL,NULL),(125,14,'5050 2828 2880','rt','8328579782','8328579782','hyd','raghu@gmail.com','male','589316',0,'2018-11-02 10:50:35','2018-11-02 10:50:35',14,NULL,NULL,NULL,NULL,NULL,NULL,NULL),(126,14,'5050 2828 2881','raghu','9581758358','9581758358','hyd','raghuram@gmail.com','male','378053',1,'2018-11-02 10:55:13','2018-11-02 10:55:13',14,NULL,NULL,NULL,NULL,NULL,NULL,NULL),(127,14,'5050 2828 2882','raghu','8328579782','8328579782','hyd','raghuran7577@gmail.com','male','204928',0,'2018-11-02 10:56:30','2018-11-02 10:56:30',14,NULL,NULL,NULL,NULL,NULL,NULL,NULL),(128,11,'5050 2828 2882','kaveri','7981094304','7981094304','Hyderabad','kaveei@gmail.com','female','582050',1,'2018-11-02 11:00:06','2018-11-02 11:00:06',11,NULL,NULL,NULL,NULL,NULL,NULL,NULL),(129,2,'10','vasudevareddy','9494346081','9494346081','hyderabad','vasudevareddy@gmail.com','male','917204',0,'2018-11-02 11:29:57','2018-11-02 11:29:57',2,NULL,NULL,NULL,NULL,NULL,NULL,NULL),(130,11,'11','amrita','9490757628','9490757628','Hyderabad','amritha@gmail.com','female','265518',1,'2018-11-02 11:50:30','2018-11-02 11:50:30',11,NULL,NULL,NULL,NULL,NULL,NULL,NULL),(131,NULL,'12','shirisha','8019531899','8019531899','Hyderabad','shri@gmail.com','Female',NULL,0,'2018-11-02 12:57:13','2018-11-02 12:57:13',0,16,NULL,NULL,NULL,NULL,NULL,NULL),(132,NULL,'13','siri','9573229315','9573229315','Hyderabad','shr@gmail.com','Female',NULL,0,'2018-11-02 13:06:31','2018-11-02 13:06:31',0,28,NULL,NULL,NULL,NULL,NULL,NULL),(133,NULL,'14','Ima','9521897856','9521897856','Hyderabad','ima@gmail.com','Female',NULL,0,'2018-11-02 13:12:26','2018-11-02 13:12:26',0,28,NULL,NULL,NULL,NULL,NULL,NULL),(134,NULL,'15','ghj','8319587593','8319587562','fbn','gh@bh.vhj','Male',NULL,0,'2018-11-02 14:39:46','2018-11-02 14:39:46',0,23,NULL,NULL,NULL,NULL,NULL,NULL),(135,NULL,'16','ndnndn','5840018480','5840018480','ng xnn','ncnnf@znd.jxj','Female',NULL,0,'2018-11-02 14:41:20','2018-11-02 14:41:20',0,23,NULL,NULL,NULL,NULL,NULL,NULL),(136,14,'5050 2828 2883','Babu','7997999105','7997999105','tpt','babu@gmail.com','male','230759',1,'2018-11-02 14:42:04','2018-11-02 14:42:04',14,NULL,NULL,NULL,NULL,NULL,NULL,NULL),(137,NULL,'5050 2828 2884','prasanna','9702157805','9702157805','Hyderabad','prasanna@gmail.com','Female',NULL,0,'2018-11-02 15:02:20','2018-11-02 15:02:20',0,16,NULL,NULL,NULL,NULL,NULL,NULL),(138,14,'5050 2828 2885','raghu','8328579782','8328579782','Hyderabad','raghuram8328@gmail.com','male','781768',0,'2018-11-02 15:14:44','2018-11-02 15:14:44',14,NULL,NULL,NULL,NULL,NULL,NULL,NULL),(139,14,'5050 2828 2886','raghu','8309324028','8309324028','hyd','pushkar.avi@gmail.com','male','340424',1,'2018-11-02 17:58:11','2018-11-02 17:58:11',14,33,NULL,NULL,NULL,NULL,NULL,NULL),(140,NULL,'5050 2828 2887','Y.BABU','8099999946','8099999946','tpt','ybabu@gmail.com','Male',NULL,0,'2018-11-03 08:43:06','2018-11-03 08:43:06',0,34,NULL,NULL,NULL,NULL,NULL,NULL),(141,12,'5050 2828 2888','Gopal','9059077790','9059077790','hyd','gopal@gmail.com','male','777358',1,'2018-11-03 13:09:08','2018-11-03 13:09:08',12,35,NULL,NULL,NULL,NULL,NULL,NULL),(142,14,'505028282889','Balakrishna ','9603645434','9603645434','Tirupathi ','karnam.baleu@gmail.com','male','933898',1,'2018-11-04 18:03:41','2018-11-04 18:03:41',14,36,NULL,NULL,NULL,NULL,NULL,NULL),(151,NULL,'505028282890','raghu','8328757978','8328757978','Hyderabad','raghu@gmail.com','Male',NULL,1,'2018-11-05 17:55:13','2018-11-05 17:55:13',0,45,NULL,NULL,NULL,NULL,NULL,NULL),(152,NULL,'5050 2828 2891','raghu','9291622365','9291622365','Hyderabad','raghu@gmail.com','Male',NULL,1,'2018-11-05 18:01:44','2018-11-05 18:01:44',0,23,'pay_BIDoH68vXXi5q7','','','1','2500','2018-11-05 18:01:52'),(153,NULL,'5050 2828 2892','abc','8099999947','8099999947','Tirupati ','abc@hmail.com','Male',NULL,0,'2018-12-30 11:20:53','2018-12-30 11:20:53',0,54,NULL,NULL,NULL,NULL,NULL,NULL),(154,NULL,'505028282894','raghu','8330910191','8330910191','hyderabad','raghu2@gmail.com','Male',NULL,1,'2019-01-03 18:13:22','2019-01-03 18:13:22',0,7,'pay_BfZWhqsNwtIkwV','','','1','100','2019-01-03 18:13:45'),(155,NULL,'505028282896','hdh','9494964949','9494964949','bsbsb','ndbdbsb@bdn.bdnd','Male',NULL,1,'2019-01-03 18:17:52','2019-01-03 18:17:52',0,57,'pay_BfZbjNay4fZzY8','','','1','100','2019-01-03 18:18:28'),(156,NULL,'5050 2828 2897','jzjzj','9899594949','9899594949','ndnsn','nsb@ns.nzn','Male',NULL,1,'2019-01-03 18:24:40','2019-01-03 18:24:40',0,57,'pay_BfZipk3xo2uUdc','','','1','100','2019-01-03 18:25:01');

/*Table structure for table `seller_card_count` */

DROP TABLE IF EXISTS `seller_card_count`;

CREATE TABLE `seller_card_count` (
  `l_id` int(11) NOT NULL AUTO_INCREMENT,
  `s_id` int(11) DEFAULT NULL,
  `limit` varchar(250) DEFAULT NULL,
  `amount` varchar(250) DEFAULT NULL,
  `razorpay_payment_id` varchar(250) DEFAULT NULL,
  `razorpay_order_id` varchar(250) DEFAULT NULL,
  `razorpay_signature` varchar(250) DEFAULT NULL,
  `created_at` datetime DEFAULT NULL,
  `updated_at` datetime DEFAULT NULL,
  `created_by` int(11) DEFAULT NULL,
  PRIMARY KEY (`l_id`)
) ENGINE=InnoDB AUTO_INCREMENT=23 DEFAULT CHARSET=latin1;

/*Data for the table `seller_card_count` */

insert  into `seller_card_count`(`l_id`,`s_id`,`limit`,`amount`,`razorpay_payment_id`,`razorpay_order_id`,`razorpay_signature`,`created_at`,`updated_at`,`created_by`) values (1,2,'10',NULL,'ordrs_1234567','order_payment_1234567','vasudevareddy','2018-10-13 19:43:33','2018-10-13 19:43:33',2),(2,2,'10',NULL,'ordrs_1234567','order_payment_1234567','vasudevareddy','2018-10-14 13:12:15','2018-10-14 13:12:15',2),(3,2,'20','200','ordrs_1234567','order_payment_1234567','vasudevareddy','2018-11-01 11:24:15','2018-11-01 11:24:15',2),(4,12,'10000','100000','pay_BGX4vGYDfRl6Fm','','','2018-11-01 11:34:49','2018-11-01 11:34:49',12),(5,12,'1000','10000','pay_BGX5g0QxwAHqxW','','','2018-11-01 11:35:31','2018-11-01 11:35:31',12),(6,12,'1000','10000','pay_BGX72Nhr9FZKIC','','','2018-11-01 11:36:53','2018-11-01 11:36:53',12),(7,12,'1000','10000','pay_BGX7rKSs7G0Sdt','','','2018-11-01 11:37:35','2018-11-01 11:37:35',12),(8,12,'1000','10000','pay_BGX9M40IwE3dKg','','','2018-11-01 11:39:00','2018-11-01 11:39:00',12),(9,12,'1000','10000','pay_BGXDMu0NH2xoJi','','','2018-11-01 11:42:48','2018-11-01 11:42:48',12),(10,12,'1000','10000','pay_BGXKE4wy9CqS4i','','','2018-11-01 11:49:17','2018-11-01 11:49:17',12),(11,13,'1000','10000','pay_BGXooTDKhU06lh','','','2018-11-01 12:18:15','2018-11-01 12:18:15',13),(12,10,'5000','50000','pay_BGb0AnYujeYkHN','','','2018-11-01 15:25:06','2018-11-01 15:25:06',10),(13,11,'1000','10000','pay_BGb2hzNkf3oMwG','','','2018-11-01 15:27:31','2018-11-01 15:27:31',11),(14,10,'5000','50000','pay_BGbE4y2tSJPR5G','','','2018-11-01 15:38:15','2018-11-01 15:38:15',10),(15,13,'10000','100000','pay_BGdk26jhaxFZMT','','','2018-11-01 18:05:53','2018-11-01 18:05:53',13),(16,14,'5000','50000','pay_BGdsoaURDjvi9p','','','2018-11-01 18:14:12','2018-11-01 18:14:12',14),(17,12,'10','100','pay_BGdyvnCvnaT2H5','','','2018-11-01 18:19:59','2018-11-01 18:19:59',12),(18,10,'10','100','pay_BGe3cSFP82439K','','','2018-11-01 18:24:25','2018-11-01 18:24:25',10),(19,10,'10','100','pay_BGe5fTZQlhKHCz','','','2018-11-01 18:26:22','2018-11-01 18:26:22',10),(20,10,'10','100','pay_BGe5yMrUHqvUlq','','','2018-11-01 18:26:39','2018-11-01 18:26:39',10),(21,14,'10','100','pay_BGuqlPAxCyzdbg','','','2018-11-02 10:50:03','2018-11-02 10:50:03',14),(22,14,'10','100','pay_BGylyvviWGSh0x','','','2018-11-02 14:40:22','2018-11-02 14:40:22',14);

/*Table structure for table `specialist` */

DROP TABLE IF EXISTS `specialist`;

CREATE TABLE `specialist` (
  `s_id` int(11) NOT NULL AUTO_INCREMENT,
  `hos_id` int(11) DEFAULT NULL,
  `d_id` varchar(250) DEFAULT NULL,
  `specialist_name` varchar(250) DEFAULT NULL,
  `t_status` int(11) DEFAULT NULL,
  `t_create_at` datetime DEFAULT NULL,
  `t_updated_at` datetime DEFAULT NULL,
  `t_create_by` int(11) DEFAULT NULL,
  PRIMARY KEY (`s_id`)
) ENGINE=InnoDB AUTO_INCREMENT=161 DEFAULT CHARSET=latin1;

/*Data for the table `specialist` */

insert  into `specialist`(`s_id`,`hos_id`,`d_id`,`specialist_name`,`t_status`,`t_create_at`,`t_updated_at`,`t_create_by`) values (123,57,'119','dental',1,'2018-07-16 16:28:28',NULL,197),(124,61,'126','opthalmologist',1,'2018-07-18 17:05:17',NULL,206),(125,61,'124','oncologist',1,'2018-07-18 17:05:38',NULL,206),(126,60,'125','Paediatrician',1,'2018-07-18 17:05:52',NULL,205),(127,60,'127','Dermatologist',1,'2018-07-18 17:06:08',NULL,205),(129,58,'120','Cardiologist',1,'2018-07-18 17:08:39',NULL,203),(130,59,'123','Nephrologist',1,'2018-07-18 17:09:09',NULL,204),(131,58,'122','Neurologist',1,'2018-07-18 17:09:11',NULL,203),(132,58,'129','uro surgeon',1,'2018-07-20 14:05:51','2018-07-27 14:36:20',203),(133,58,'130','DENTAL',1,'2018-07-20 14:29:00',NULL,203),(134,59,'131','Uro surgeon',1,'2018-07-20 14:31:45',NULL,204),(135,60,'132','Uro Surgeon',1,'2018-07-20 14:32:03',NULL,205),(136,61,'133','Uro Surgeon',1,'2018-07-20 14:35:30',NULL,206),(137,61,'134','THYROID',1,'2018-07-27 15:38:33',NULL,206),(138,59,'121','THYROID',1,'2018-07-27 15:38:48',NULL,204),(139,58,'135','THYROID',1,'2018-07-27 15:39:40',NULL,203),(140,58,'135','THROAT',1,'2018-08-18 14:06:31',NULL,203),(141,65,'138','jack',1,'2018-09-05 12:41:13',NULL,229),(142,66,'139','CARDIOLOGIST',1,'2018-09-06 15:32:11',NULL,233),(144,66,'141','DENTIST',1,'2018-09-06 15:40:22','2018-09-06 15:42:23',233),(145,58,'128','cardiologist',1,'2018-09-21 15:16:50',NULL,203),(146,58,'137','Neurologist',1,'2018-09-21 15:17:09',NULL,203),(147,70,'142','Neurologist',1,'2018-10-16 10:10:33',NULL,248),(148,70,'143','Cardiologist',1,'2018-10-16 10:10:46',NULL,248),(149,70,'144','Throat',1,'2018-10-16 10:12:19',NULL,248),(150,NULL,'145','thyroid',1,'2018-10-22 09:40:05',NULL,NULL),(151,68,'146','throat',1,'2018-10-22 15:21:16',NULL,240),(152,59,'147','dentist',1,'2018-10-31 17:35:10',NULL,204),(153,74,'148','Paediatrician',1,'2018-11-16 13:03:31',NULL,259),(154,68,'149','Dentist',1,'2018-11-19 12:27:36',NULL,240),(156,58,'151','OPHTHAMOLOGIST',1,'2018-11-20 13:16:22',NULL,203),(157,78,'152','specilist one',1,'2018-11-29 20:24:26',NULL,270),(158,79,'153','sravan sugar',1,'2018-12-02 17:50:29',NULL,275),(159,80,'155','Pediatrician',1,'2019-01-17 10:51:10',NULL,295),(160,80,'155','Pediatric Pulmonology',1,'2019-01-17 15:23:39',NULL,295);

/*Table structure for table `team_chating` */

DROP TABLE IF EXISTS `team_chating`;

CREATE TABLE `team_chating` (
  `id` int(11) NOT NULL AUTO_INCREMENT,
  `user_id` int(11) DEFAULT NULL,
  `replay_user_id` int(11) DEFAULT NULL,
  `from` int(11) DEFAULT NULL,
  `comment` text,
  `image` varchar(250) DEFAULT NULL,
  `type` enum('Replay','Replayed') DEFAULT NULL,
  `create_at` datetime DEFAULT NULL,
  `updated_by` datetime DEFAULT NULL,
  PRIMARY KEY (`id`)
) ENGINE=InnoDB AUTO_INCREMENT=3 DEFAULT CHARSET=latin1;

/*Data for the table `team_chating` */

insert  into `team_chating`(`id`,`user_id`,`replay_user_id`,`from`,`comment`,`image`,`type`,`create_at`,`updated_by`) values (1,1,0,0,'hi','','Replay','2018-10-10 13:24:53','2018-10-10 13:24:53'),(2,1,2,2,'hello','','Replayed','2018-10-15 14:27:06','2018-10-15 14:27:06');

/*Table structure for table `treament` */

DROP TABLE IF EXISTS `treament`;

CREATE TABLE `treament` (
  `t_id` int(11) NOT NULL AUTO_INCREMENT,
  `hos_id` int(11) DEFAULT NULL,
  `t_name` varchar(250) DEFAULT NULL,
  `t_status` int(11) DEFAULT NULL,
  `t_create_at` datetime DEFAULT NULL,
  `t_updated_at` datetime DEFAULT NULL,
  `t_create_by` int(11) DEFAULT NULL,
  PRIMARY KEY (`t_id`)
) ENGINE=InnoDB AUTO_INCREMENT=157 DEFAULT CHARSET=latin1;

/*Data for the table `treament` */

insert  into `treament`(`t_id`,`hos_id`,`t_name`,`t_status`,`t_create_at`,`t_updated_at`,`t_create_by`) values (119,57,'dentist',1,'2018-07-16 16:28:13',NULL,197),(120,58,'Cardiology',2,'2018-07-18 16:53:46','2018-07-20 14:03:35',203),(121,59,'ENT',1,'2018-07-18 16:54:00',NULL,204),(122,58,'Neurology',2,'2018-07-18 16:54:14','2018-09-10 14:22:49',203),(123,59,'Nephrology',1,'2018-07-18 16:54:32',NULL,204),(124,61,'oncology',1,'2018-07-18 17:03:42',NULL,206),(125,60,'Paediatrics',1,'2018-07-18 17:03:49',NULL,205),(126,61,'opthalmology',1,'2018-07-18 17:03:58',NULL,206),(127,60,'Dermatology',1,'2018-07-18 17:04:17',NULL,205),(128,58,'CARDIOLGY',1,'2018-07-20 12:54:04',NULL,203),(129,58,'UROLOGY',1,'2018-07-20 14:04:38',NULL,203),(130,58,'DENTAL',1,'2018-07-20 14:27:20',NULL,203),(131,59,'Urology',1,'2018-07-20 14:31:23',NULL,204),(132,60,'Urology',1,'2018-07-20 14:31:42',NULL,205),(133,61,'Urology',1,'2018-07-20 14:35:07',NULL,206),(134,61,'ENT',1,'2018-07-27 15:30:44',NULL,206),(135,58,'ENT',1,'2018-07-27 15:39:19',NULL,203),(136,63,'Ortho',2,'2018-08-18 12:57:19','2018-08-18 12:57:44',225),(137,58,'NUROLOGY',1,'2018-08-18 14:06:49',NULL,203),(138,65,'icu',1,'2018-09-05 12:39:50',NULL,229),(139,66,'CARDIOLOGY',1,'2018-09-06 14:43:19',NULL,233),(140,66,'NEUROLOGY',2,'2018-09-06 14:45:03','2018-09-06 14:50:57',233),(141,66,'DENTAL',1,'2018-09-06 14:45:14','2018-09-06 15:44:32',233),(142,70,'Neurolgy',1,'2018-10-16 10:09:49',NULL,248),(143,70,'Cardiology',1,'2018-10-16 10:10:04',NULL,248),(144,70,'ENT',1,'2018-10-16 10:10:17',NULL,248),(145,NULL,'ENT',1,'2018-10-22 09:39:52',NULL,NULL),(146,68,'ent',1,'2018-10-22 15:20:56','2018-11-19 10:48:15',240),(147,59,'dental',1,'2018-10-31 17:34:51',NULL,204),(148,74,'Paediatrics',1,'2018-11-16 13:03:13',NULL,259),(149,68,'Dental',1,'2018-11-19 12:27:17',NULL,240),(150,58,'PAEDIATRICS',0,'2018-11-20 12:28:12','2018-11-20 12:48:59',203),(151,58,'OPHTHAMOLOGY',1,'2018-11-20 13:15:08','2018-11-20 13:15:47',203),(152,78,'dep1',1,'2018-11-29 20:24:10',NULL,270),(153,79,'sravan dep 1',1,'2018-12-02 17:50:08',NULL,275),(154,58,'cardiac',1,'2019-01-02 15:58:10',NULL,203),(155,80,'Paediatrics',1,'2019-01-15 20:10:11','2019-01-17 14:09:59',295),(156,81,'testing',1,'2019-01-18 21:42:26',NULL,302);

/*Table structure for table `treatmentwise_doctors` */

DROP TABLE IF EXISTS `treatmentwise_doctors`;

CREATE TABLE `treatmentwise_doctors` (
  `t_d_id` int(11) NOT NULL AUTO_INCREMENT,
  `hos_id` int(11) DEFAULT NULL,
  `s_id` int(11) DEFAULT NULL,
  `t_d_doc_id` int(11) DEFAULT NULL,
  `t_d_name` varchar(250) DEFAULT NULL,
  `t_d_status` int(11) DEFAULT NULL,
  `t_d_create_at` datetime DEFAULT NULL,
  `t_d_updated_at` datetime DEFAULT NULL,
  `t_d_create_by` int(11) DEFAULT NULL,
  PRIMARY KEY (`t_d_id`)
) ENGINE=InnoDB AUTO_INCREMENT=168 DEFAULT CHARSET=latin1;

/*Data for the table `treatmentwise_doctors` */

insert  into `treatmentwise_doctors`(`t_d_id`,`hos_id`,`s_id`,`t_d_doc_id`,`t_d_name`,`t_d_status`,`t_d_create_at`,`t_d_updated_at`,`t_d_create_by`) values (127,57,123,198,'119',1,'2018-07-16 16:28:44','2018-07-16 16:28:44',197),(128,60,126,212,'125',1,'2018-07-18 17:06:34','2018-07-18 17:06:34',205),(129,60,127,214,'127',1,'2018-07-18 17:06:50','2018-07-18 17:06:50',205),(130,61,125,211,'124',1,'2018-07-18 17:06:50','2018-07-18 17:06:50',206),(131,61,124,213,'126',1,'2018-07-18 17:07:14','2018-07-18 17:07:14',206),(132,59,128,208,'121',2,'2018-07-18 17:09:30','2018-11-01 16:07:18',204),(133,58,129,207,'120',1,'2018-07-18 17:09:31','2018-07-18 17:09:31',203),(134,59,130,210,'123',1,'2018-07-18 17:09:39','2018-07-18 17:09:39',204),(135,58,131,209,'122',1,'2018-07-18 17:09:41','2018-07-18 17:09:41',203),(136,58,132,207,'129',1,'2018-07-20 14:09:51','2018-07-20 14:09:51',203),(137,59,134,210,'131',1,'2018-07-23 16:38:53','2018-07-23 16:38:53',204),(138,60,135,214,'132',1,'2018-08-18 11:39:51','2018-08-18 11:39:51',205),(139,65,141,232,'138',1,'2018-09-05 12:41:41','2018-09-05 12:41:41',229),(140,66,142,236,'139',2,'2018-09-06 15:48:21','2018-09-06 16:16:16',233),(141,66,142,236,'139',1,'2018-09-06 16:19:20','2018-09-06 16:21:01',233),(142,58,145,209,'128',1,'2018-09-21 15:17:24','2018-09-21 15:17:24',203),(143,58,146,209,'137',1,'2018-09-21 15:17:44','2018-09-21 15:17:44',203),(144,58,133,207,'130',1,'2018-10-08 14:53:32','2018-10-08 14:53:32',203),(145,70,147,252,'142',1,'2018-10-16 10:54:16','2018-10-16 10:54:16',248),(146,70,148,252,'143',1,'2018-10-16 10:54:28','2018-10-16 10:54:28',248),(147,NULL,150,253,'145',1,'2018-10-22 09:40:20','2018-10-22 09:40:20',NULL),(148,68,151,254,'146',1,'2018-10-22 15:22:23','2018-10-22 15:22:23',240),(149,59,152,208,'147',1,'2018-10-31 17:35:34','2018-10-31 17:35:34',204),(150,59,138,208,'121',1,'2018-11-01 16:07:10','2018-11-01 16:07:10',204),(151,74,153,261,'148',1,'2018-11-16 13:06:54','2018-11-16 13:06:54',259),(152,68,151,254,'146',1,'2018-11-19 12:24:20','2018-11-19 12:24:20',240),(153,68,151,254,'146',1,'2018-11-19 12:24:55','2018-11-19 12:24:55',240),(154,58,155,209,'150',2,'2018-11-20 12:28:42','2018-11-20 12:42:44',203),(155,58,156,264,'151',2,'2018-11-20 13:16:34','2018-11-20 13:23:03',203),(156,58,156,265,'151',2,'2018-11-20 13:23:15','2018-11-20 13:26:19',203),(157,58,156,266,'151',1,'2018-11-20 13:26:30','2018-11-20 13:26:30',203),(158,58,156,269,'151',1,'2018-11-29 12:43:44','2018-11-29 12:43:44',203),(159,78,157,274,'152',1,'2018-11-29 20:24:38','2018-11-29 20:24:38',270),(160,79,158,280,'153',1,'2018-12-02 17:50:44','2018-12-02 17:50:44',275),(161,80,NULL,299,'155',2,'2019-01-17 11:03:50','2019-01-17 11:47:10',295),(162,80,NULL,299,'155',2,'2019-01-17 11:16:04','2019-01-17 11:47:04',295),(163,80,159,299,'155',2,'2019-01-17 11:46:56','2019-01-18 13:53:55',295),(164,80,159,299,'155',2,'2019-01-17 14:48:27','2019-01-18 13:54:05',295),(165,80,159,299,'155',2,'2019-01-17 14:48:39','2019-01-18 13:54:11',295),(166,80,159,299,'155',1,'2019-01-17 15:23:48','2019-01-17 15:23:48',295),(167,81,NULL,304,'156',1,'2019-01-18 21:42:36','2019-01-18 21:42:36',302);

/*Table structure for table `vital_comments` */

DROP TABLE IF EXISTS `vital_comments`;

CREATE TABLE `vital_comments` (
  `id` int(11) NOT NULL AUTO_INCREMENT,
  `p_id` int(11) DEFAULT NULL,
  `b_id` int(11) DEFAULT NULL,
  `comments` varchar(250) DEFAULT NULL,
  `created_at` datetime DEFAULT NULL,
  `create_by` int(11) DEFAULT NULL,
  PRIMARY KEY (`id`)
) ENGINE=InnoDB AUTO_INCREMENT=4 DEFAULT CHARSET=latin1;

/*Data for the table `vital_comments` */

insert  into `vital_comments`(`id`,`p_id`,`b_id`,`comments`,`created_at`,`create_by`) values (1,144,243,'fre','2018-09-10 10:53:50',209),(2,147,267,'test','2018-10-13 12:16:23',209),(3,148,271,'test','2018-11-19 18:16:02',209);

/*Table structure for table `wallet_amount` */

DROP TABLE IF EXISTS `wallet_amount`;

CREATE TABLE `wallet_amount` (
  `w_a_id` int(11) NOT NULL AUTO_INCREMENT,
  `wallet_amount` varchar(250) DEFAULT NULL,
  `status` int(11) DEFAULT '0',
  `created_at` timestamp NOT NULL DEFAULT CURRENT_TIMESTAMP ON UPDATE CURRENT_TIMESTAMP,
  `updated_at` timestamp NOT NULL DEFAULT CURRENT_TIMESTAMP,
  `created_by` int(11) DEFAULT NULL,
  PRIMARY KEY (`w_a_id`)
) ENGINE=InnoDB AUTO_INCREMENT=5 DEFAULT CHARSET=latin1;

/*Data for the table `wallet_amount` */

insert  into `wallet_amount`(`w_a_id`,`wallet_amount`,`status`,`created_at`,`updated_at`,`created_by`) values (1,'4500',0,'2018-12-31 16:26:39','2018-12-31 16:26:39',1),(2,'8200',0,'2019-01-01 23:39:54','2019-01-02 12:09:54',1),(3,'5000',1,'2019-01-01 23:40:04','2019-01-02 12:10:04',1),(4,'3000',0,'2019-01-02 12:38:56','2019-01-02 12:38:56',1);

/*Table structure for table `wallet_amount_percentage` */

DROP TABLE IF EXISTS `wallet_amount_percentage`;

CREATE TABLE `wallet_amount_percentage` (
  `w_id` int(11) NOT NULL AUTO_INCREMENT,
  `hospital_id` int(11) DEFAULT NULL,
  `wallet_amount` varchar(250) DEFAULT NULL,
  `ip_amount_percentage` varchar(250) DEFAULT '0',
  `op_amount_percentage` varchar(250) DEFAULT '0',
  `lab_amount_percentage` varchar(250) DEFAULT '0',
  `status` int(11) DEFAULT '0',
  `created_at` timestamp NOT NULL DEFAULT CURRENT_TIMESTAMP ON UPDATE CURRENT_TIMESTAMP,
  `updated_at` timestamp NOT NULL DEFAULT CURRENT_TIMESTAMP,
  `created_by` int(11) DEFAULT NULL,
  PRIMARY KEY (`w_id`)
) ENGINE=InnoDB AUTO_INCREMENT=10 DEFAULT CHARSET=latin1;

/*Data for the table `wallet_amount_percentage` */

insert  into `wallet_amount_percentage`(`w_id`,`hospital_id`,`wallet_amount`,`ip_amount_percentage`,`op_amount_percentage`,`lab_amount_percentage`,`status`,`created_at`,`updated_at`,`created_by`) values (5,57,'5000','10','12','13',1,'2019-01-02 00:11:06','2019-01-02 12:41:06',1),(6,58,'5000','10','12','10',0,'2018-12-31 16:05:37','2018-12-31 16:05:37',1),(7,58,'10000','09','18','14',0,'2019-01-02 00:07:47','2019-01-02 12:37:47',1),(8,58,'5000','20','10','15',1,'2019-01-03 04:15:41','2019-01-03 16:45:41',1),(9,70,'5000','15','8','10',1,'2019-01-02 00:10:18','2019-01-02 12:40:18',1);

/*Table structure for table `ward_floors` */

DROP TABLE IF EXISTS `ward_floors`;

CREATE TABLE `ward_floors` (
  `w_f_id` int(11) NOT NULL AUTO_INCREMENT,
  `hos_id` int(11) DEFAULT NULL,
  `w_r_type_id` int(11) DEFAULT NULL,
  `ward_floor` varchar(250) DEFAULT NULL,
  `status` int(11) DEFAULT '1',
  `create_at` datetime DEFAULT NULL,
  `updated_at` datetime DEFAULT NULL,
  `created_by` int(11) DEFAULT NULL,
  PRIMARY KEY (`w_f_id`)
) ENGINE=InnoDB AUTO_INCREMENT=3 DEFAULT CHARSET=latin1;

/*Data for the table `ward_floors` */

insert  into `ward_floors`(`w_f_id`,`hos_id`,`w_r_type_id`,`ward_floor`,`status`,`create_at`,`updated_at`,`created_by`) values (1,58,1,'1',1,'2018-12-13 14:29:17',NULL,203),(2,58,2,'3',1,'2019-01-10 14:22:04',NULL,203);

/*Table structure for table `ward_name` */

DROP TABLE IF EXISTS `ward_name`;

CREATE TABLE `ward_name` (
  `w_id` int(11) NOT NULL AUTO_INCREMENT,
  `hos_id` int(11) DEFAULT NULL,
  `ward_name` varchar(250) DEFAULT NULL,
  `status` int(11) DEFAULT '1',
  `create_at` datetime DEFAULT NULL,
  `updated_at` datetime DEFAULT NULL,
  `created_by` int(11) DEFAULT NULL,
  PRIMARY KEY (`w_id`)
) ENGINE=InnoDB AUTO_INCREMENT=3 DEFAULT CHARSET=latin1;

/*Data for the table `ward_name` */

insert  into `ward_name`(`w_id`,`hos_id`,`ward_name`,`status`,`create_at`,`updated_at`,`created_by`) values (1,58,'ward1',1,'2018-09-05 13:18:49',NULL,203),(2,66,'patient',1,'2018-09-21 16:44:57',NULL,233);

/*Table structure for table `ward_room_beds` */

DROP TABLE IF EXISTS `ward_room_beds`;

CREATE TABLE `ward_room_beds` (
  `r_b_id` int(11) NOT NULL AUTO_INCREMENT,
  `hos_id` int(11) DEFAULT NULL,
  `w_r_n_id` int(11) DEFAULT NULL,
  `bed` varchar(250) DEFAULT NULL,
  `status` int(11) DEFAULT '1',
  `create_at` datetime DEFAULT NULL,
  `created_by` int(11) DEFAULT NULL,
  `updated_at` datetime DEFAULT NULL,
  PRIMARY KEY (`r_b_id`)
) ENGINE=InnoDB AUTO_INCREMENT=36 DEFAULT CHARSET=latin1;

/*Data for the table `ward_room_beds` */

insert  into `ward_room_beds`(`r_b_id`,`hos_id`,`w_r_n_id`,`bed`,`status`,`create_at`,`created_by`,`updated_at`) values (1,58,1,'1',1,'2018-12-13 14:29:40',203,NULL),(2,58,1,'2',1,'2018-12-13 14:29:40',203,NULL),(3,58,1,'3',1,'2018-12-13 14:29:40',203,NULL),(4,58,1,'4',1,'2018-12-13 14:29:40',203,NULL),(5,58,1,'5',1,'2018-12-13 14:29:40',203,NULL),(6,58,1,'6',1,'2018-12-13 14:29:40',203,NULL),(7,58,1,'7',1,'2018-12-13 14:29:40',203,NULL),(8,58,1,'8',1,'2018-12-13 14:29:40',203,NULL),(9,58,1,'9',1,'2018-12-13 14:29:40',203,NULL),(10,58,1,'10',1,'2018-12-13 14:29:40',203,NULL),(11,58,1,'11',1,'2018-12-13 14:29:40',203,NULL),(12,58,1,'12',1,'2018-12-13 14:29:40',203,NULL),(13,58,1,'13',1,'2018-12-13 14:29:40',203,NULL),(14,58,1,'14',1,'2018-12-13 14:29:40',203,NULL),(15,58,1,'15',1,'2018-12-13 14:29:40',203,NULL),(16,58,1,'16',1,'2018-12-13 14:29:40',203,NULL),(17,58,1,'17',1,'2018-12-13 14:29:40',203,NULL),(18,58,1,'18',1,'2018-12-13 14:29:40',203,NULL),(19,58,1,'19',1,'2018-12-13 14:29:40',203,NULL),(20,58,1,'20',1,'2018-12-13 14:29:40',203,NULL),(21,58,1,'21',1,'2018-12-13 14:29:40',203,NULL),(22,58,1,'22',1,'2018-12-13 14:29:40',203,NULL),(23,58,1,'23',1,'2018-12-13 14:29:40',203,NULL),(24,58,1,'24',1,'2018-12-13 14:29:40',203,NULL),(25,58,1,'25',1,'2018-12-13 14:29:40',203,NULL),(26,58,2,'1',1,'2019-01-10 14:22:23',203,NULL),(27,58,2,'2',1,'2019-01-10 14:22:23',203,NULL),(28,58,2,'3',1,'2019-01-10 14:22:23',203,NULL),(29,58,2,'4',1,'2019-01-10 14:22:23',203,NULL),(30,58,2,'5',1,'2019-01-10 14:22:23',203,NULL),(31,58,2,'6',1,'2019-01-10 14:22:23',203,NULL),(32,58,2,'7',1,'2019-01-10 14:22:23',203,NULL),(33,58,2,'8',1,'2019-01-10 14:22:23',203,NULL),(34,58,2,'9',1,'2019-01-10 14:22:23',203,NULL),(35,58,2,'10',1,'2019-01-10 14:22:23',203,NULL);

/*Table structure for table `ward_room_number` */

DROP TABLE IF EXISTS `ward_room_number`;

CREATE TABLE `ward_room_number` (
  `w_r_n_id` int(11) NOT NULL AUTO_INCREMENT,
  `hos_id` int(11) DEFAULT NULL,
  `f_id` int(11) DEFAULT NULL,
  `room_num` varchar(250) DEFAULT NULL,
  `bed_count` varchar(250) DEFAULT NULL,
  `status` int(11) DEFAULT '1',
  `create_at` datetime DEFAULT NULL,
  `updated_at` datetime DEFAULT NULL,
  `created_by` int(11) DEFAULT NULL,
  PRIMARY KEY (`w_r_n_id`)
) ENGINE=InnoDB AUTO_INCREMENT=3 DEFAULT CHARSET=latin1;

/*Data for the table `ward_room_number` */

insert  into `ward_room_number`(`w_r_n_id`,`hos_id`,`f_id`,`room_num`,`bed_count`,`status`,`create_at`,`updated_at`,`created_by`) values (1,58,1,'12','25',1,'2018-12-13 14:29:40',NULL,203),(2,58,2,'13','10',1,'2019-01-10 14:22:23',NULL,203);

/*Table structure for table `ward_room_type` */

DROP TABLE IF EXISTS `ward_room_type`;

CREATE TABLE `ward_room_type` (
  `w_r_t_id` int(11) NOT NULL AUTO_INCREMENT,
  `hos_id` int(11) DEFAULT NULL,
  `w_type_id` int(11) DEFAULT NULL,
  `room_type` varchar(250) DEFAULT NULL,
  `status` int(11) DEFAULT '1',
  `create_at` datetime DEFAULT NULL,
  `updated_at` datetime DEFAULT NULL,
  `created_by` int(11) DEFAULT NULL,
  PRIMARY KEY (`w_r_t_id`)
) ENGINE=InnoDB AUTO_INCREMENT=3 DEFAULT CHARSET=latin1;

/*Data for the table `ward_room_type` */

insert  into `ward_room_type`(`w_r_t_id`,`hos_id`,`w_type_id`,`room_type`,`status`,`create_at`,`updated_at`,`created_by`) values (1,58,2,'genaral',1,'2018-12-13 14:28:58',NULL,203),(2,58,2,'normal non',1,'2019-01-10 14:21:50',NULL,203);

/*Table structure for table `ward_type` */

DROP TABLE IF EXISTS `ward_type`;

CREATE TABLE `ward_type` (
  `ward_id` int(11) NOT NULL AUTO_INCREMENT,
  `hos_id` int(11) DEFAULT NULL,
  `wid` int(11) DEFAULT NULL,
  `ward_type` varchar(250) DEFAULT NULL,
  `status` int(11) DEFAULT '1',
  `create_at` datetime DEFAULT NULL,
  `updated_at` datetime DEFAULT NULL,
  `created_by` int(11) DEFAULT NULL,
  PRIMARY KEY (`ward_id`)
) ENGINE=InnoDB AUTO_INCREMENT=3 DEFAULT CHARSET=latin1;

/*Data for the table `ward_type` */

insert  into `ward_type`(`ward_id`,`hos_id`,`wid`,`ward_type`,`status`,`create_at`,`updated_at`,`created_by`) values (1,66,2,'type1',1,'2018-09-21 16:45:10',NULL,233),(2,58,1,'ac',1,'2018-12-13 14:28:40',NULL,203);

/*!40101 SET SQL_MODE=@OLD_SQL_MODE */;
/*!40014 SET FOREIGN_KEY_CHECKS=@OLD_FOREIGN_KEY_CHECKS */;
/*!40014 SET UNIQUE_CHECKS=@OLD_UNIQUE_CHECKS */;
/*!40111 SET SQL_NOTES=@OLD_SQL_NOTES */;
